journal,year,title,abstract,doi,relevance_score
qje,2019,The Effect of Minimum Wages on Low-Wage Jobs*,"Abstract We estimate the effect of minimum wages on low-wage jobs using 138 prominent state-level minimum wage changes between 1979 and 2016 in the United States using a difference-in-differences approach. We first estimate the effect of the minimum wage increase on employment changes by wage bins throughout the hourly wage distribution. We then focus on the bottom part of the wage distribution and compare the number of excess jobs paying at or slightly above the new minimum wage to the missing jobs paying below it to infer the employment effect. We find that the overall number of low-wage jobs remained essentially unchanged over the five years following the increase. At the same time, the direct effect of the minimum wage on average earnings was amplified by modest wage spillovers at the bottom of the wage distribution. Our estimates by detailed demographic groups show that the lack of job loss is not explained by labor-labor substitution at the bottom of the wage distribution. We also find no evidence of disemployment when we consider higher levels of minimum wages. However, we do find some evidence of reduced employment in tradeable sectors. We also show how decomposing the overall employment effect by wage bins allows a transparent way of assessing the plausibility of estimates.",https://doi.org/10.1093/qje/qjz014,1659.7655
qje,2021,Reallocation Effects of the Minimum Wage,"Abstract We investigate the wage, employment, and reallocation effects of the introduction of a nationwide minimum wage in Germany that affected 15% of all employees. Based on identification designs that exploit variation in exposure across individuals and local areas, we find that the minimum wage raised wages but did not lower employment. It also led to the reallocation of low-wage workers from smaller to larger, from lower- to higher-paying, and from less to more productive establishments. This worker upgrading accounts for up to 17% of the wage increase induced by the minimum wage. Moreover, at the regional level, average establishment quality increased in more affected areas in the years following the introduction of the minimum wage.",https://doi.org/10.1093/qje/qjab028,522.94073
aer,2019,Who Pays for the Minimum Wage?,"This paper provides a comprehensive assessment of the margins along which firms responded to a large and persistent minimum wage increase in Hungary. We show that employment elasticities are negative but small even four years after the reform; that around 75 percent of the minimum wage increase was paid by consumers and 25 percent by firm owners; that firms responded to the minimum wage by substituting labor with capital; and that disemployment effects were greater in industries where passing the wage costs to consumers is more difficult. We estimate a model with monopolistic competition to explain these findings. (JEL J23, J24, J31, J38, L13)",https://doi.org/10.1257/aer.20171445,520.8919
jep,2021,The Elusive Employment Effect of the Minimum Wage,"It is hard to find a negative effect on the employment effect of rises in the minimum wage: the elusive employment effect. It is much easier to find an impact on wages. This paper argues the elusive employment effect is unlikely to be solved by better data, methodology, or specification. The reasons for the elusive employment effect are the factors contributing to why the link between higher minimum wages and higher labor costs are weaker than one might think and because imperfect competition is pervasive in the labor market.",https://doi.org/10.1257/jep.35.1.3,485.33655
qje,2020,Minimum Wages and Racial Inequality*,"Abstract The earnings difference between white and black workers fell dramatically in the United States in the late 1960s and early 1970s. This article shows that the expansion of the minimum wage played a critical role in this decline. The 1966 Fair Labor Standards Act extended federal minimum wage coverage to agriculture, restaurants, nursing homes, and other services that were previously uncovered and where nearly a third of black workers were employed. We digitize over 1,000 hourly wage distributions from Bureau of Labor Statistics industry wage reports and use CPS microdata to investigate the effects of this reform on wages, employment, and racial inequality. Using a cross-industry difference-in-differences design, we show that earnings rose sharply for workers in the newly covered industries. The impact was nearly twice as large for black workers as for white workers. Within treated industries, the racial gap adjusted for observables fell from 25 log points prereform to 0 afterward. We can rule out significant disemployment effects for black workers. Using a bunching design, we find no aggregate effect of the reform on employment. The 1967 extension of the minimum wage can explain more than 20% of the reduction in the racial earnings and income gap during the civil rights era. Our findings shed new light on the dynamics of labor market inequality in the United States and suggest that minimum wage policy can play a critical role in reducing racial economic disparities.",https://doi.org/10.1093/qje/qjaa031,449.00067
aeja,2019,Minimum Wages and the Distribution of Family Incomes,"There is robust evidence that higher minimum wages increase family incomes at the bottom of the distribution. The long-run (3 or more years) minimum wage elasticity of the non-elderly poverty rate with respect to the minimum wage ranges between −0.220 and −0.459 across alternative specifications. The long-run minimum wage elasticities for the tenth and fifteenth unconditional quantiles of family income range between 0.152 and 0.430 depending on specification. A reduction in public assistance partly offsets these income gains, which are on average 66 percent as large when using an expanded income definition including tax credits and noncash transfers. (JEL D31, I32, I38, J31, J38)",https://doi.org/10.1257/app.20170085,428.39725
ir,2022,Myth or measurement: What does the new minimum wage research say about minimum wages and job loss in the United States?,"Abstract The disagreement among studies on the employment effects of minimum wages in the United States is well known. Less well known, and more puzzling, is the absence of agreement on what the research literature says—that is, how economists summarize the body of evidence on the employment effects of minimum wages. Summaries range from “it is now well established that higher minimum wages do not reduce employment,” to “the evidence is very mixed with effects centered on zero so there is no basis for a strong conclusion one way or the other,” to “most evidence points to adverse employment effects.” We explore the question of what conclusions can be drawn from the literature, focusing on the evidence using subnational minimum wage variation within the United States that has dominated the research landscape since the early 1990s. To accomplish this, we assembled the entire set of published studies in this literature and identified the core estimates that support the conclusions from each study, in most cases relying on responses from the researchers who wrote these papers. Our key conclusions are as follows: (i) there is a clear preponderance of negative estimates in the literature; (ii) this evidence is stronger for teens and young adults and the less educated; (iii) the evidence from studies of directly affected workers points even more strongly to negative employment effects; and (iv) the evidence from studies of low‐wage industries is less one‐sided.",https://doi.org/10.1111/irel.12306,415.52573
aer,2022,Earnings Inequality and the Minimum Wage: Evidence from Brazil,"Increases in the minimum wage can substantially reduce earnings inequality. To demonstrate this, we combine administrative and survey data with an equilibrium model of the Brazilian labor market. We find that a 128 percent increase in the real minimum wage in Brazil between 1996 and 2018 had far-reaching spillover effects on wages higher up in the distribution. The increased minimum wage accounts for 45 percent of a large fall in earnings inequality over this period. At the same time, the effects of the minimum wage on employment and output are muted by reallocation of workers toward more productive firms.. (JEL D31, E23, E24, J31, J38, O15)",https://doi.org/10.1257/aer.20181506,356.96564
jep,2021,How Do Firms Respond to Minimum Wage Increases? Understanding the Relevance of Non-Employment Margins,"This paper discusses non-employment margins through which firms may respond to minimum wage increases. Margins of interest include evasion, output prices, noncash compensation, job attributes including effort requirements, the firm’s mix of low- and high-skilled labor, and the firm’s mix of labor and capital. I discuss the basic theory behind each margin’s potential importance as well as findings from empirical research on their real-world relevance. Additionally, I present a set of pedagogical diagrams that show how supply and demand analyses of labor markets can be extended to bring additional nuances of real-world markets into the classroom.",https://doi.org/10.1257/jep.35.1.51,307.85648
restat,2020,The Pass-Through of Minimum Wages into U.S. Retail Prices: Evidence from Supermarket Scanner Data,"Abstract This paper estimates the pass-through of minimum wage increases into the prices of U.S. grocery and drug stores. We use high-frequency scanner data and leverage a large number of state-level increases in minimum wages between 2001 and 2012. We find that a 10% minimum wage hike translates into a 0.36% increase in the prices of grocery products. This magnitude is consistent with a full pass-through of cost increases into consumer prices. We show that price adjustments occur mostly in the three months following the passage of minimum wage legislation rather than after implementation, suggesting that pricing of groceries is forward-looking.",https://doi.org/10.1162/rest_a_00981,307.33762
jep,2021,City Limits: What Do Local-Area Minimum Wages Do?,"Cities are increasingly setting their own minimum wages, and this trend has accelerated sharply in recent years. While in 2010 there were only three cities with their own minimum wages exceeding the state or federal standard, by 2020 there were 42. This new phenomenon raises the question: is it desirable to have city-level variation in minimum wage polices? We discuss the main trade-offs emerging from local variation in minimum wage polices and evaluate their empirical relevance. First, we document what type of cities raise minimum wages, and we discuss how these characteristics can potentially impact the effectiveness of city-level minimum wage policies. Second, we summarize the evolving evidence on city-level minimum wage changes and provide some new evidence of our own. Early evidence suggests that the impact of the policy on wages and employment to date has been broadly similar to the evidence on state- and federal-level minimum wage changes. Overall, city-level minimum wages seem to be able to tailor the policy to the local economic environment without imposing substantial distortions in allocation of labor and businesses across locations.",https://doi.org/10.1257/jep.35.1.27,291.46036
restud,2019,Firm Response to Competitive Shocks: Evidence from China’s Minimum Wage Policy,"Abstract The large regional variation in minimum wage levels during the period 2002–8 in China implies that Chinese manufacturing firms experienced competitive shocks as a function of firm location and their low-wage employment share. We find that minimum wage hikes accelerate the input substitution from labour to capital, reduce employment growth and accelerate total factor productivity growth—particularly among the less productive firms under private Chinese or foreign ownership, but not among state-owned enterprises. The heterogeneous firm response to labour cost shocks can be explained by differences in management practices and suggests that management quality and competitive pressure are complementary.",https://doi.org/10.1093/restud/rdz058,286.32547
jpam,2019,Effects of the Minimum Wage on Infant Health,"Abstract The minimum wage has increased in multiple states over the past three decades and it continues to be a controversial policy. Most prior research has examined the effect of the minimum wage on employment and wages. In this study, we examine the impact of the state minimum wage on infant health. Using data on the universe of births in the U.S. over 24 years, we find that an increase in the minimum wage is associated with a small, but statistically significant increase in birthweight driven primarily by increased fetal growth rate. Effects are largest for young, married mothers. In terms of mechanisms, we find no evidence that prenatal care use and smoking during pregnancy are channels through which minimum wage improves infant health.",https://doi.org/10.1002/pam.22174,286.27396
restat,2019,Do Lower Minimum Wages for Young Workers Raise Their Employment? Evidence from a Danish Discontinuity,"We estimate the impact of youth minimum wages on youth employment by exploiting a large discontinuity in Danish minimum wage rules at age 18, using monthly payroll records for the Danish population. The hourly wage jumps by 40% at the discontinuity. Employment falls by 33%, and total input of hours decreases by 45%, leaving the aggregate wage payment almost unchanged. We show theoretically how the discontinuity may be exploited to evaluate policy changes. The relevant elasticity for evaluating the effect on youth employment of changes in their minimum wage is in the range 0.6 to 1.1.",https://doi.org/10.1162/rest_a_00825,274.0887
jole,2020,Dropouts Need Not Apply? The Minimum Wage and Skill Upgrading,"We explore whether minimum wage increases result in substitution from lower-skilled to slightly higher-skilled labor. Using 2011–16 American Community Survey (ACS) data, we show that workers employed in low-wage occupations are older and more likely to have a high school diploma following recent statutory minimum wage increases. To better understand the role of firms, we examine the Burning Glass vacancy data. We find increases in a high school diploma requirement following minimum wage hikes, consistent with our ACS evidence on stocks of employed workers. We see substantial adjustments to requirements both within and across firms.",https://doi.org/10.1086/711490,273.11423
labour,2019,15 Years of Research on US Employment and the Minimum Wage,"Abstract Statistical analysis of the minimum wage and employment has been very active for the last quarter century, including more than 37 studies of US data since the December 2000 AER exchange involving Card, Krueger, Neumark and Wascher. In this meta‐analysis of the 37 that report results suitable for this technique, the most important finding is a considerable shift toward the origin in the ‘consensus range’: from the interval [−0.3, −0.1] to [−0.13, −0.07]. The minimum wage has negative employment effects, but these have become notably smaller and are largely localized to teenagers.",https://doi.org/10.1111/labr.12162,264.87604
aejp,2022,Minimum-Wage Increases and Low-Wage Employment: Evidence from Seattle,"Seattle raised its minimum wage to as much as $11 in 2015 and as much as $13 in 2016. We use Washington State administrative data to conduct two complementary analyses of its impact. Relative to outlying regions of the state identified by the synthetic control method, aggregate employment at wages less than twice the original minimum—measured by total hours worked—declined. A portion of this reduction reflects jobs transitioning to wages above the threshold; the aggregate analysis likely overstates employment effects. Longitudinal analysis of individual Seattle workers matched to counterparts in outlying regions reveals no change in the probability of continued employment but significant reductions in hours, particularly for less experienced workers. Job turnover declined, as did hiring of new workers into low-wage jobs. Analyses suggest aggregate employment elasticities in the range of —0.2 to —2.0, concentrated on the intensive margin in the short run and largest among inexperienced workers. (JEL J22, J23, J24, J31, J38, R23)",https://doi.org/10.1257/pol.20180578,252.59561
jole,2022,Wage Inequality in Germany after the Minimum Wage Introduction,"Monthly wage inequality in Germany continued to increase in the early 2000s, which is mainly explained by a rising part-time employment share. After 2010, inequality returned to the level of 2000. About half of the recent decrease is due to the introduction of the national minimum wage in 2015. While employment effects of the minimum wage are negligible, we find strong wage increases among the existing workforce. The minimum wage lowered wage inequality within eastern and western Germany but also led to a convergence of the east-west wage differential. The increased labor incomes were not offset by decreasing social benefits.",https://doi.org/10.1086/720391,247.87982
jpub,2019,The minimum wage and the Great Recession: Evidence of effects on the employment and income trajectories of low-skilled workers,NA,https://doi.org/10.1016/j.jpubeco.2019.01.004,237.31361
jole,2019,Hedonic-Based Labor Supply Substitution and the Ripple Effect of Minimum Wages,"This paper analyzes a new explanation of the ""ripple effect"" of minimum wages based on how minimum wages affect hedonic compensation. Minimum wage hikes lower compensating differentials at low-skill undesirable jobs because they raise wages at the most desirable low-skill job, the minimum wage job. This change in hedonic compensation may cause some individuals to optimally leave low-wage undesirable jobs and seek more desirable employment. If labor supply falls at low-wage undesirable jobs, employers would raise wages, consistent with the ripple effect. Empirically, I provide evidence that hedonic-based labor supply substitution is taking place and contributing to the ripple effect.",https://doi.org/10.1086/702651,235.66454
ilr,2019,Employment Effects of the New German Minimum Wage: Evidence from Establishment-Level Microdata,"The authors present the first evidence on the consequences of the new statutory minimum wage in Germany, which was implemented on January 1, 2015. Using the IAB Establishment Panel, they identify employment effects from variation in the extent that establishments are affected by the minimum wage. A difference-in-differences estimation reveals an increase in average wages between 3.8% and 6.3% and an employment loss by approximately 1.7% in establishments affected by the minimum wage. These estimates imply a labor demand elasticity with respect to wages ranging between −0.2 and −0.4. The authors also observe a transitory reduction of the working hours in the first year after the introduction and that the employment effect seems mostly driven by a reduction in hires rather than by an increase in layoffs.",https://doi.org/10.1177/0019793919889635,235.48271
jpe,2022,Minimum Wage and Individual Worker Productivity: Evidence from a Large US Retailer,"We study workers who are employed by a large US retailer, work in many store locations, and are paid based on performance. By means of a border-discontinuity analysis, we document that workers become more productive and are terminated less often after a minimum wage increase. These effects are stronger among workers whose pay is more often supported by the minimum wage. However, when workers are monitored less intensely, the minimum wage depresses productivity. We interpret these findings through an efficiency wage model. After a minimum wage increase, profits decrease, and a calibration exercise suggests that worker welfare increases.",https://doi.org/10.1086/720397,233.20518
jole,2020,"State Minimum Wages, Employment, and Wage Spillovers: Evidence from Administrative Payroll Data","We use administrative payroll data to estimate the effect of the minimum wage on employment and wages. We find that both effects are nuanced. While the overall number of low-wage workers in firms declines, incumbent workers are no less likely to remain employed. We find that firms reduce employment primarily through hiring, and there is significant heterogeneity across the nontradable and tradable sectors. For wages, we find modest spillovers extending up to $2.50 above the minimum wage. Spillovers accrue to both incumbent workers and new hires, but only within firms that employ a significant fraction of low-wage workers.",https://doi.org/10.1086/711355,227.90097
jole,2022,"Minimum Wages, Wages, and Price Pass-Through: The Case of McDonald’s Restaurants","Based on 2016–20 hourly wage rates of McDonald's basic crew and Big Mac prices collected simultaneously from almost all US McDonald's, we find that in 25% of instances of minimum wage increases, restaurants keep constant their wage premium above the increasing minimum wage. Higher minimum wages are not associated with faster adoption of touch-screen ordering, and there is near-full price pass-through of minimum wages. Minimum wage hikes lead to increases in real wages (expressed as how many Big Macs 1 hour of basic crew work can buy) that are one-fifth lower than the corresponding increases in nominal wages.",https://doi.org/10.1086/718190,214.44475
restat,2020,Minimum Wage and Real Wage Inequality: Evidence from Pass-Through to Retail Prices,"Abstract This paper considers the impact of the minimum wage on both labor and product markets using detailed store-level scanner data. I provide empirical evidence that a 10% increase in the minimum wage raises grocery store prices by 0.6% to 0.8% and suggest that the minimum wage not only raises labor costs but also affects product demand, especially in poorer regions. This points to novel channels of heterogeneity in pass-through that have distributional consequences, with key implications for real wage inequality. I also find that price rigidity within retail chains ameliorates these effects, reducing the pass-through elasticity for retail prices by about 60%.",https://doi.org/10.1162/rest_a_00915,209.18985
bjir,2020,The Effects of Minimum Wage Policy on the Long‐Term Care Sector in England,"Abstract The increase in the National Minimum Wage rate in October 2015 and the introduction of the National Living Wage in April 2016 led, in a short period of time, to an aggregated increase in the wage floor of over 10 per cent for workers in England aged 25 and over. The long‐term care (LTC) sector is a labour intensive, low pay sector, and as such, can be substantially affected by changes in minimum wage. We assessed the effects of this exogenous wage increase on independent LTC providers by looking at effects on wages, employment, weekly hours, and employment contracts. Using data from the Adult Social Care Workforce Data Set (ASC‐WDS) and applying a ‘before‐after’ analysis, we found that the substantial increase in minimum wage had a strong and positive effect on wages in the LTC sector, but with substantial compression of the wage distribution at the lower end. Although, as in other studies, the employment effect was rather elusive, we found that for care homes this can be partially explained by a negative effect on total weekly hours. We also found positive but short‐term effects on employment without guaranteed working hours (i.e. zero‐hour contracts) for both residential and domiciliary care.",https://doi.org/10.1111/bjir.12572,202.34511
restud,2023,Minimum Wage Employment Effects and Labour Market Concentration,"Abstract This paper shows that more highly concentrated labour markets experience more positive employment effects of the minimum wage. In the most concentrated labour markets, employment rises following a minimum wage increase. The paper establishes its main findings by studying the effects of local minimum wage increases on a key low-wage retail sector, and using data on labour market concentration that covers the entirety of the U.S. with fine spatial variation at the occupation level. The results carry over to the fast-food sector and the entire low-wage labour market and are robust to using proxies of labour market concentration available for a broader range of industries, such as the number of establishments and population density. A model of oligopsonistic competition can explain these effects: there is more room to increase wages in high-concentration areas where wages tend to be further below marginal productivity. These findings provide evidence supporting monopsonistic wage setting as an explanation for the near-zero minimum wage employment effect documented in prior work.",https://doi.org/10.1093/restud/rdad091,201.70004
jpub,2022,When the minimum wage really bites hard: The negative spillover effect on high-skilled workers,"Minimum wage levels are rising around the globe. To shed more light on the possible unintended side effects of higher wage floors, we study the impact of a minimum wage introduction on wages and employment in a quasi-experimental setting where the minimum wage is set extraordinarily high during an economic downturn. We identify treatment effects along different wage and skill groups and find positive wage and employment spillover effects for medium-skilled workers with salaries just above the minimum wage. More striking, we find negative wage and employment effects for high-skilled workers who are further up the wage distribution, followed by reduced returns to skills and industry skill supply. We explain these adjustments with a substitution-scale model that predicts negative spillover effects whenever labor-labor substitutions toward high-skilled workers are overcompensated by an overall decline in industry employment. Even though we focus on a specialized industry, we lay out the general conditions under which such unfavorable adjustments may occur in other contexts.",https://doi.org/10.1016/j.jpubeco.2021.104582,200.67444
bjir,2020,"30,000 Minimum Wages: The Economic Effects of Collective Bargaining Extensions","Abstract Many governments extend the coverage of collective agreements to workers and employers that were not involved in their bargaining. These extensions may address co‐ordination issues but may also distort competition by imposing sector‐specific minimum wages and other work conditions that are not suitable for some firms and workers. In this article, we analyse the impact of such extensions along several economic margins. Drawing on the worker‐ and firm‐level monthly data for Portugal, a country where extensions have been widespread, and the scattered timing of the extensions, we find that, while continuing workers experience wage increases following an extension, formal employment in the relevant sectors falls, on average, by 2 per cent. These results increase by about 25 per cent across small firms and are driven by reduced hirings. In contrast, the employment and wage bills of independent contractors, who are not subject to labour law or collective bargaining, increase by over 1 per cent following an extension.",https://doi.org/10.1111/bjir.12564,189.41336
ilr,2019,Minimum Wages and Retirement,"The authors study the effect of the minimum wage on the employment outcomes and Social Security claiming of older US workers from 1983 to 2016. The probability of work at or near the minimum wage increases substantially near retirement, and previous researchers and policies suggest that older workers may be particularly vulnerable to any disemployment effects of the minimum wage. Results show no evidence that the minimum wage causes earlier retirements. Instead, estimates suggest that higher minimum wages increase earnings and may have small positive effects on the labor supply of workers in the key ages of 62 to 70. Consistent with increased earnings and delayed retirement, higher minimum wages decrease the number of Social Security beneficiaries and amount of benefits disbursed. The minimum wage appears to increase financial resources for workers near retirement.",https://doi.org/10.1177/0019793919845861,185.54524
restat,2022,"Worker Earnings, Service Quality, and Firm Profitability: Evidence from Nursing Homes and Minimum Wage Reforms","Abstract This paper examines whether higher earnings for frontline workers affects the quality of employees’ output. I leverage increases in the statutory minimum wage, combined with worker, consumer, and firm outcomes in the nursing home sector. I find that higher minimum wages increase income and retention among low-wage employees and improve consumer outcomes, measured by fewer inspection violations; lower rates of adverse, preventable health conditions; and lower resident mortality. Firms maintain profitability by attracting consumers with a greater ability to pay and increasing prices for these individuals.",https://doi.org/10.1162/rest_a_01271,180.60823
el,2020,Minimum wages and firm employment: Evidence from a minimum wage reduction in Greece,"We investigate firm heterogeneity in responses to minimum wage changes leveraging on a policy reform in 2012 in Greece that introduced a youth sub-minimum through a sharp reduction in the minimum wage that was larger for youth. Using administrative linked employer–employee panel data and a difference-in-differences estimator, we find that, although wages decreased across all firms following the policy reform, adult wages decreased by more, whereas youth wages decreased by less in firms with a higher share of youth in employment. We also find that, in these firms, adult employment increased by more, while youth employment increased by less or even decreased and that these changes reflected mainly new hires rather than job separations. These heterogeneous responses to the change in the minimum wage across firms are not entirely consistent with the competitive model of the labour market.",https://doi.org/10.1016/j.econlet.2020.109255,167.87119
ee,2022,The short- and medium-term distributional effects of the German minimum wage reform,"Abstract This study quantifies the distributional effects of the minimum wage introduced in Germany in 2015. Using detailed Socio-Economic Panel survey data, we assess changes in the hourly wages, working hours, and monthly wages of employees who were entitled to be paid the minimum wage. We employ a difference-in-differences analysis, exploiting regional variation in the “bite” of the minimum wage. At the bottom of the hourly wage distribution, we document wage growth of 9% in the short term and 21% in the medium term. At the same time, we find a reduction in working hours, such that the increase in hourly wages does not lead to a subortionate increase in monthly wages. We conclude that working hours adjustments play an important role in the distributional effects of minimum wages.",https://doi.org/10.1007/s00181-022-02288-4,167.45851
jbes,2021,Synthetic Control Estimation Beyond Comparative Case Studies: Does the Minimum Wage Reduce Employment?,"Panel data are often used in empirical work to account for fixed additive time and unit effects. The synthetic control estimator relaxes the assumption of additive fixed effects for comparative case studies in which a treated unit adopts a single policy. This article generalizes the synthetic control estimator to estimate parameters associated with multiple discrete or continuous explanatory variables, jointly estimating the parameters and synthetic controls for each unit. I apply the estimator to study the disemployment effects of the minimum wage, estimating that increases in the minimum wage reduce employment.",https://doi.org/10.1080/07350015.2021.1927743,166.45721
ecta,2025,"Minimum Wages, Efficiency, and Welfare","Many argue that minimum wages can prevent efficiency losses from monopsony power. We assess this argument in a general equilibrium model of oligopsonistic labor markets with heterogeneous workers and firms. We decompose welfare gains into an efficiency component that captures reductions in monopsony power and a redistributive component that captures the way minimum wages shift resources across people. The minimum wage that maximizes the efficiency component of welfare lies below $8.00 and yields gains worth less than 0.2% of lifetime consumption. When we add back in Utilitarian redistributive motives, the optimal minimum wage is $11 and redistribution accounts for 102.5% of the resulting welfare gains, implying offsetting efficiency losses of −2.5%. The reason a minimum wage struggles to deliver efficiency gains is that with realistic firm productivity dispersion, a minimum wage that eliminates monopsony power at one firm causes severe rationing at another. These results hold under an EITC and progressive labor income taxes calibrated to the U.S. economy.",https://doi.org/10.3982/ecta21466,163.04344
jole,2021,Does Minimum Wage Increase Labor Productivity? Evidence from Piece Rate Workers,"I examine worker effort as a potential margin of adjustment to a minimum wage hike using unique data on piece rate workers who perform a homogenous task and whose individual output is rigorously recorded. By employing a difference-in-differences strategy that exploits the increase in Florida’s minimum wage from $6.79 to $7.21 on January 1, 2009, and worker location on the pre-2009 productivity distribution, I provide evidence consistent with incumbent workers’ positive effort responses.",https://doi.org/10.1086/716347,161.81932
aejp,2022,Raising the Bar: Minimum Wages and Employers’ Hiring Standards,"Many scholars have studied the employment effects of minimum wages, but little is known about effects on the composition of hires. I investigate whether Germany’s minimum wage introduction raised hiring standards, using worker fixed effects as a proxy for worker productivity. For the least productive workers hired, the minimum wage led to a 4 percentile point shift in the productivity distribution. This increase is missed using standard observable measures of worker productivity. The effects are larger with greater pre-reform screening intensity—indicating an employer response. This more selective hiring compensates about two-thirds of higher wage costs for the least productive hires. (JEL J23, J24, J31, J38, M51)",https://doi.org/10.1257/pol.20190534,159.75081
ilr,2019,Minimum Wage Policy and Community College Enrollment Patterns,"In this article, the author studies the effect of the minimum wage on community college enrollment using cross-border variation in state minimum wages. To address spatial correlation in local labor market conditions, schools are paired on either side of state borders based on geographic proximity using the Integrated Postsecondary Education Data System. Comparing paired schools, the author finds a substantial reduction in enrollment at community colleges in areas with a higher minimum wage. This effect is observed only among part-time students, which suggests that the minimum wage primarily affects students at the margin between work and postsecondary education.",https://doi.org/10.1177/0019793919855003,159.26755
le,2022,Understanding “Wage Theft”: Evasion and avoidance responses to minimum wage increases,"This paper presents strong evidence that minimum wage increases lead to a greater prevalence of subminimum wage payment. Using the Current Population Survey, we estimate that increases in measured underpayment following minimum wage increases average between 12 and 17 percent of realized wage gains. Our baseline analyses focus on workers ages 16 to 25, while additional analyses consider workers ages 16 to 65. In addition, we find that firms and workers comply to a far greater degree with minimum wage increases that are forecastable, modest, and regular than with minimum wage increases enacted through new legislation. We also find evidence that states' enforcement regimes influence the compliance patterns we observe. We interpret these findings as evidence that while minimum wage compliance is the norm, noncompliance is an important, economically nuanced reality in the low-wage labor market.",https://doi.org/10.1016/j.labeco.2022.102285,158.18645
jole,2022,Seeing beyond the Trees: Using Machine Learning to Estimate the Impact of Minimum Wages on Labor Market Outcomes,"We assess the effect of the minimum wage on labor market outcomes. First, we apply modern machine learning tools to predict who is affected by the policy. Second, we implement an event study using 172 prominent minimum wage increases between 1979 and 2019. We find a clear increase in wages of affected workers and no change in employment. Furthermore, minimum wage increases have no effect on the unemployment rate, labor force participation, or labor market transitions. Overall, these findings provide little evidence of changing search effort in response to a minimum wage increase.",https://doi.org/10.1086/718497,156.16951
ilr,2020,Monopsony in Labor Markets: A Review,"Researchers’ interest in monopsony has increased in recent years. This article reviews the accumulating evidence that employers have considerable monopsony power. It summarizes the application of this idea to explaining the impact of minimum wages and immigration, in anti-trust, and in understanding how to model the determinants of earnings in matched employer–employee data sets and the implications for inequality and the labor share.",https://doi.org/10.1177/0019793920922499,154.96478
jpub,2023,The unintended effects of minimum wage increases on crime,"The availability of higher-paying jobs for low-skilled individuals has been documented to reduce crime. This study explores the impact of one of the most prominent labor policies designed to provide higher wages for low-skilled workers — the minimum wage — on teenage and young adult arrests. Using data from the 1998–2016 Uniform Crime Reports and a difference-in-differences approach, we find that a 1 percent increase in the minimum wage is associated with a 0.2 to 0.3 percent increase in property crime arrests among 16-to-24-year-olds, an effect driven by an increase in larceny-related arrests. The magnitudes of our estimated elasticities suggest that a $15 Federal minimum wage, proposed as part of the Raise the Wage Act, could generate approximately 309,000 additional larcenies. Job loss emerges as an important mechanism to explain our findings, and supplemental analyses of affected workers in the National Longitudinal Survey of Youth 1997 show that this effect is concentrated among workers bound by minimum wage increases. Finally, we find no evidence that minimum wage hikes impact violent crime arrests.",https://doi.org/10.1016/j.jpubeco.2022.104780,153.87337
jole,2021,The Economic Impact of a High National Minimum Wage: Evidence from the 1966 Fair Labor Standards Act,"This paper examines the short- and longer-term economic effects of the 1966 Fair Labor Standards Act (FLSA), which increased the national minimum wage to its highest level of the twentieth century and extended coverage to an additional 9.1 million workers. Exploiting differences in the ""bite"" of the minimum wage owing to regional variation in the standard of living and industry composition, this paper finds that the 1966 FLSA increased wages dramatically but reduced aggregate employment only modestly. However, some evidence shows that disemployment effects were significantly larger among African American men, 40% of whom earned below the new minimum wage.",https://doi.org/10.1086/712554,151.55708
le,2019,Minimum wages and the labor market effects of immigration,NA,https://doi.org/10.1016/j.labeco.2019.101753,151.1194
izajl,2020,Minimum wages in monopsonistic labor markets,"Abstract Over the last 30 years, researchers have disputed the mixed evidence of the effect of the minimum wage on teenage employment in the United States. Whenever the minimum wage has positive or no effects on employment, they appeal to monopsony models to explain their results. However, very few of these studies have empirically tested whether their results are due to monopsonistic characteristics in the labor markets. In this article, I estimate the effects of the minimum wage for the United States under concentrated labor markets and low-mobility jobs (two variables that measure monopsony), identify heterogeneous effects among different scenarios derived from the monopsony model, and provide a plausible explanation of the mixed results about the minimum wage effects in the literature. My main findings indicate that minimum wages have an elasticity to teenage employment of −0.418 under perfect competition, which is, as expected, much higher than the usual results in the literature. If the monopsony variable is one standard deviation higher than the baseline, it implies a positive change in elasticity of 0.05. The minimum wage has a positive insignificant effect between 0.04 and 0.29 under full monopsonistic labor markets. The results are consistent among different specifications and in controlling for possible external shocks and omitted variables.",https://doi.org/10.2478/izajole-2020-0007,150.54688
ir,2019,"The Effects of Minimum Wages on Low‐Skilled Immigrants’ Wages, Employment, and Poverty","Raising the minimum wage has been advanced as complementary policy to comprehensive immigration reform to improve low‐skilled immigrants’ economic well‐being. While adverse labor demand effects could undermine this goal, existing studies do not detect evidence of negative employment effects. We re‐investigate this question using data from the 1994 to 2016 Current Population Survey and conclude that minimum wage increases reduced employment of less‐educated Hispanic immigrants, with estimated elasticities of around –0.1. However, we also find that the wage and employment effects of minimum wages on low‐skilled immigrants diminished over the last decade. This finding is consistent with more restrictive state immigration policies and the Great Recession inducing outmigration of low‐skilled immigrants, as well as immigrants moving into the informal sector. Finally, our results show that raising the minimum wage is an ineffective policy tool for reducing poverty among immigrants.",https://doi.org/10.1111/irel.12232,149.21896
le,2023,The minimum wage and the wage distribution in Portugal,"Raising the minimum wage can reshape the wage distribution. Using a semiparametric approach, counterfactual decomposition methods, and an extremely rich administrative dataset of all employees in Portugal, this paper presents significant visual and quantitative evidence of how changes in the minimum wage shaped the country's wage distribution over the last thirty years. For most of this period, the importance of the minimum wage was decreasing. However, a sustained rise since 2006 coincided with a decline in wage inequality that was comparable to the United States' total increase in inequality over the last five decades. This remarkable compression of the wage distribution can be fully accounted for by the rising minimum wage. While a minority of workers were directly covered by the minimum wage, spillover effects were observed up to the 54th percentile of the wage distribution, explaining more than half of its inequality-reducing effect. Portugal experienced modest wage growth between 2006 and 2019 but 38% of it can be associated to the increasing minimum wage.",https://doi.org/10.1016/j.labeco.2023.102459,148.74126
labour,2024,The effects of minimum wages on (almost) everything? <scp>A</scp> review of recent evidence on health and related behaviors,"Abstract I review and assess the evidence on minimum wage effects on health outcomes and health‐related behaviors. The evidence on physical health points in conflicting directions, leaning toward adverse effects. Research on effects on diet and obesity sometimes points to beneficial effects, whereas other evidence indicates that higher minimum wages increase smoking and drinking and reduce exercise (and possibly hygiene). In contrast, there is evidence that higher minimum wages reduce suicides, partly consistent with the evidence of positive or mixed effects on other measures of mental health/depression. Overall, policy conclusions that minimum wages improve health are unwarranted or at least premature.",https://doi.org/10.1111/labr.12263,146.6456
jole,2024,The Employment and Distributional Impacts of Nationwide Minimum Wage Changes,"We assess the impact of nationwide minimum wages on employment throughout the whole wage distribution by exploiting geographical variation in the level of wages. We find a substantial increase in wages at the bottom of the wage distribution, while we detect a small, statistically insignificant negative effect on employment. Combining the estimated change in the wage distribution with a tax and benefit microsimulation model, we show that the minimum wage generates considerable proportional income gains up to the middle of the household income distribution.",https://doi.org/10.1086/728471,144.28827
economica,2019,Is a Minimum Wage an Appropriate Instrument for Redistribution?,"We analyse the redistributional (dis)advantages of a minimum wage over income taxation in competitive labour markets without imposing assumptions on the (in)efficiency of labour rationing. Compared to a distributionally equivalent tax change, a minimum‐wage increase raises involuntary unemployment, but also raises skill formation as some individuals avoid unemployment. A minimum wage is an appropriate instrument for redistribution if and only if the public revenue gains from additional skill formation outweigh both the public revenue losses from additional unemployment and the utility losses of inefficient labour rationing. We show that this critically depends on how labour rationing is distributed among workers. A necessary condition for the desirability of a minimum‐wage increase is that the public revenue gains from higher skill formation outweigh the revenue losses from higher unemployment. We write this condition in terms of measurable sufficient statistics.",https://doi.org/10.1111/ecca.12323,144.19688
aer,2019,Identification of and Correction for Publication Bias,"Some empirical results are more likely to be published than others. Selective publication leads to biased estimates and distorted inference. We propose two approaches for identifying the conditional probability of publication as a function of a study’s results, the first based on systematic replication studies and the second on meta-studies. For known conditional publication probabilities, we propose bias-corrected estimators and confidence sets. We apply our methods to recent replication studies in experimental economics and psychology, and to a meta-study on the effect of the minimum wage. When replication and meta-study data are available, we find similar results from both.(JEL C13, C90, I23, J23, J38, L82)",https://doi.org/10.1257/aer.20180310,138.70099
sej,2019,"Higher Wages, Less Gym Time? The Effects of Minimum Wages on Time Use","This study examines the effects of minimum wages on time use. Analyzing data from the American Time Use Survey from 2003 to 2017, I investigate the role of time allocated toward exercise and other health‐enhancing activities as a potential mechanism underlying the link between minimum wages and health. The study finds that a $1 increase in minimum wages is associated with reductions in exercising and total personal health time by 13 and 20 minutes during the week, respectively. This decline in health time is fully reallocated toward additional leisure time. The results are largely driven by males and employed individuals.",https://doi.org/10.1002/soej.12352,138.60927
ei,2020,"MINIMUM WAGES, IMPORT STATUS, AND FIRMS' INNOVATION: THEORY AND EVIDENCE FROM CHINA","This study explores the heterogeneous effects of minimum wage on innovation of different types of firms. We develop an open‐economy R&amp;D‐based growth model and obtain the following result: raising the minimum wage reduces innovation of firms that use domestic inputs but increases innovation of firms that import foreign inputs. We test this result using city‐level data on minimum wages and firm‐level patent data in China. In accordance with our theory, we find that raising the minimum wage is associated with more innovation by importing firms and less by non‐importing firms. This result survives a battery of robustness checks. ( JEL E24, F43, O31)",https://doi.org/10.1111/ecin.12933,136.99033
jole,2022,"The Minimum Wage, Self-Employment, and the Online Gig Economy","This paper estimates the effect of minimum wage increases on work that is not covered by minimum wage laws. I find that minimum wage increases in the early 2000s resulted in small reductions in engagement in traditional self-employment. Following the development of the online gig economy in the 2010s, a 10% increase in the minimum wage increased the number of nonemployer establishments classified as transportation and warehousing services by approximately 2.7%. The counties most likely to exhibit a positive relationship between the minimum wage and participation in uncovered work are those with low labor market concentration and active Uber marketplaces.",https://doi.org/10.1086/719690,136.41435
ir,2021,Are Minimum Wage Effects Greater in Low‐Wage Areas?,"Empirical work on the minimum wage typically estimates effects averaged across high‐ and low‐wage areas. Low‐wage labor markets could potentially be less able to absorb minimum wage increases, in turn leading to more negative employment effects. In this article, we examine minimum wage effects in low‐wage counties, where relative minimum wage ratios reach as high as 0.82, well beyond the state‐based ratios in extant studies. Using data from the American Community Survey, the Quarterly Workforce Indicators, and the Quarterly Census on Employment and Wages, we implement event study and difference‐in‐differences methods, estimating average causal effects for all events in our sample and separately for areas with lower and higher impacts. We find positive wage effects, especially in high‐impact counties, but do not detect adverse effects on employment, weekly hours, or annual weeks worked. We do not find negative employment effects among women, Blacks, and/or Hispanics. In high‐impact counties, we find substantial declines in household and child poverty. These results inform policy debates about providing exemptions to a $15 federal minimum wage in low‐wage areas.",https://doi.org/10.1111/irel.12267,136.26508
jhr,2021,"The Minimum Wage, EITC, and Criminal Recidivism",Amanda Y. Agan*⇑ and Michael D. Makowsky* *Amanda Y. Agan is an assistant professor of economics at Rutgers University–New Brunswick *Michael D. Makowsky is an associate professor of Economics in the John E. Walker Department of Economics at Clemson University. (amanda.agan{at}rutgers.edu).,https://doi.org/10.3368/jhr.58.5.1220-11398r1,134.81557
economica,2022,Turning a ‘Blind Eye’? Compliance with Minimum Wage Standards and Employment,"Turning a ‘blind eye’ to non‐compliance with minimum wage standards is sometimes presented as a pragmatic way to accommodate higher wages while not harming employment opportunities for workers employed in marginal firms. In this paper, we model firms' wage and employment decisions, and show that there may be a trade‐off between non‐compliance and employment. The main predictions of the model are tested empirically using data from the Italian labour force survey. We find evidence of a positive employment non‐compliance effect, though elasticities are smaller than typically thought as employers internalize the expected costs of non‐compliance. We also show that employment effects are larger at low levels of non‐compliance (when the risk of being referred to court is very low). The implications for policy and the role of regulators in monitoring and sanctioning non‐compliance are discussed.",https://doi.org/10.1111/ecca.12421,134.1192
oep,2020,The impact of a minimum wage change on the distribution of wages and household income,"Abstract We use distribution regression analysis to study the impact of a 6% increase in the Irish minimum wage on the distribution of hourly wages and household income. Wage inequality, measured by the ratio of wages in the 90th and 10th percentiles and the 75th and 25th percentiles, decreased by approximately 8 and 4%, respectively. The results point towards wage spillover effects up to the 30th percentile of the wage distribution. We show that minimum wage workers are spread throughout the household income distribution and are often located in high-income households. Therefore, while we observe strong effects on the wage distribution, the impact of a minimum wage increase on the household income distribution is quite limited.",https://doi.org/10.1093/oep/gpaa048,130.02257
labour,2019,Employment Adjustments Following Rises and Reductions in Minimum Wages: New Insights From a Survey Experiment,"Abstract The effects of large minimum wage increases are still unknown. Our survey experiment randomly assigns increases or decreases in minimum wages to German establishments and asks about employers’ expectations concerning employment adjustments. The larger the increase in the minimum wage is, the larger the expected reduction in employment. The reduction is stronger in plants that are more strongly affected by the current national minimum wage and in plants that have neither collective agreements nor a works council. In contrast, employment expectations do not increase if the minimum wage is reduced. This mainly reflects that few plants would cut wages.",https://doi.org/10.1111/labr.12168,128.42177
le,2019,Minimum wage effects across heterogeneous markets,NA,https://doi.org/10.1016/j.labeco.2019.03.004,124.95162
labour,2023,Minimum wage and spillover effects in a minimum wage society,"Abstract Minimum wage policies are widely implemented in developing countries, but their consequences remain uncertain. This study empirically investigates the impact of the minimum wage on monthly income inequality and its spillover effects in Turkey between 2004 and 2022, utilizing comprehensive micro data. We aim to shed light on the impact of national minimum wage policies by examining their diverse influences on the wage structure within the country. Our findings reveal that the minimum wage significantly reduces income disparities, particularly among formal workers at the lower and upper end of the wage distribution. While wage gaps below the median wage decline, those above it experience a slower growth rate, ultimately leading to wage convergence. Notably, this effect is more pronounced during macroeconomic instability from 2016 to 2022, compared with the relatively stable period of 2004–15. Moreover, the outcomes differ depending on individual attributes like gender, age, education, and other relevant factors. Furthermore, we observe tentative evidence of a lighthouse effect to some degree: the minimum wage seems to exert an equalizing influence on the wage structure of workers in the informal sector beyond a certain percentile.",https://doi.org/10.1111/labr.12259,122.206345
ilr,2020,"Happy Birthday, You’re Fired! Effects of an Age-Dependent Minimum Wage on Youth Employment Flows in the Netherlands","The Dutch minimum wage for workers aged 15 to 23 is defined as a stepwise increasing function of a worker’s calendar age. Using Dutch administrative records, the author shows that the birthday discontinuities of age-dependent minimum wage rates affect both labor market entry (job accessions) and labor market exit (job separations) of minimum wage workers. The job separations spike in the three months that precede workers’ birthdays, suggesting that firms are dismissing workers whose costs are about to go up. The frequency of job accessions increases immediately after the birthdays and the increase is sustained throughout the following months. The resulting effect on employment levels is dynamic, with the employment rate being subject to an initial drop that is gradually compensated for by the higher rates of post-birthday labor market entry.",https://doi.org/10.1177/0019793919897914,121.42383
jpub,2023,"What we pay in the shadows: Labor tax evasion, minimum wage hike and employment","The interactions between minimum wage policy and tax evasion remain largely unknown. We study the firm-level employment effects of a large and biting minimum wage increase in the context of widespread wage underreporting. We apply machine learning to classify firms as either tax-compliant or tax-evading. We then show that firms engaged in labor tax evasion are insensitive to the minimum wage shock. Our results indicate that these firms use wage underreporting as an adjustment margin, converting part of their formerly undeclared cash payments into official wages. Increasing the minimum wage improves tax enforcement, but comes at the cost of negative employment consequences for compliant firms.",https://doi.org/10.1016/j.jpubeco.2023.105027,117.57684
jep,2021,"The Rise of American Minimum Wages, 1912–1968","This paper studies the judicial, political, and intellectual battles over minimum wages from the early state laws of the 1910s through the peak in the real federal minimum in 1968. Early laws were limited to women and children and were ruled unconstitutional by the Supreme Court between 1923 and 1937. The first federal law in 1938 initially exempted large portions of the workforce and set rates that became effectively obsolete during World War II. Later amendments raised minimum rates, but coverage did not expand until 1961. The states led the way in rates and coverage in the 1940s and 50s and again since the 1980s. The most contentious questions of today—the impact of minimum wages on earnings and employment—were already being addressed by economists in the 1910s. By about 1960, these discussions had surprisingly modern concerns about causality but did not have modern econometric tools or data.",https://doi.org/10.1257/jep.35.1.73,116.5161
oep,2023,Effects of the minimum wage on the nonprofit sector,"Abstract The nonprofit sector’s ability to absorb increases in labor costs differs from the private sector in a number of ways. We analyse how nonprofits are affected by changes in the minimum wage utilizing data from the Bureau of Labor Statistics and the Internal Revenue Service, linked to state minimum wages. We examine changes in reported employment and volunteering, as well as other financial statements such as revenues and expenses. The results from both datasets show a negative impact on employment for states with large statutory minimum wage increases. We observe some evidence for a reduction in the number of nonprofit establishments, fundraising expenses, and revenues from contributions.",https://doi.org/10.1093/oep/gpad024,115.62103
ir,2021,Effects of recent minimum wage policies in California and nationwide: Results from a pre‐specified analysis plan,"Abstract We analyze the impacts of recent city minimum wage increases in California and nationwide, following a pre‐analysis plan (PAP) registered prior to the release of data covering two years of minimum wage increases. For California cities, we find a hint of negative employment effects. Nationally, we find some evidence of disemployment effects for teens, but not young adults or high school dropouts. City‐specific analyses provide limited evidence of adverse effects on the share low‐income, but the pooled city analysis does not; the national analysis generally finds no impact on the share low‐income, except for reductions in the share near‐poor, although that may at least partly reflect prior trends. All told, we view the results as providing neither strong evidence of substantial adverse effects of city minimum wages, nor strong evidence of substantial beneficial effects.",https://doi.org/10.1111/irel.12297,114.88308
le,2022,Did the minimum wage reduce the gender wage gap in Germany?,NA,https://doi.org/10.1016/j.labeco.2022.102228,112.01314
bjir,2024,The politics of the minimum wage: Explaining introduction and levels,"Abstract There is much economics research on the effects of minimum wages, but little research on their politics. Yet, ever more advanced capitalist democracies have introduced minimum wages, and the setting of minimum wage levels has become increasingly politicized. This article is the first comprehensive study of the politics of the minimum wage: We analyse the determinants of adopting minimum wages as well as what explains variation in their levels over time, based on a dataset of 33 OECD countries from 1960 to 2017. We find that the decline in collective bargaining is the main driving force behind the introduction of ever more minimum wages. At the same time, left‐wing parties in government are most likely to adopt a minimum wage when bargaining coverage is low. Left governments are also associated with higher minimum wages, especially when the government has full control over level‐setting.",https://doi.org/10.1111/bjir.12836,110.2939
ir,2025,Do High Minimum Wages Harm the Progression of Minimum Wage Workers? Evidence From the <scp>United Kingdom</scp>,"ABSTRACT Using panel data from the United Kingdom between 2009 and 2019, we study how substantial increases in the real and relative value of the minimum wage impacted on the wage progression of covered workers. We find that progression out of minimum wage jobs is frequent, although most workers remain low paid. Using hazard rate models, we find a short‐lived negative effect on progression associated with the introduction of the National Living Wage in 2016. In subsequent years, we find no evidence of significant adverse effects. We find similar results when we model wage growth directly.",https://doi.org/10.1111/irel.12389,110.101685
sej,2019,Do State Minimum Wages Affect the Incarceration Rate?,"Because of historically unprecedented increases in the prison population since the late 1970s, the United States has the highest incarceration rate in the world. Using Becker's (1968) framework on crime, this study investigates the causal relationship between incarceration rates and state minimum wages. Our identification strategy consists of a state‐level fixed effects model and Autor and Dorn's (2013) two‐stage least‐squares (2SLS) approach. Using the historical local industry structure, we predict the change in employment shares of manual task‐intensive occupations and use those as an instrument for state minimum wages. The fixed effects and 2SLS estimates suggest that a one‐dollar increase in state minimum wage leads to approximately 12–25 fewer incarcerations per 100,000 state residents. Estimates of the heterogeneous impacts by race and gender indicate that the aggregate impact of state minimum wages is entirely driven by men.",https://doi.org/10.1002/soej.12400,106.19966
jole,2024,The Economics of Gender-Specific Minimum Wage Legislation,"Previous articleNext article No AccessThe Economics of Gender-Specific Minimum Wage LegislationRiccardo Marchingiglio and Michael PoykerRiccardo Marchingiglio and Michael PoykerPDFPDF PLUS Add to favoritesDownload CitationTrack CitationsPermissionsReprints Share onFacebookXLinkedInRedditEmailPrint SectionsMoreDetailsFiguresReferencesCited by Journal of Labor Economics Just Accepted Published for the Society of Labor Economists, Economics Research Center/ NORC Article DOIhttps://doi.org/10.1086/733493 PermissionsRequest permissions HistoryAccepted October 08, 2024 © 2024 The University of Chicago. All Rights reserved.PDF download Crossref reports no articles citing this article.",https://doi.org/10.1086/733493,104.06723
ee,2019,High-impact minimum wages and heterogeneous regions,NA,https://doi.org/10.1007/s00181-019-01661-0,101.08368
jole,2023,The Effect of Minimum Wage Policies on the Wage and Occupational Structure of Establishments,"Using establishment-level panel data from the Occupational Employment and Wage Statistics program, I estimate the effect of minimum wage increases implemented by 10 states in 2014 and 2015. I show that minimum wage increases lead to wage spillovers within establishments. I find little evidence that minimum wage increases induce establishments to reorganize their occupational mix. Finally, I find that minimum wage increases propagate up the management hierarchy, leading to increased wages for supervisors. Nonetheless, I find that overall wage inequality decreases within establishments after minimum wage increases.",https://doi.org/10.1086/726820,100.639114
jpub,2022,"The minimum wage, informal pay, and tax enforcement",NA,https://doi.org/10.1016/j.jpubeco.2022.104728,99.3605
ee,2021,Do minimum wages improve self-rated health? Evidence from a natural experiment,"Abstract We analyze whether the introduction of the general minimum wage in Germany in 2015 had an effect on workers’ self-rated health. To this end, we use survey data linked to administrative employment records and apply difference-in-differences regressions combined with propensity score matching. This approach enables us to control for a vast set of potential confounding variables. We find a health improving effect among the individuals who were most likely to be affected by the reform. Our results indicate that workers’ improved satisfaction with pay, their reduced working hours, and a reduction in time pressure at work may drive this result.",https://doi.org/10.1007/s00181-021-02114-3,95.58746
restat,2024,Consumption Response to Minimum Wages: Evidence from Chinese Households,"Abstract The paper evaluates the impact of the Chinese minimum wage policy on consumption of low-wage households for the period 2002-2009. Using a representative panel of urban households, we find that the consumption response to minimum wage income hikes increases in the share of minimum wage income in total household income. In particular, poorer households fully consume their additional income, while meaningful negative employment effects are absent. The large marginal propensity to consume is driven by households with at least one child, while poor, childless households save two-thirds of a minimum wage hike. The expenditure increase is concentrated in health care and education with potentially long-lasting benefits to household welfare.",https://doi.org/10.1162/rest_a_01411,95.47343
jlr,2022,Minimum Wage Effects on Reservation Wages,"Abstract Reservation wages are part of the transmission mechanism between minimum wages and unemployment via the labour force participation decision. The limited available empirical evidence on the relationship between reservation wages and legal minimum wages suggest that individuals use minimum wages as benchmarks against which their reservation wages are set. This has a profound behavioural effect that may encourage individuals to either enter the labour force or price themselves out of potential employment. We employ a fuzzy regression discontinuity design to explore the influence of minimum wages on reservation wages. Our findings suggest that the behavioural response is too small to be extracted from the variability of the reservation wage data. For policy makers this finding is important. While minimum wages raise earnings and living standards, they can push some workers out of the labour force by increasing their reservation wage beyond the minimum. We do not find any evidence of such a response of the reservation wage of jobseekers to the minimum wage in the UK.",https://doi.org/10.1007/s12122-022-09337-y,94.4389
jae,2025,Minimum Wages and Teenage Childbearing in the United States,"ABSTRACT The minimum wage is increasingly viewed as an important, but often neglected, tool for improving public health outcomes. Using data from the period 2003–2019 and a stacked difference‐in‐differences regression model that accounts for dynamic and heterogeneous treatment effects, we explore the relationship between minimum wages and teenage childbearing in the United States. We find no evidence of a systematic, negative relationship between minimum wages and childbearing among 15‐ through 19‐year‐olds. Likewise, our estimates are not consistent with the argument that minimum wages are an effective policy tool for discouraging female 15‐ through 19‐year‐olds from having unprotected sex.",https://doi.org/10.1002/jae.3112,94.290245
el,2020,The effect of doubling the minimum wage and decreasing taxes on inflation in Mexico,NA,https://doi.org/10.1016/j.econlet.2020.109051,94.10774
jpam,2022,The employment and redistributive effects of reducing or eliminating minimum wage tip credits,"Abstract Recent policy debate on minimum wages has focused not only on raising the minimum wage, but on eliminating the tip credit for restaurant workers. We use data on past variation in tip credits—or minimum wages for restaurant workers—to provide evidence on the potential impacts of eliminating (or reducing) the tip credit. Our evidence points to higher tipped minimum wages (smaller tip credits) reducing jobs among tipped restaurant workers, without positive earnings effects on those who remain employed sufficiently large to raise total earnings in this sector. And most of our evidence provides no indication that higher tipped minimum wages would be well targeted to poor or low‐income families or reduce the likelihood of being poor or very low income.",https://doi.org/10.1002/pam.22450,93.84875
jpub,2020,Minimum wage policy with optimal taxes and unemployment,NA,https://doi.org/10.1016/j.jpubeco.2020.104228,93.41779
el,2021,The effect of doubling the minimum wage on employment and earnings in Mexico,NA,https://doi.org/10.1016/j.econlet.2021.110124,91.77806
izajl,2019,Exploiting the Irish Border to Estimate Minimum Wage Impacts in Northern Ireland,"Abstract This paper examines the impacts of the introduction of the UK National Minimum Wage (NMW) in 1999 and the introduction of the UK National Living Wage (NLW) in 2016 in Northern Ireland (NI) on employment and hours. NI is the only part of the UK with a land border where the NMW and NLW cover those working on one side of the border but not those working on the other side of the border (i.e., Republic of Ireland). This discontinuity in minimum wage coverage enables a research design that estimates the impacts of the NMW and NLW on employment and hours worked using difference-in-differences estimation. We find a small decrease in the employment rate of 22–59/64-year-olds in NI, of up to 2% points, in the year following the introduction of the NMW, but no impact on hours worked. We find no clear evidence that the introduction of the NLW impacted either employment or hours worked in NI.",https://doi.org/10.2478/izajole-2019-0002,91.10785
ei,2021,Seattle's local minimum wage and earnings inequality,"Abstract During the past 6 years, a wave of local minimum wage laws passed in the United States with policymakers and advocates framing the policy as a means of reducing income inequality. This report evaluates whether one of the first of these efforts, Seattle's $15 minimum wage ordinance, lowered inequality of earnings of workers in the city. I find that inequality among workers who earned less than the city's median wage was modestly reduced, yet overall earnings inequality substantially increased during the period in which the ordinance was phased in, likely for reasons unrelated to the minimum wage law.",https://doi.org/10.1111/ecin.13053,88.66362
ilr,2020,Minimum Wage Policy and Community College Enrollment Patterns,"In this article, the author studies the effect of the minimum wage on community college enrollment using cross-border variation in state minimum wages. To address spatial correlation in local labor...",https://doi.org/10.25384/sage.c.4543727.v1,86.95224
jole,2021,Labor Market Institutions and the Distribution of Wages: The Role of Spillover Effects,This paper examines the role of spillover effects of minimum wages and threat effects of unionization in changes in wage inequality in the United States between 1979 and 2017. A distribution regression framework is introduced to estimate both types of spillover effects. Threat effects double the contribution of deunionization to the increase in male wage inequality. Spillover effects magnify the explanatory power of declining minimum wages to two-thirds of the increase in inequality at the bottom end of the female wage distribution.,https://doi.org/10.1086/712923,86.822464
eer,2023,Minimum wage and tolerance for high incomes,"We suggest that stabilizing the baseline income can make low-wage workers more tolerant towards high income earners. We present evidence of this attitude in the UK by exploiting the introduction of the National Minimum Wage (NMW), which institutionally sets a baseline pay reducing the risk of income losses and providing a clear reference point for British workers at the lower end of the income distribution. Based on data from the British Household Panel Survey (BHPS), we show that workers who benefited from the NMW program became relatively more tolerant of high incomes and more likely to support and vote for the Conservative Party. As far as tolerance for high incomes is related to tolerance of inequality, our results may suggest that people advocate for equality also because they fear income losses below a given reference point.",https://doi.org/10.1016/j.euroecorev.2023.104445,86.36312
el,2022,The minimum wage and search effort,NA,https://doi.org/10.1016/j.econlet.2022.110288,85.50857
jpub,2023,"Minimum wages, retirement timing, and labor supply",NA,https://doi.org/10.1016/j.jpubeco.2023.104924,84.929306
jeea,2020,Can Workfare Programs Moderate Conflict? Evidence from India,"Abstract Can public interventions persistently reduce conflict? Adverse weather shocks, through their impact on incomes, have been identified as robust drivers of conflict in many contexts. An effective social insurance system moderates the impact of adverse shocks on household incomes, and hence, could attenuate the link between these shocks and conflict. This paper shows that a public employment program in India, by providing an alternative source of income through a guarantee of 100 days of employment at minimum wages, effectively provides insurance. This has an indirect pacifying effect. By weakening the link between productivity shocks and incomes, the program uncouples productivity shocks from conflict, leading persistently lower conflict levels.",https://doi.org/10.1093/jeea/jvz062,84.402954
le,2023,The Political economy of the minimum wage,NA,https://doi.org/10.1016/j.labeco.2023.102463,83.38271
aer,2024,Price Floors and Employer Preferences: Evidence from a Minimum Wage Experiment,"Firms posting job openings in an online labor market were randomly assigned minimum hourly wages. When facing a minimum wage, fewer firms hired, but those they did hire paid higher wages. Hoursworked fell substantially. Treated firms shifted to hiring more productive workers. Using the platform's imposition of a market-wide minimum wage after the experiment, I find that many of the experimental results also hold in equilibrium, including the substitution towards more productive workers. However, there was also a large reduction in the number of jobs posted for which the minimum wage would likely bind. (JEL J22, J23, J31, J38)",https://doi.org/10.1257/aer.20170637,82.639465
ilr,2020,Evaluating the Minimum-Wage Exemption of the Long-Term Unemployed in Germany,"The authors evaluate the exemption of long-term unemployed job seekers from Germany’s national minimum wage. Using linked survey and administrative micro data, they rely on a regression discontinuity design to identify the effects of the policy by comparing hiring rates, employment stability, and entry wages around the administrative threshold between short-term and long-term unemployment. They find that the exemption is very rarely used and that the minimum wage binds irrespective of past unemployment duration. While the minimum wage led to a relative rise in entry wages for the long-term unemployed compared to the short-term unemployed, the authors do not detect a relative deterioration in their employment prospects.",https://doi.org/10.1177/0019793920907036,82.55469
jpub,2024,The price and employment response of firms to the introduction of minimum wages,NA,https://doi.org/10.1016/j.jpubeco.2024.105236,81.902794
jep,2020,Solo Self-Employment and Alternative Work Arrangements: A Cross-Country Perspective on the Changing Composition of Jobs,"The nature of self-employment is changing in most OECD countries. Solo self-employment is increasing relative to self-employment with dependent employees, often being associated with the development of gig economy work and alternative work arrangements. We still know little about this changing composition of jobs. Drawing on ad-hoc surveys run in the UK, US, and Italy, we document that solo self-employment is substantively different from self-employment with employees, being an intermediate status between employment and unemployment, and for some, becoming a new frontier of underemployment. Its spread originates a strong demand for social insurance which rarely meets an adequate supply given the informational asymmetries of these jobs. Enforcing minimum wage legislation on these jobs and reconsidering the preferential tax treatment offered to self-employment could discourage abuse of these positions to hide de facto dependent employment jobs. Improved measures of labor slack should be developed to acknowledge that, over and above unemployment, some of the solo self-employment and alternative work arrangements present in today’s labor market are placing downward pressure on wages.",https://doi.org/10.1257/jep.34.1.170,81.20973
le,2021,Minimum wage and financially distressed firms: Another one bites the dust,NA,https://doi.org/10.1016/j.labeco.2021.102088,80.75899
bjir,2024,Do minimum wages crowd out union density?,"Minimum wage legislation has spread across rich democracies in recent decades in response to rising inequality and in-work poverty. However, there are concerns that state regulation of wages could reduce incentives to join a union. We empirically test this crowding out hypothesis, using (1) an event-study macro-level analysis of trade union density in 19 advanced capitalist countries between 1960 and 2017 and (2) a multi-level analysis of 32 countries (1981−2020) where we use individual-level union membership as dependent variable. We find no evidence that statutory minimum wage adoption crowds out union density. We also test whether the most vulnerable groups of employees (young, low-skilled and low-income) have a lower propensity to join a union when a minimum wage is introduced but find no effect either.",https://doi.org/10.1111/bjir.12809,80.7439
le,2023,Racial inequality in frictional labor markets: Evidence from minimum wages,NA,https://doi.org/10.1016/j.labeco.2023.102344,80.64454
le,2019,"Declining teen employment: minimum wages, returns to schooling, and immigration",NA,https://doi.org/10.1016/j.labeco.2019.03.008,77.9223
el,2020,The effects of minimum wages on teenage birth rates,NA,https://doi.org/10.1016/j.econlet.2020.109670,75.44065
el,2021,The minimum wage and annual earnings inequality,NA,https://doi.org/10.1016/j.econlet.2021.110001,74.37526
le,2021,The minimum wage and teen educational attainment,NA,https://doi.org/10.1016/j.labeco.2021.102061,74.37526
le,2020,The effect of the minimum wage on children’s cognitive achievement,NA,https://doi.org/10.1016/j.labeco.2020.101844,73.393074
ilr,2024,Incentives to Comply with the Minimum Wage in the United States and the United Kingdom,"There is substantial evidence of minimum wage non-compliance in the United States and the United Kingdom. In this article, the author compiles new, comprehensive data on the costs that minimum wage violators incur when non-compliance is detected. In both countries, the costs violators face are often little more than the money they saved by underpaying. To have an incentive to comply under existing penalty regimes, typical US firms would thus have to expect a 47% to 83% probability of detection by the Department of Labor (DOL), or a 25% probability of a successful Fair Labor Standards Act (FLSA) suit. In the United Kingdom, typical firms would have to expect a 44% to 56% probability of detection. Actual probabilities of detection are substantially lower than this for many firms and would likely remain so even with realistic increases in enforcement capacity. Improved enforcement alone is thus insufficient: Expected penalties must also substantially increase to ensure that most firms have an incentive to comply.",https://doi.org/10.1177/00197939241299417,72.939026
ilr,2020,Spillover Effects across Transnational Industrial Relations Agreements: The Potential and Limits of Collective Action in Global Supply Chains,"Using qualitative data from interviews with multiple respondents in 45 garment brands and retailers, as well as respondents from unions and other stakeholders, the authors analyze the emergence of the Action Collaboration Transformation (ACT) living wages initiative. They ask how the inter-firm coordination and firm–union cooperation demanded by a multi-firm transnational industrial relations agreement (TIRA) developed. Synthesizing insights from the industrial relations and private governance literatures along with recent collective action theory, they identify a new pathway for the emergence of multi-firm TIRAs based on common group understandings, positive experiences of interaction, and trust. The central finding is that existing union-inclusive governance initiatives provided a platform from which spillover effects developed, facilitating the formation of new TIRAs. The authors contribute a new mapping of labor governance approaches on the dimensions of inter-firm coordination and labor inclusiveness, foregrounding socialization dynamics as a basis for collective action and problematizing the limited scalability of this mode of institutional emergence.",https://doi.org/10.1177/0019793919896570,72.86688
le,2021,"Polarization, employment and the minimum wage: Evidence from European local labor markets",NA,https://doi.org/10.1016/j.labeco.2021.102076,72.37537
ilr,2024,The Young Bunch: Youth Minimum Wages and Labor Market Outcomes,"The authors estimate the effects of an increase in the youth minimum wage in the Netherlands on low-paid workers’ employment and earnings, using a difference-in-differences approach with detailed administrative data. Findings show that the increase does not have a negative effect on the number of jobs or hours worked, hence raising overall earnings for affected workers. Further, the minimum wage increase has substantial spillover effects, accounting for close to 70% of the average wage increase experienced by workers. While employment grows in fixed-term and temporary help agency contracts, the authors do not find evidence of declines in employment in other types of work arrangements, nor of labor-labor substitution. Labor market outcomes evolve most favorably for full-time incumbent workers who are not enrolled in education and are thus less likely to be transient occupants of minimum wage jobs.",https://doi.org/10.1177/00197939241239317,69.30066
le,2024,The effects of minimum wages on employment and prices—Evidence from the hairdressing sector,"This paper provides comprehensive evidence on the labor and product market effects of a high-impact minimum wage introduction in the highly competitive hairdressing sector. Using detailed administrative data, I find negligible overall employment effects, even though the minimum wage substantially increased hourly wages. However, sub-group analyses reveal considerable heterogeneity in the estimated employment effects and suggest shifts away from marginal towards regular employment. Analyses of the price effects suggest that the reform increased output prices considerably, implying that consumers largely paid for the minimum wage.",https://doi.org/10.1016/j.labeco.2024.102540,68.49653
restat,2025,Minimum Wages and Poverty: New Evidence from Dynamic Difference-in-Differences Estimates,"Abstract This study re-examines Dube (2019), which finds large and statistically significant poverty-reducing effects of the minimum wage. We show that his estimated elasticities are fragile and sensitive to (1) time period under study, (2) choice of macroeconomic controls, (3) limiting counterfactuals to geographically proximate states (“close controls”), which poorly match treatment states' pre-treatment poverty trends, and (4) accounting for potential bias caused by heterogeneous and dynamic treatment effects. Using data spanning nearly four decades from the March Current Population Survey and a dynamic difference-in-differences (DiD) approach, we find that a 10 percent increase in the minimum wage is associated with a (statistically insignificant) 0.17 percent increase in the probability of longer-run poverty among all persons. With 95% confidence, we can rule out long-run poverty elasticities with respect to the minimum wage of less than -0.129. Our null results persist across a variety of DiD estimation strategies, including two-way fixed effects, stacked DiD, Callaway and Sant'Anna, and synthetic DiD. We conclude that, to date, the preponderance of evidence suggests that minimum wage increases are an ineffective policy strategy for alleviating poverty.",https://doi.org/10.1162/rest_a_01590,67.09849
el,2020,Dynamic effects of minimum wage on growth and innovation in a Schumpeterian economy,NA,https://doi.org/10.1016/j.econlet.2020.108943,66.867294
el,2023,Income assistance programs and population health – The dual impact of minimum wages and the earned income tax credit,"In this study, we provide new evidence on the interaction of state-level minimum wages and Earned Income Tax Credit (EITC) laws on several measures of population health. Using data from the National Vital Statistics Reports between 1999 and 2018, we estimate difference-in-differences models to evaluate the dual impact of minimum wages and the EITC on various causes of mortality, such as suicides, motor accidents and assaults. While several researchers have examined the health effects of both these policies separately, few studies have examined the potential interaction effects of these policies. Specifically, while previous work has provided evidence that both minimum wages and the EITC can reduce suicide rates, our study contributes to the literature by showing that the policies have a positive dual impact on population health. We find that a $1 increase in minimum wages reduces death rates due to suicides and assaults by 3.8 percent and 15.2 percent in states with EITC laws, respectively. In contrast, we show that minimum wages do not impact these outcomes in states without state-level EITC laws.",https://doi.org/10.1016/j.econlet.2023.111508,66.60423
jce,2023,Wage and Employment Impact of Minimum Wage: Evidence from Lithuania,NA,https://doi.org/10.1016/j.jce.2022.12.002,65.6356
le,2022,Disentangling the Effects of Large Minimum Wage and VAT Changes on Prices: Evidence from Mexico,NA,https://doi.org/10.1016/j.labeco.2022.102294,61.31585
jhr,2021,Heterogeneous Impact of the Minimum Wage,Tatsushi Oka and Ken Yamada⇑ Tatsushi Oka is an associate professor of econometrics and business statistics at Monash University. Ken Yamada is a professor of economics at Kyoto University. yamada{at}econ.kyoto-u.ac.jp,https://doi.org/10.3368/jhr.58.3.0719-10339r1,61.31502
jce,2022,Minimum wage spike and income underreporting: A back-of-the-envelope-wage analysis,NA,https://doi.org/10.1016/j.jce.2022.08.003,60.66392
oep,2022,The institutional wage adjustment to import competition: evidence from the Italian collective bargaining system,"Abstract A growing body of research has contributed to understanding the labour market and political effects of globalization. This article explores an overlooked feature of trade-induced adjustments in the labour market: the institutional aspect. We take advantage of the Italian collectively bargained minimum wage system, which is based on a two-tier structure, whereby the first tier entails setting minimum wages at the national contract level. Using an instrumental variable strategy and exploiting variations in contract-level exposure to trade, we find for the 1995–2003 period that, on average, the surge in imports decreased contractual minimum wages by 1.5%. This impact increases in the share of unskilled workers employed in the contract. This negative institutional effect contrasts with a non-significant effect of trade on total wages, with the latter becoming positive and large only for highly skilled workers.",https://doi.org/10.1093/oep/gpac033,59.901627
jpub,2024,"Local minimum wage laws, boundary discontinuity methods, and policy spillovers","We use geographically precise longitudinal employment data documenting worker job-to-job mobility to study policy spillovers in the context of three local minimum wage increases. Estimated spillover impacts on wages and hours are statistically significant, geographically diffuse, and sufficient to create concern regarding interpretation of results even using not-immediately-adjacent regions as controls. Spillover effects appear less concerning with smaller interventions or those adopted in smaller jurisdictions. The boundary discontinuity method of causal inference may yield misleading results if a policy's impacts do not stop at the border of the implementing jurisdiction.",https://doi.org/10.1016/j.jpubeco.2024.105131,59.76533
jhr,2023,"Minimum Wage, Employment, and Margins of Adjustment","<h3>Abstract</h3> We decompose the employment effect of the minimum wage into changes in employment within continued establishments and changes due to the exits of establishments. For small-sized establishments, we distinguish between other labor adjustment margins, such as hours worked, hiring, and separation at the individual level. Using employer–employee matched panel data, we show that the magnitude and channels of the employment effect differ by establishment size and industry. We find a negative effect of the minimum wage on employment growth, which is highly concentrated among small establishments. In particular, in the food and lodging and manufacturing industries, a substantial part of the effect is driven by business closing.",https://doi.org/10.3368/jhr.0820-11082r3,59.61203
jhe,2023,Do minimum wage laws affect employer-sponsored insurance provision?,NA,https://doi.org/10.1016/j.jhealeco.2023.102825,59.459538
restat,2024,"Raising State Minimum Wages, Lowering Community College Enrollment","Abstract Changes in the minimum wage may impact college enrollment and educational attainment. Using institutional data on college enrollment and program completion, we find that enrollment falls markedly among students at public two-year institutions in response to increases in the minimum wage. The largest enrollment effects are seen for those students who are enrolled part-time at community colleges. We find little evidence of negative effects on the attainment of certificates or degrees, suggesting that increases in the minimum wage are unlikely to divert students from degree attainment.",https://doi.org/10.1162/rest_a_01457,58.571236
jpub,2023,"Minimum wage, social insurance mandate, and working hours",NA,https://doi.org/10.1016/j.jpubeco.2023.104951,56.52208
jpub,2021,Who pays for and who benefits from minimum wage increases? Evidence from Israeli tax data on business owners and workers,NA,https://doi.org/10.1016/j.jpubeco.2021.104423,56.02266
economica,2024,The impact of a minimum wage increase on hours worked: heterogeneous effects by gender and sector,"Abstract A minimum wage increase could lead to adverse employment effects for certain subgroups of minimum wage workers, while leaving others unaffected. This heterogeneity could be overlooked in studies that examine the overall population of minimum wage workers. In this paper, we test for heterogeneous effects of a minimum wage increase on the hours worked of minimum wage employees in Ireland. For all minimum wage workers, we find that a 10% increase in the minimum wage leads to a one‐hour reduction in weekly hours worked, equating to an hours elasticity of approximately −0.3. However, for industry workers and those in the accommodation &amp; food sector, the impact is larger, with elasticity −0.8. We also find a negative impact on the hours worked among men on minimum wage, with no significant effect for women. This is due to the disproportionate number of men working in sectors that show the greatest impact on hours. In line with suggestions from the recent literature, we attempt to identify directly those in receipt of minimum wage using hourly wage data, while also studying the dynamic impact on hours worked over multiple time periods using a fully flexible difference‐in‐differences estimator.",https://doi.org/10.1111/ecca.12555,55.565582
jpam,2024,Conflicting economic policies and mental health: Evidence from the UK national living wage and benefits freeze,"Abstract This study evaluates the mental health effects of two simultaneously implemented but conflicting policies in the UK: the National Living Wage and the benefits freeze policy. We employed the Callaway and Sant'Anna (2021) DID estimator to evaluate the heterogeneous policy effects, and we found that NLW leads to positive improvements in mental health. Also, we find the negative impact of the benefits freeze policy constricts the NLW effects. Our result is robust to the sensitivity analysis of the parallel trend assumption and the comparison group definition. Additional results support the psychosocial hypothesis that increased job satisfaction is strongly correlated with improvements in mental health. Also, we found evidence of substitution effects between work hours and leisure. Overall, our findings suggest that the effects of the NLW cannot be understood in isolation from the way the entire suite of policy instruments operates on earnings and liveable income for affected low wage workers.",https://doi.org/10.1002/pam.22592,53.27466
jlr,2022,The Impact of Recent State and Local Minimum Wage Increases on Nursing Facility Employment,NA,https://doi.org/10.1007/s12122-022-09338-x,51.978966
jae,2023,The employment effects of the minimum wage: A selection ratio approach to measuring treatment effects,"Summary I develop a method for measuring a binary treatment's effects when more than one control group is available but each control group is imperfect. To study effects of the minimum wage, for example, I compare border counties where the minimum wage increases to the set of neighboring counties, the set of neighbor‐of‐neighboring counties, and so forth. The key innovation is to model the ratio of the biases present in these comparisons. Crucially, the model contains a testable implication. The method can address spillovers and, in another application, is used to measure treatment effects away from the discontinuity in a regression discontinuity design.",https://doi.org/10.1002/jae.2954,51.66681
jpub,2024,Unintended workplace safety consequences of minimum wages,NA,https://doi.org/10.1016/j.jpubeco.2024.105247,49.901577
jlr,2021,The Minimum Wage in a Roy Model with Monopsony,NA,https://doi.org/10.1007/s12122-021-09320-z,49.251236
eer,2024,"Minimum wages, wage dispersion and financial constraints in firms",NA,https://doi.org/10.1016/j.euroecorev.2024.104678,47.691437
restat,2020,Aggregate Effects from Public Works: Evidence from India,"Abstract This paper explores the aggregate economic effects from India's National Rural Employment Guarantee Scheme (NREGS), which provides up to 100 days of labor to rural laborers at the mandated minimum wage. We examine the within-district change to nighttime lights, a proxy for economic development, and banking deposits using the staggered program rollout for identification. We find consistent and robust evidence that NREGS increased aggregate economic output by 1% to 2% per capita measured by nighttime lights. This effect, however, is not equal across districts. We observe no positive effect of the program in poorer districts, illuminating an important source of heterogeneity.",https://doi.org/10.1162/rest_a_00993,44.343773
economica,2022,"Inequality, Redistribution and Wage Progression","Changes in the structure of work and families over the last four decades have increased many labour market inequalities. Growing earnings inequality, adverse labour market ‘shocks’ for the low‐educated, and geographically concentrated pockets of deprivation are among the most evident of these in Britain. The decade since the financial crisis has brought these inequalities into sharper focus, and the Covid‐19 pandemic has further exacerbated labour market inequality. The object of this paper is to highlight the key role played by poor wage progression for lower‐ and middle‐educated workers in understanding inequality in the labour market and for designing effective policy responses. It is unlikely that we can address all the concerns about low wages, wage progression and earnings inequality through the tax and welfare system alone. The challenge is how best to balance tax and welfare benefit policy with other policies, such as human capital policies, the minimum wage and labour market regulation. The results point to a mix of policies that aim to enhance wage progression for the lower‐educated within a welfare system that supports low‐earning families and provides a minimum wage floor for hourly wages.",https://doi.org/10.1111/ecca.12425,42.155094
le,2024,Unemployment effects of the German minimum wage in an equilibrium job search model,NA,https://doi.org/10.1016/j.labeco.2024.102626,42.05801
jole,2025,Minimum Wage Effects and Monopsony Explanations,NA,https://doi.org/10.1086/735551,41.755634
restud,2021,"Workforce Composition, Productivity, and Labour Regulations in a Compensating Differentials Theory of Informality","Abstract We develop a search model of informal labour markets with realistic labour regulations, including minimum wage, and heterogeneous workers and firms. Smaller firms and lower wages in the informal sector emerge endogenously as firms and workers decide whether to comply with regulations. Because skilled and unskilled workers are imperfect substitutes in production, the model uniquely captures the informality consequences of shocks that affect returns to skill, such as rising educational levels. The model also reproduces empirical patterns incompatible with other frameworks: the presence of skilled and unskilled workers in the formal and informal sectors, the rising share of skilled workers by firm size, and formal and firm-size wage premiums that vary by skill level. We estimate the model using 2003 data from Brazil and show that it successfully predicts labour market changes observed between 2003 and 2012. Under a range of different assumptions, changes in workforce composition appear as the main drivers of the reduction in informality over this period. Policy simulations using the estimated model suggest that progressive payroll taxes are a cost-effective way to reduce informality.",https://doi.org/10.1093/restud/rdab017,41.607857
le,2024,Long-term employment effects of the minimum wage in Germany: New data and estimators,NA,https://doi.org/10.1016/j.labeco.2024.102648,40.38975
el,2022,Does measurement error explain the increase in subminimum wage payment following minimum wage increases?,NA,https://doi.org/10.1016/j.econlet.2022.110638,40.242504
le,2021,The impact of the minimum wage on the characteristics of new establishments: Evidence from South Korea,NA,https://doi.org/10.1016/j.labeco.2021.102059,39.421463
jpam,2021,THE ECONOMICS OF A $15 FEDERAL MINIMUM WAGE BY 2025,NA,https://doi.org/10.1002/pam.22333,38.800175
icc,2022,Reconsidering macroeconomic policy prescriptions with meta-analysis,"Abstract This paper investigates recent developments in meta-analysis, the tool to quantitatively synthesize research in a certain body of literature. After providing a brief overview on how to do a meta-analysis and discussing recent methodological advancements, I review applied contributions to the field of macroeconomics. It turns out that meta-analyses have often questioned the conventional wisdom and established new consensuses in fiscal, monetary, and labor market policies by uncovering substantial publication bias and unexpected determining factors in many bodies of literature—in particular those dominated by policy conclusions in the neoclassical tradition like minimum wages, central bank strategies, financial regulation and the relative effects of tax and spending policies.",https://doi.org/10.1093/icc/dtac005,37.66673
ee,2022,The long shadow of child labour on adolescent mental health: a quantile approach,"Abstract This study examines the heterogeneous effect of child labour on adolescent mental health using longitudinal household data from the Indonesia Family Life Survey. We use legislative minimum wage as an instrument to address the endogeneity bias of child work. Results from the instrumental variable quantile estimation indicate that the effect of child labour is heterogeneous across the mental health distribution. Specifically, working as a child increases the mental health score (CES-D score) at all quantiles and the magnitude of the effect is large above the median of the distribution. This suggests that child workers are likely to develop depression later in life, especially adolescents with poor mental health. Additionally, we find that the effect of child work on adolescent mental health is greater for boys compared to girls.",https://doi.org/10.1007/s00181-022-02241-5,35.63448
jpam,2021,SHOULD THE FEDERAL MINIMUM WAGE BE INCREASED TO $15 PER HOUR?,NA,https://doi.org/10.1002/pam.22364,35.069176
sej,2019,Assessing the Efficacy of Consumer Boycotts of U.S. Target Firms: A Shareholder Wealth Analysis,"This article analyzes the effectiveness of 125 U.S. boycotts from 1978 to 2017. On average, the results suggest that actual consumer boycott calls against U.S. target firms (treatment firms) had a negative and statistically significant effect on the shareholder wealth of U.S. target firms. The synthetic control method and the placebo tests confirmed that the negative cumulative abnormal returns (CAR) observed here are robust and not due to idiosyncratic shocks unrelated to the announced boycotts. Negative and statistically significant boycott effects were also found for boycott threats and categorical issues related to union issues, animal rights, living wages in less‐developed countries, racial/sexual discrimination, ideological issues, and political/religious boycotts. The results also show that firms with a higher level of competition and advertising activity experienced larger negative boycott effects; and firms with higher net income observed mitigated boycott effects.",https://doi.org/10.1002/soej.12389,34.982887
le,2024,Federal minimum wage expansion to homecare workers: Employment and income effects,NA,https://doi.org/10.1016/j.labeco.2024.102511,34.668217
le,2024,Minimum wage and self-employed business owners: Evidence from South Korea,NA,https://doi.org/10.1016/j.labeco.2024.102539,33.29331
bjir,2025,The Impact of a Rising Wage Floor on Labour Mobility Across Firms,"ABSTRACT In April 2016, the National Living Wage (NLW) raised the statutory wage floor for employees in the United Kingdom aged 25 and above by 50 pence per hour. This uprating was almost double any in the previous decade and expanded the share of jobs covered by the wage floor by around 50%. Using a difference‐in‐differences approach with linked employer–employee data from the UK's Annual Survey of Hours and Earnings, we examine how the introduction and uprating of the NLW affected the likelihood of minimum‐wage employees changing firms. We find some evidence that the NLW reduced the rate of job‐to‐job transitions among such workers, consistent with predictions that an increase in the wage floor discourages job search. However, we find no evidence that the NLW affected differences in job mobility between minimum wage workers and their co‐workers in the same firm. Together, these findings suggest that the increased wage floor made quits less attractive to minimum‐wage workers in firms with limited opportunities for progression.",https://doi.org/10.1111/bjir.70008,32.26261
jbes,2023,Oracle Efficient Estimation of Heterogeneous Dynamic Panel Data Models with Interactive Fixed Effects,We propose a two-step procedure to estimate a heterogeneous dynamic panel data model with interactive fixed effects. We establish the asymptotic properties of the estimators and show that the final estimator is oracle efficient. We also propose a specification test for the null hypothesis of homogeneous slopes and study the asymptotic properties of the test statistic under both local and global alternatives. Simulations demonstrate the fine performance of the estimator and test statistic. The new estimation and inference methods are applied to study the heterogeneous effects of minimum wage on employment across different counties in the United States. Our dynamic model suggests that the changes of employment range from about–1% to 1% when the minimum wage increases by 1%.,https://doi.org/10.1080/07350015.2023.2294124,31.942476
ir,2023,Power resources for disempowered workers? Re‐conceptualizing the power and potential of consumers in app‐based food delivery,"Abstract Consumers play an integral role in the labor process of app‐based food delivery services through their consumption behaviors and performance ratings of workers. Some therefore see them as a potential ally of workers, whereas others view them as beholden by capital. This quantitative study uses power resource theory and a Rasch model to appraise consumers' understandings and attitudes toward working conditions in this segment of the “gig” economy. Drawing on two surveys of 1820 Australian consumers, we find that consumers are a potential yet heterogenous coalitional power resource who may align with workers on certain entitlements like minimum wages.",https://doi.org/10.1111/irel.12340,31.550983
jae,2020,A distributional synthetic control method for policy evaluation,Summary We extend the synthetic control method to evaluate the distributional effects of policy intervention in the possible presence of poor matching. The counterfactuals (or intervention effects) are identified by matching a vector of pre‐intervention quantile residuals of the treated unit and a convex combination of its potential‐control counterparts. The residuals are orthogonal to a set of observable common factors that control for the potentially poor matching. We also apply our method to a set of case studies that explore the distributional effects of state‐level minimum‐wage hikes in the USA.,https://doi.org/10.1002/jae.2778,31.167854
el,2023,Minimum wage effects within Census Based Statistical Areas: A matched pair cross-border analysis,NA,https://doi.org/10.1016/j.econlet.2023.111220,29.61699
restat,2022,The Evolution of Technological Substitution in Low-Wage Labor Markets,"Abstract This paper uses minimum wage hikes to evaluate the susceptibility of low-wage employment to technological substitution. We find that automation is accelerating and supplanting a broader set of low-wage routine jobs since the 2008–2009 financial crisis. Simultaneously, low-wage interpersonal jobs are increasing and offsetting routine job loss. However, interpersonal job growth does not appear to be enough, as it was prior to the financial crisis, to fully offset the negative effects of automation on low-wage routine jobs. Employment losses are most evident among non-Asian people of color who experience outsized losses at routine jobs and smaller gains at interpersonal jobs.",https://doi.org/10.1162/rest_a_01222,29.358618
qje,2023,Trading Nontradables: The Implications of Europe’s Job-Posting Policy,"Abstract This article examines the labor market implications of the EU posting policy, a large temporary migration program facilitated by the liberalization of the free provision of services in Europe. Posting allows EU firms to send (post) their employees abroad to export customer-facing services. Combining administrative data and quasi-experimental policy variation, I find that the policy permanently increased total factor mobility in Europe without crowding out traditional migration. This result suggests that unrealized gains from trade in factor services remained despite the absence of regulatory barriers to trade and migration in the EU. Furthermore, posted workers are mostly sent from low-wage countries to perform manual tasks in sectors formerly insulated from trade, and they represent a substantial share of EU migrant workers. In receiving countries, posting had persistent negative effects on employment for domestic workers in the more exposed sectors and local labor markets, but it had no effects on domestic wages. In low-wage sending countries, firms in formerly “nontradable” sectors experienced increased sales, profits, and tax payments when exporting services through posting. Posted workers earn more once sent abroad but remain paid at lower wages than comparable domestic workers in the receiving country. Wage gains for posted workers are mostly explained by minimum wages enforced by the EU policy, highlighting the role of labor market regulations in shaping the way gains from globalization are shared between labor and capital owners in origin countries.",https://doi.org/10.1093/qje/qjad032,29.094261
jole,2025,The Heterogeneous Effects of Large and Small Minimum Wage Changes: Evidence Using a Partially Pre-Committed Analysis Plan,NA,https://doi.org/10.1086/736552,29.002914
bjir,2021,"Rent sharing in China: Magnitude, heterogeneity and drivers","Abstract Do firms in China share rents with their workers? We address this question by examining firm‐level panel data covering virtually all manufacturing firms over the period 2000–2007, representing an average of 52 million workers per year. We find evidence of rent sharing (RS), with wage–profit elasticities of between 4% and 6%. These results are based on multiple instrumental variables, including firm‐specific international trade shocks. We also present a number of complementary findings to understand better the nature of RS in the country: it involves an element of risk sharing, as wages also decrease when profits fall; RS is lower in regions with more latent competition from rural workers; higher minimum wages tend to reduce RS; and, while employer labour market power reduces wages, it increases RS. Overall, despite its importance, RS in China is smaller and more symmetric than in developed economies, which reflects the weaker bargaining power of its workers and the earlier stage of development of its labour market institutions.",https://doi.org/10.1111/bjir.12609,27.66078
jbes,2020,Dynamic Semiparametric Factor Model With Structural Breaks,"For the change-point analysis of a high-dimensional time series, we consider a semiparametric model with dynamic structural break factors. With our model, the observations are described by a few low-dimensional factors with time-invariant loading functions of the covariates. Regarding the structural break, the factors are assumed to be nonstationary and follow a vector autoregression process with a change in the parameter values. In addition, to account for the known spatial discrepancies, we introduce discrete loading functions. We study the theoretical properties of the estimates of the loading functions and the factors. Moreover, we provide both the consistency and the asymptotic normality for making an inference on the estimated breakpoint. Importantly, our results hold for both large and small breaks in the factor dependency structure. The estimation precision is further illustrated via a simulation study. Finally, we present two empirical applications in modeling the dynamics of the minimum wage policy in China and analyzing a limit order book dataset. Supplementary materials for this article are available online.",https://doi.org/10.1080/07350015.2020.1730857,27.134418
bjir,2020,Measuring Multi‐Dimensional Labour Law Violation with an Application to South Africa,"Abstract The rights of workers contained in labour law are multi‐dimensional, and where workers face violations in more than one dimension, this compounds worker vulnerability. Yet, past analysis has tended to concentrate on compliance one dimension at a time — often with an almost exclusive focus on minimum wages. How can we conceptualize and measure compliance with labour laws more comprehensively? This article draws on the multi‐dimensional poverty literature to set up an index that measures the extent of labour law violation along different dimensions. This index is then applied to South Africa to illustrate its application, and examine the insights such an index can provide on the nature and granular structure of compliance and levels of worker vulnerability. A quantile regression approach reveals how correlates of compliance vary substantially across the distribution of violation, highlighting that the probability of violation at the individual level is not linear but multiplicative in nature. As in the field of poverty studies, the development of multi‐dimensional measures for labour violation can offer a broader understanding of the impact of overlapping vulnerabilities.",https://doi.org/10.1111/bjir.12580,26.949018
ilr,2024,"Book Review: <i>The Real Living Wage: Civil Regulation and the Employment Relationship</i>. By Edmund Heery, Deborah Hann, and David Nash",NA,https://doi.org/10.1177/00197939241255065,24.088074
bjir,2022,Living wages and the welfare state: The Anglo‐American social model in transitionShaunWilsonBristol: Polity Press. 2021,"This book is a welcome evaluation of six English-speaking `liberal` welfare states Australia, Canada, Ireland, New Zealand, and United Kingdom, and the United States, comparing decent minimum wage or living wages.Chapter 1 uses the Kaitz index-a measure that compares the relative value of the minimum wage compared to the median wage.The discussion evaluates how minimum wages influence at least ten per cent of each of the workforce of each nation.The study outlines definitions of statutory minimum wages, actual `voluntary` living wages, conditions of employment policies and the welfare state interventions providing social security support (Table 1.1 Definitional scope of minimum and living wages.p. 9).A particular comparison is the differentiation between statutory minimum intervention and voluntary `real` living wage campaigning in and Anglo-American context (including Canada).",https://doi.org/10.1111/bjir.12666,23.824406
bjir,2021,"Minimum wage regimes. Statutory regulation, collective bargaining and adequate levels, by Dingeldey, I., Grimshaw, D., Schulten, T. (eds). Abingdon: Routledge,2021.",NA,https://doi.org/10.1111/bjir.12652,23.773323
ei,2019,"CONSEQUENCES OF OFFSHORING TO DEVELOPING NATIONS: LABOR‐MARKET OUTCOMES, WELFARE, AND CORRECTIVE INTERVENTIONS","Our parsimonious two‐country (developed country and developing country) model of offshoring provides nuanced results. These include cases where wages monotonically improve, as well as where wages exhibit an inverted‐U relationship with offshoring cost reductions. We identify conditions under which these relationships hold. Since global welfare always rises with improvements in offshoring technology, we find that there is a role for a minimum wage (alternatively, wage tax) in the developing country. We derive such a policy's optimal level. There is also the possibility of a developed country optimal offshoring tax for extracting terms‐of‐trade benefits. We, finally, analyze the two‐country Nash equilibrium in policies. ( JEL F11, F13, F16, F66, O19, O24)",https://doi.org/10.1111/ecin.12833,23.576609
eer,2022,Labor market policy in the presence of a participation externality,"A participation externality occurs when vacancy creation depends on workforce composition. As marginal workers enter the labor market, they lower the average quality of the workforce. This suppresses vacancy creation but is not internalized by the new entrants. This paper studies how this externality interacts with search externalities and the efficacy of policies at addressing it. These externalities interact because either party may retain an inefficient share of the surplus and workforce composition affects the expected surplus. We show that when chosen optimally, minimum wages and unemployment insurance partially address both externalities, but minimum wages primarily affect participation, while unemployment insurance primarily affects search externalities.",https://doi.org/10.1016/j.euroecorev.2022.104081,23.071547
economica,2024,On the inefficiency of non‐competes in low‐wage labour markets,"We study the efficiency of non‐compete agreements (NCAs) in an equilibrium model of labour turnover. The model is consistent with empirical studies showing that NCAs reduce turnover and average wages for low‐wage workers. The model also predicts that, by reducing turnover, NCAs raise recruitment and employment. We show that optimal NCA policy: (i) is characterized by a Hosios‐like condition that balances the benefits of higher employment against the costs of inefficient congestion and poaching; (ii) depends critically on the minimum wage; and (iii) alone cannot always achieve the constrained‐efficient allocation—a result that also holds for optimal minimum wage policy—yet with both policies, efficiency is always attainable. To guide policymakers, we derive a sufficient statistic in the form of an easily computed employment threshold above which NCAs are necessarily inefficiently restrictive, and show that employment levels in current low‐wage US labour markets typically exceed this threshold. Finally, we calibrate the model and show that Oregon's 2008 NCA ban for low‐wage workers increased welfare modestly (by roughly 0.1%), and that if policymakers had also raised the minimum wage to its optimal level conditional on the enacted NCA ban (a 30% increase), then welfare would have increased more substantially—by over 1%.",https://doi.org/10.1111/ecca.12514,22.039165
icc,2021,The effect of labor market institutions and macroeconomic variables on aggregate unemployment in 1990–2019: Evidence from 22 European countries,"Abstract This paper investigates the long-run effect of a wide set of labor market institutions (LMIs) and macroeconomic variables on aggregate unemployment for a panel of 22 European countries over the period 1990–2019. First-difference feasible generalized least squares model, Prais-Winsten regression with panel-corrected standard errors, two-step generalized method of moments estimation of the fixed effects, and fixed-effects regression with Driscoll and Kraay standard errors are estimated. The results suggest that employment protection legislation, wage bargaining coordination and centralization, minimum wage, and immigration inflows are significantly and negatively associated with the aggregate unemployment rate. Conversely, union density, product market regulation (PMR), and tax wedge have a positive and significant correlation with unemployment rate. The impact of corporate tax rate and government size is mostly positive. Moreover, the interaction between LMIs does matter and may sometimes change the interpretation of some reforms taken in isolation. Stronger wage-setting institutions may offset the negative impact of PMR and the tax wedge. Macroeconomic variables are generally consistent with the major literature and do not change LMIs interpretation. Among macroeconomic factors, capital accumulation plays the most important role in reducing the unemployment rate. Finally, my findings suggest the implementation of economic policies consistent with Keynesian theory and all those economists—such as Solow (1990)—who look at the labor market as a social institution.",https://doi.org/10.1093/icc/dtab074,21.967821
ilr,2020,The Future of Labor Localism in an Age of Preemption,"In recent years, labor and civil rights groups have successfully pushed for local regulation raising the minimum wage, creating new parenting and sick leave policies, and broadening anti-discrimination protections to address sexual orientation and gender identity discrimination. This article examines the viability of this worker-protective regulation at the local level in the face of current legal and political challenges. In particular, it considers the rise of state preemption laws that overturn local ordinances, which is the product of anti-regulatory mobilization at the state legislative level. The article provides case studies of state preemption and offers potential legal arguments for challenging preemption and safeguarding labor and civil rights localism. The author concludes, however, that given the uncertainty of whether these legal arguments will prevail in court, civil rights and labor advocates will need to engage politics at the state level to preserve and expand local innovations.",https://doi.org/10.1177/0019793920970932,21.584278
sej,2025,Minimum Wages and Homelessness,"ABSTRACT Economic theory offers competing predictions about how minimum wage policies might affect homelessness. While minimum wages might reduce homelessness by raising incomes, they could also trigger employment disruptions and negative income shocks identified in the literature as proximate causes of homelessness. Policy effects might be heterogeneous because the risk factors for homelessness—substance abuse, mental illness, unstable support network, and so on—correlate with lower labor market competitiveness. Using synthetic and local‐projection difference‐in‐differences methods with Department of Housing and Urban Development point‐in‐time counts, I find minimum wage increases between 2006 and 2019 led to more homelessness in American municipalities. This finding could help explain why homelessness surged in places that substantially increased minimum wages like New York, Seattle, and San Francisco while falling in localities with inflation‐adjusted declines. Further analysis suggests employment effects more likely drove these increases than housing prices or migration. The findings highlight distributional consequences of minimum wage policies and add to our understanding of homelessness.",https://doi.org/10.1002/soej.12779,21.379354
ilr,2024,The Europeanization of Wage Policy and Its Consequences for Labor Politics: The Case of Ireland,"This article investigates the transnational labor politics associated with the Europeanization of wage policy, based on process tracing of Irish minimum wage regulation reforms over the past two decades. The policy struggle in Ireland started as an employer-led domestic challenge to market-embedding regulation and was then affected by two EU interventions on wage policy: one with a de-regulatory orientation (during EU-IMF conditionality) and one with a re-regulatory one (with the approval of the EU minimum wage directive). Findings show that differences in collective action undertaken by employers and trade unions to influence wage policy at the national level can be explained by the intersection of each actor’s preferences toward market-constraining or liberalizing labor regulation and their access to supranational (EU-level) institutions and support. This analysis contributes to debates on how transnational opportunity structures can alter labor’s and employers’ local power resources and strategies.",https://doi.org/10.1177/00197939241268065,21.273722
economica,2024,Goods market desirability of minimum wages,"Abstract This paper presents a general equilibrium model incorporating heterogeneous firms and a perfectly competitive labour market to explore the desirability of minimum wages. We demonstrate that a low minimum wage could enhance social welfare, assuming equal weighting for all individuals. This occurs because the introduction of minimum wages has the potential to mitigate the goods market distortions arising from imperfect competition, firm heterogeneity and free entry. Additionally, we illustrate that the optimal minimum wage is positively associated with the preference intensity for differentiated products relative to the numeraire and population size, while it negatively correlates with the degree of love for variety, entry cost, and upper bound of marginal labour requirements.",https://doi.org/10.1111/ecca.12544,20.102858
economica,2025,The effects of a disability employment quota when compliance is cheaper than defiance,"Abstract This paper evaluates the effects of the Hungarian disability employment quota, which requires firms over a size threshold to employ individuals with disabilities or pay a non‐compliance tax. In 2010, the tax was raised from very low levels to 170% of the minimum wage cost associated with meeting the quota. We employ a regression discontinuity design on firm‐level data to estimate the effects of the policy and provide a lower‐bound estimate to account for the potential bias resulting from firms bunching below the threshold. Firms respond to the quota by hiring 0.24–0.29 additional workers with disabilities, with a lower bound estimate of 0.12–0.17. However, about two‐thirds of the quota is not fulfilled, which is puzzling as the tax is higher than the minimum wage cost of a worker with disabilities. Our model shows that high hiring costs associated with employing individuals with disabilities might be an important factor behind this anomaly. We test this hypothesis by showing that the effect is weaker in regions with a low share of individuals with disabilities, implying that without adequate policies targeting the removal of supply‐side barriers to the employment of people with disabilities, even strong demand‐side financial incentives cannot achieve their goals.",https://doi.org/10.1111/ecca.12568,20.044567
qje,2025,"The Race Between Education, Technology, and the Minimum Wage",Abstract What is the impact of the real minimum wage on wages and inequality? I develop a theory that nests “The Race Between Education and Technology.” The theory predicts that the impact of changes in minimum wages is initially small but grows over time. I present empirical evidence of these dynamic effects: the elasticity of real wages grows substantially over a three-year period. I additionally show that minimum wages help rationalize a considerable decline in real wages of low-education workers in the 1980s and play a role in shaping the evolution of the U.S. college premium.,https://doi.org/10.1093/qje/qjaf014,18.704674
jhr,2024,Who Paid Los Angeles’ Minimum Wage?,"<h3>Abstract</h3> We analyze how the incidence of minimum wage increases falls on customers by studying two minimum wages in Los Angeles County that remained unequal for over five years. Because Los Angeles' municipal borders are porous, the case resembles a natural experiment. Using a novel 5-year price survey dataset, we show that the full incidence of the higher minimum wage fell on customers in high-income neighborhoods, and that none of the incidence fell on customers in low-wage neighborhoods. Additionally, exposure to competitors subject to a lower minimum wage mitigated these effects, and lower-wage restaurants exposed to higher-wage competitors received monopoly rents.",https://doi.org/10.3368/jhr.0223-12761r2,18.654068
aer,2025,Leaders in Social Movements: Evidence from Unions in Myanmar,"Social movements are catalysts for crucial institutional changes. To succeed, they must coordinate members’ views (consensus building) and actions (mobilization). We study union leaders within Myanmar’s burgeoning labor movement. Union leaders are positively selected on both ability and personality traits that enable them to influence others, yet they earn lower wages. In group discussions about workers’ views on an upcoming national minimum wage negotiation, randomly embedded leaders build consensus around the union’s preferred policy. In an experiment that mimics individual decision-making in a collective action setup, leaders increase mobilization through coordination. (JEL D91, J38, J51, O15)",https://doi.org/10.1257/aer.20230758,17.781834
sej,2019,Cross‐Country Evidence on Labor Market Institutions and Young Adult Employment through the Financial Crisis,"I develop and analyze a set of cross‐country facts regarding employment and wage setting institutions over the decade surrounding the 2008 financial crisis. Among long‐industrialized countries, young adult employment declined more than prime age employment over this time period. I show that differences in countries' wage setting institutions strongly predict variations in the magnitude of declines in young adult employment. Both unconditionally and conditional on changes in macroeconomic conditions, young adult employment declined 5 percentage points less in countries where wage setting is driven by collective bargaining arrangements than in countries with statutory wage floors. Evidence on the evolution of legislated minimum wage rates and of an asymmetry in the relationship between growth and young adult employment suggest an important role for a standard “wage rigidity” mechanism.",https://doi.org/10.1002/soej.12373,17.709
bjir,2024,Minimum or Living Wage? Framing Effects on Preferences and Expectations,"ABSTRACT Living wage campaigns are widely studied, yet less is known about how the frame differs from the minimum wage regarding public opinion and preferences. Such framing effects hold policy implications, as in 2016, UK Government changed the name of the regulatory wage floor to a living wage, concurrent with calls for welfare benefits cuts. This study explores how using the frame of ‘living’ rather than ‘minimum’ wage changes public socioeconomic expectations and preferences, and examines how a proposed wage increase, ranging from 50p to £6, comparatively influences public support for welfare spending. Methodologically, a sample from the United Kingdom's general population was recruited to participate in a series of online survey experiments. Treatment frames were randomly administered, followed by questions regarding the regulatory wage floor, and socioeconomic and redistributive preferences. Findings suggest introducing the term ‘living wage’ results in (1) higher expected real wages and unemployment effects; (2) raises the preferred wage floor for the United Kingdom and London; (3) greater desire for separate regional wage floors and (4) modest evidence suggesting that a living wage frame increases support for welfare spending. Interestingly, a proposed monetary wage floor increase had a null effect on welfare preferences when calling for a low or modest increase. However, a substantial proposed increase of over 50% led to a sharp reduction in support for benefits spending.",https://doi.org/10.1111/bjir.12847,17.392942
jep,2022,Retrospectives: Sadie T.M. Alexander: Black Women and a “Taste of Freedom in the Economic World”,"The employment history of African American women is notable because of their higher labor force participation rates compared to other women in the US. This essay discusses Sadie T.M. Alexander’s analysis of Black women and work based on her 1930s speeches and writings. Alexander assessed Black women workers’ contribution to Black American living standards and national output. A proponent of women’s gainful employment and economic independence, Alexander’s views on the benefits of industrial employment for women and family life stood in stark contrast to White social welfare reformers who discouraged maternal employment in favor of households with male breadwinners. Alexander criticized the unequal treatment of Black and White women under protective labor law, particularly with respect to domestic servants’ exclusion from New Deal minimum wage and maximum hour protections. The legacy of discriminatory policies continues to affect the economic status of African American women today through racial disparities in social welfare provisions and worker benefits.",https://doi.org/10.1257/jep.36.4.205,16.961208
ei,2025,Employment effects of minimum wage indexing: Establishment evidence from Oregon restaurants,"Abstract Though 18 states will index their minimum wage to the Consumer Price Index by 2025, few studies have examined indexing's differential employment effects. Leveraging a period of stability in minimum wages (2000–2007) and two distinct national geocoded databases of establishments, we explore how indexing affected employment in Oregon restaurants, one of the earliest indexing states (2003). Nearest‐neighbor matching is used as a preprocessing step before regression, pairing individual restaurants in Oregon to restaurants with similar characteristics in states where the minimum wage was unchanged. We find evidence that establishment employment falls 3.6% after indexing, implying an employment elasticity of −0.18.",https://doi.org/10.1111/ecin.13284,16.842337
ir,2025,"Do Higher Tipped Minimum Wages Reduce Race, Ethnic, or Gender Earnings Gaps for Restaurant Workers?","ABSTRACT One of the arguments increasingly made to support large minimum wage increases is that they decrease wage or earnings gaps for minorities or women. The argument is often made with particular reference to higher tipped minimum wages for restaurant workers, because of discrimination in tipping that is immune to equal pay policy requirements. Of course, even if higher tipped minimum wages reduce hourly pay differences between groups, increases in tipped minimum wages can reduce employment or hours among restaurant workers, and these effects could differ by race and gender, so implications for hourly earnings do not necessarily extend to overall earnings. We estimate the impact of variation in tipped minimum wages—or, equivalently, tip credits—on earnings of restaurant workers (which ignores employment variation but incorporates hours variation). We find that tipped minimum wages raise hourly earnings of women, but not of Blacks or Hispanics. But tipped minimum wages generally do not raise weekly earnings for these groups (because of hours declines for women). In contrast, regular minimum wages boost hourly and weekly earnings of all three groups of restaurant workers, with the effects arising from non‐tipped workers.",https://doi.org/10.1111/irel.70003,16.838959
bjir,2025,A Comparison of Approaches for Identifying Minimum Wage Workers: Direct Question Versus Administrative Earnings Data,"ABSTRACT The ability to identify minimum wage employees is essential for minimum wage research. When the minimum wage is set at an hourly rate, such as in Ireland, Germany, the United States and the United Kingdom, researchers often combine monthly or weekly earnings data with self‐reported hours worked to calculate an hourly wage to determine if a worker is on minimum wage. This may lead to misclassification, whereby higher paid employees are misclassified as minimum wage employees or vice versa. An alternative, but less common, approach for identifying minimum wage employees is to use a direct survey question. Ireland is the only country in Europe whose labour force survey includes both linked administrative earnings data and a direct minimum wage question, thereby facilitating a comparison of both approaches. When studying the incidence, characteristics and outcomes associated with minimum wages, we show that the choice of approach (administrative data vs. survey question) can produce different results. We discuss the limitations of each approach when it comes to implementing difference‐in‐differences analysis to study the impacts of a minimum wage increase. We then combine useful features from both approaches to come up with a difference‐in‐differences estimate that overcomes some of the limitations that exist when using either approach on its own. We argue that the addition of a standardised minimum wage question in labour force surveys across Europe would allow researchers to provide more robust estimates on the impacts of minimum wage changes, while also facilitating cross‐country minimum wage research.",https://doi.org/10.1111/bjir.12886,16.408012
sej,2021,When is tinkering with safety net programs harmful to beneficiaries?,"Abstract Interactions between redistributive policies can confront low‐income households with complicated choices. We study one such interaction, namely the relationship between Medicaid eligibility thresholds and the minimum wage. A minimum wage increase reduces the number of hours a low‐skilled individual can work while retaining Medicaid eligibility. We show that the empirical and welfare implications of this interaction can depend crucially on the relevance of labor market frictions. Absent frictions, affected workers may maintain Medicaid eligibility through small reductions in hours of work. With frictions, affected workers may lose Medicaid eligibility unless they leave their initial job. Empirically, we find that workers facing this scenario became less likely to participate in Medicaid, less likely to work, and more likely to spend time looking for new jobs, including search while employed. The observed outcomes suggest that low‐skilled workers face substantial labor market frictions. Because adjustment is costly, tinkering with safety net program parameters that determine the location of program eligibility notches can be harmful to beneficiaries.",https://doi.org/10.1002/soej.12530,16.402061
qje,2025,Voluntary Minimum Wages: The Local Labor Market Effects of National Retailer Policies,"Abstract Low unionization rates, a falling real federal minimum wage, and outsourcing have hampered wage growth in the low-wage sector in the US for several decades. In recent years (2014-2023), a number of large private retailers – including some of the largest employers in the U.S. – have opted to institute or raise company-wide, voluntary minimum wages (VMWs) for their employees. We use anonymized payroll data from a large credit bureau and a major payroll provider to study the effects of these national retailer policies on adopting employers’ own wages and employment as well as their spillovers to other employers in shared local labor markets, variously defined. Using stacked event studies centered around multiple VMW events and a continuous treatment variable defined as the gap between local area wages and the company minimum, we find that VMWs result in sizable wage increases and reductions in turnover at the companies that implemented them. Turning to wages at other companies, we estimate small, often economically negligible, spillover effects across multiple measures of exposure to VMWs and numerous definitions of relevant competitors, including firms connected by worker flows. Together, the evidence points to little role for strategic interactions in the transmission of large retailers’ wage policies to other firms. Voluntary minimum wage policies have affected over 3 million jobs at adopting employers, yet their impact on the broader labor market is limited.",https://doi.org/10.1093/qje/qjaf016,15.989624
jhe,2020,Can Labor Market Policies Reduce Deaths of Despair?,NA,https://doi.org/10.1016/j.jhealeco.2020.102372,15.048057
bjir,2025,Minimum Wages and Human Capital Investment: A Meta‐Regression Analysis,"ABSTRACT We apply meta‐regression analysis to assess the effect of the minimum wage on two types of human capital, formal education enrolment and on‐the‐job training, using 892 reported estimates of these effects. On average, raising the minimum wage reduces enrolment in all countries assessed. The minimum wage has a somewhat moderate positive effect on training in the United States and no significant training effect elsewhere. There is no publication bias in the formal education and modest bias in the training literature. Heterogeneity among reported estimates is primarily driven by data differences, alternative specifications and measures of the relevant variables.",https://doi.org/10.1111/bjir.12881,14.858543
labour,2024,Employment and Distributional Effects of Greece's National Minimum Wage,"ABSTRACT This paper explores the short‐run effects of minimum wage policies on the distribution of earnings and employment. We exploit the variation in the “bite” of the minimum wage across region‐industry cells, employing data from the Greek Labour Force Survey over the period 2015–2020. Using a Difference‐in‐Differences strategy, we estimate unconditional quantile regressions that yield economically important effects, at the bottom end of the earnings distribution. In particular, the estimated coefficients suggest a 14% and 7% rise in the wages for workers concentrated around the 10th and the 20th percentile, respectively. Importantly, we find that this does not come at the expense of disemployment effects, either at the extensive or at the intensive margin.",https://doi.org/10.1111/labr.12284,13.933434
sej,2025,Effects of family income on child academic achievement: Evidence from changes in the minimum wage,"Abstract We examine the effect of family earnings on child math and reading test scores using the minimum wage as an instrument for family earnings. We show that a higher minimum wage raises earnings significantly and that the effect of the minimum wage on family earnings varies by maternal skill. Notably, a higher minimum wage is not associated with meaningful reductions in maternal work hours and weeks worked. Overall, we find that family earnings have little effect on child achievement test scores. OLS estimates are positive, but very small. IV estimates are small and mostly statistically insignificant, but precisely enough estimated to rule out benefits exceeding 0.03 standard deviations per additional $1000 earnings.",https://doi.org/10.1002/soej.12777,13.42766
ilr,2023,"First to $15: Alberta’s Minimum Wage Policy on Employment by Wages, Ages, and Places","Most minimum wage studies are identified on small, plentiful, mostly expected wage changes, spread out over time. A recent set of changes have instead been large, rapid, and unexpected, following the “Fight for $15” movement. Alberta is the first North American province, state, or territory to have this $15 minimum wage, with an unexpectedly large increase (47%) occurring over a short time horizon (3 years). The employment effects of this policy are estimated using a synthetic control approach on Labour Force Survey data. Similar to the existing literature, workers moved up the wage distribution, increment by increment, but with a higher distributional reach. Employment losses occurred at similar elasticities, but with large level changes, mostly among younger workers. Newer to the literature, regional employment losses were found in four of the five non-urban economic regions, but not in Alberta’s two main cities, showing the significance and nuance of regional heterogeneity.",https://doi.org/10.1177/00197939231213064,12.535181
ilr,2019,Erratum: Minimum Wages and Retirement,NA,https://doi.org/10.1177/0019793919875938,11.131693
jae,2022,Did earnings mobility change after minimum wage introduction? Evidence from parametric and semi‐nonparametric methods in Germany,"Summary We analyze the evolution of earnings mobility in Germany between 2011 and 2018. We use transition matrices and parametric and semi‐nonparametric copula models to assess the impact of the introduction of the national minimum wage on January 1, 2015, on individual positional persistence in the wage distribution. We find a drop in mobility at the bottom of the distribution. This is confirmed both by the parametric and the semi‐nonparametric methods used. Prediction accuracy of the semi‐nonparametric model is higher than that of the fully parametric model.",https://doi.org/10.1002/jae.2926,11.111073
le,2025,Minimum wage increases and vacancies,NA,https://doi.org/10.1016/j.labeco.2025.102765,10.975109
aer,2019,Pre-Event Trends in the Panel Event-Study Design,"We consider a linear panel event-study design in which unobserved confounds may be related both to the outcome and to the policy variable of interest. We provide sufficient conditions to identify the causal effect of the policy by exploiting covariates related to the policy only through the confounds. Our model implies a set of moment equations that are linear in parameters. The effect of the policy can be estimated by 2SLS, and causal inference is valid even when endogeneity leads to pre-event trends (“pre-trends”) in the outcome. Alternative approaches perform poorly in our simulations. (JEL C23, C26)",https://doi.org/10.1257/aer.20180609,10.8953285
aer,2019,Fairness and Frictions: The Impact of Unequal Raises on Quit Behavior,"We analyze how separations responded to arbitrary differences in own and peer wages at a large US retailer. Regression-discontinuity estimates imply large causal effects of own-wages on separations, and on quits in particular. However, this own-wage response could reflect comparisons either to market wages or to peer wages. Estimates using peer-wage discontinuities show large peer-wage effects and imply the own-wage separation response mostly reflects peer comparisons. The peer effect is driven by comparisons with higher-paid peers—suggesting concerns about fairness. Separations appear fairly insensitive when raises are similar across peers—suggesting search frictions and monopsony are relevant in this low-wage sector. (JEL D63, J31, J42, J62, L81)",https://doi.org/10.1257/aer.20160232,10.850519
el,2020,The minimum wage and DI claims,NA,https://doi.org/10.1016/j.econlet.2020.109355,10.772467
qje,2020,Gender Differences in Job Search: Trading off COMMUTE AGAINST WAGE*,"ABSTRACT We relate gender differences in willingness to commute to the gender wage gap. Using French administrative data on job search criteria, we first document that unemployed women have a lower reservation wage and a shorter maximum acceptable commute than their male counterparts. We identify indifference curves between wage and commute using the joint distributions of reservation job attributes and accepted job bundles. Indifference curves are steeper for women, who value commute around 20% more than men. Controlling in particular for the previous job, newly hired women are paid after unemployment 4% less per hour and have a 12% shorter commute than men. Through the lens of a job search model where commuting matters, we estimate that gender differences in commute valuation can account for a 0.5 log point hourly wage deficit for women, that is, 14% of the residualized gender wage gap. Finally, we use job application data to test the robustness of our results and to show that female workers do not receive less demand from far-away employers, confirming that most of the gender gap in commute is supply-side driven.",https://doi.org/10.1093/qje/qjaa033,10.669189
jae,2022,Did earnings mobility change after minimum wage introduction? Evidence from parametric and semi‐nonparametric methods in Germany,"We analyze the evolution of earnings mobility in Germany between 2011 and 2018. We use transition matrices and parametric and semi-nonparametric copula models to assess the impact of the introduction of the national minimum wage on January 1, 2015, on individual positional persistence in the wage distribution. We find a drop in mobility at the bottom of the distribution. This is confirmed both by the parametric and the semi-nonparametric methods used. Prediction accuracy of the semi-nonparametric model is higher than that of the fully parametric model.",https://doi.org/10.1002/jae.2925,10.467449
aer,2019,"Payroll Taxes, Firm Behavior, and Rent Sharing: Evidence from a Young Workers' Tax Cut in Sweden","This paper uses administrative data to analyze a large employer-borne payroll tax rate cut for young workers in Sweden. We find no effect on net-of-tax wages of young treated workers relative to slightly older untreated workers, and a 2–3 percentage point increase in youth employment. Firms employing many young workers receive a larger tax windfall and expand right after the reform: employment, capital, sales, and profits increase. These effects appear stronger in credit-constrained firms. Youth-intensive firms also increase the wages of all their workers collectively, young as well as old, consistent with rent sharing of the tax windfall. (JEL H25, H32, J13, J23, J31, M51)",https://doi.org/10.1257/aer.20171937,10.455453
le,2024,Minimum wages and the uptake of Supplemental Security Income,NA,https://doi.org/10.1016/j.labeco.2024.102592,10.343127
jpam,2021,AN ARGUMENT AGAINST THE $15 MINIMUM WAGE,NA,https://doi.org/10.1002/pam.22332,10.240654
aer,2020,Misperceived Social Norms: Women Working Outside the Home in Saudi Arabia,"We show that the vast majority of young married men in Saudi Arabia privately support women working outside the home (WWOH) and substantially underestimate support by other similar men. Correcting these beliefs increases men’s (costly) willingness to help their wives search for jobs. Months later, wives of men whose beliefs were corrected are more likely to have applied and interviewed for a job outside the home. In a recruitment experiment with a local company, randomly informing women about actual support for WWOH leads them to switch from an at-home temporary enumerator job to a higher-paying, outside-the-home version of the job. (JEL D83, J16, J22, O15, Z13)",https://doi.org/10.1257/aer.20180975,9.628008
ilr,2021,The Social Organization of Ideas in Employment Relations,"This article compares how the United States and Germany deregulated labor markets between the 1980s and 2010s in response to the rise of neoliberalism. Building on literature with a focus on ideas and national knowledge regimes, the authors argue that the trajectories of labor market deregulation across the two countries are explained by the distinct social organization of ideas. The latter refers to the actors and institutions involved in the production and dissemination of ideas (including think tanks and public research institutes), their access and ways of communicating to political elites and electorates, levels of shared academic standards across the political divide, and related degrees of competition or cooperation in the production of new knowledge and policy ideas. Moving beyond previous employment relations literature with a focus on institutions and power, the article breaks new theoretical ground by demonstrating how the social organization of ideas is a key intermediary in explaining employment relations change and continuity.",https://doi.org/10.1177/0019793920987518,9.51215
jole,2025,Distributional Effects of Local Minimum Wages: A Spatial Job Search Approach,NA,https://doi.org/10.1086/734391,9.282278
bjir,2020,"Towards a Socialization of the EU's New Economic Governance Regime? EU Labour Policy Interventions in Germany, Ireland, Italy and Romania (2009–2019)","Abstract In response to the last recession, the European Union (EU) adopted a new economic governance (NEG) regime. An influential stream of EU social policy literature argues that there has been more emphasis on social objectives in the NEG regime in more recent years. This article shows that this is not the case. It does so through an in‐depth analysis of NEG prescriptions on wage, employment protection and collective bargaining policy in Germany, Italy, Ireland and Romania between 2009 and 2019. Our main conclusion is that the EU's interventions in these three industrial relations policy areas continue to be dominated by a liberalization agenda that is commodifying labour, albeit to a different degree across the uneven but nonetheless integrated European political economy. This finding is important, as countervailing transnational trade union action is the more likely, the more there is a common threat. Even so, our contextualized analysis also enables us to detect contradictions that could provide European labour movements opportunities to pursue countervailing action.",https://doi.org/10.1111/bjir.12522,9.162148
le,2025,Why Do Labor Unions Advocate for Minimum Wage Increases?,NA,https://doi.org/10.1016/j.labeco.2025.102713,9.104482
jpam,2021,SHOULD THE FEDERAL MINIMUM WAGE BE INCREASED TO $15 PER HOUR?,NA,https://doi.org/10.1002/pam.22331,8.831792
jep,2022,Danish Flexicurity: Rights and Duties,"Denmark is one of the richest countries in the world and achieves this in combination with low inequality, low unemployment, and high-income security. This performance is often attributed to the Danish labor market model characterized by what has become known as flexicurity. This essay describes and evaluates Danish flexicurity. The Danish experience shows that flexicurity in itself, that is, flexible hiring and firing rules for firms combined with high income security for workers, is insufficient for successful outcomes. The flexicurity policy also needs to include comprehensive active labor market programs (ALMPs) with compulsory participation for recipients of unemployment compensation. Denmark spends more on active labor market programs than any other OECD country. We review theory showing how ALMPs can mitigate adverse selection and moral hazard problems associated with high income security and review empirical evidence on the effectiveness of ALMPs from the ongoing Danish policy evaluation, which includes a systematic use of randomized experiments. We also discuss the aptness of flexicurity to meet challenges from globalization, automation, and immigration and the trade-offs that the United States (or other countries) would face in adopting a flexicurity policy.",https://doi.org/10.1257/jep.36.4.81,8.543758
bjir,2024,Power to Win: The Living Wage Movement in Aotearoa New Zealand,NA,https://doi.org/10.1111/bjir.12865,8.357066
bjir,2024,"Unionizing the Ivory Tower: Cornell workers’ fifteen‐year fight for justice and a living wage By AlDavidoff (2023). Ithaca and London: ILR Press. 238 pages, ISBN: 9781501771552","British Journal of Industrial RelationsEarly View BOOK REVIEW Unionizing the Ivory Tower: Cornell workers' fifteen-year fight for justice and a living wage By Al Davidoff (2023). Ithaca and London: ILR Press. 238 pages, ISBN: 9781501771552 Deepa Kylasam Iyer, Corresponding Author Deepa Kylasam Iyer [email protected] orcid.org/0000-0003-0159-4018 Industrial and Labor Relations School, Cornell University, Ithaca, New York, USA Correspondence Deepa Kylasam Iyer, Industrial and Labor Relations School, Cornell University, Ithaca, USA. Email: [email protected]Search for more papers by this authorFrancis Kuriakose, Francis Kuriakose Impact and Policy Research Institute, New Delhi, IndiaSearch for more papers by this author Deepa Kylasam Iyer, Corresponding Author Deepa Kylasam Iyer [email protected] orcid.org/0000-0003-0159-4018 Industrial and Labor Relations School, Cornell University, Ithaca, New York, USA Correspondence Deepa Kylasam Iyer, Industrial and Labor Relations School, Cornell University, Ithaca, USA. Email: [email protected]Search for more papers by this authorFrancis Kuriakose, Francis Kuriakose Impact and Policy Research Institute, New Delhi, IndiaSearch for more papers by this author First published: 22 July 2024 https://doi.org/10.1111/bjir.12834Read the full textAboutPDF ToolsExport citationAdd to favoritesTrack citation ShareShare Give accessShare full text accessShare full-text accessPlease review our Terms and Conditions of Use and check box below to share full-text version of article.I have read and accept the Wiley Online Library Terms and Conditions of UseShareable LinkUse the link below to share a full-text version of this article with your friends and colleagues. Learn more.Copy URL Share a linkShare onEmailFacebookTwitterLinkedInRedditWechat No abstract is available for this article. Early ViewOnline Version of Record before inclusion in an issue RelatedInformation",https://doi.org/10.1111/bjir.12834,7.726712
jhr,2022,Monopsony in the Labor Market,"The idea that firms have some market power in wage-setting has been slow to gain acceptance in economics.Indeed, until relatively recently, the textbooks viewed monopsony power as either a theoretical curiosum, or a concept limited to a handful of company towns in the past. 1 This view has been changing rapidly, driven by a combination of theoretical innovations, empirical findings, dramatic legal cases, and new data sets that make it possible to measure the degree of market power in different ways.A search of the EconLit database shows that the number of published journal articles mentioning ""monopsony"" rose from only two in the 1980s to 20 in the 1990s, 32 in the 2000s, and to 64 in the 2010s.This volume contains a set of 11 papers originally presented at the Sundance Conference on Monopsony in Labor Markets, organized by three of us (Ashenfelter, Farber and Ransom).Together the papers offer a rich perspective on the current state of research on market power in the labor market.Four of the papers use the framework pioneered by Manning (2003) to estimate the elasticity of labor supply to individual firms.A related paper looks at mobility frictions between cities. Three other papers, building on the ""structure-conduct-performance"" paradigm of industrial organization, relate the level of wages for specific subgroups of workers to measures of the local concentration",https://doi.org/10.3368/jhr.monopsony.special-issue-2022-introduction,7.4011183
jhr,2021,Labor Monopsony and the Limits of the Law,Suresh Naidu and Eric A. Posner Suresh Naidu is at Columbia University. Eric A. Posner is at University of Chicago.,https://doi.org/10.3368/jhr.monopsony.0219-10030r1,7.398317
le,2024,Do Minimum Wage Increases Induce Changes in Work Behavior for People with Disabilities? Evidence from the AbilityOne Program,NA,https://doi.org/10.1016/j.labeco.2024.102663,7.2195225
bjir,2024,"The presence, role and economic impact of Employers’ Associations in Europe","Employers' Associations (EAs), a major pillar of Western industrial relations and corporatist political systems, are notoriously under-researched compared to their counterparts, the unions. Beginning with Mancur Olson, their theoretical analysis has been further developed by Philip Schmitter and Wolfgang Streeck in particular. Beyond some descriptive studies of mainly aggregate developments, with Franz Traxler at the forefront, there has been, however, a lack of empirical studies based on microdata. This situation has recently changed for the better with the availability of new databases − often country-specific, but some also suited for international comparisons − and with the accompanying development of micro-econometric methods. There is no need for a detailed account of these developments in my introduction, because the following papers quote the theoretical milestones and the empirical and methodical advancements on which they build. Despite their small number and differing focus, the five selected papers present the current state of our knowledge − and our ignorance − on the role and the impact of EAs in Europe. Even pure EAs may pursue various activities beyond collective bargaining to favour their members' interests, such as offering legal services directly or via preferential group contracts, lobbying, information sharing and training. Where an EA not only deals with employment matters, but cares also for other member interests, like marketing or financing issues, in so-called mixed EAs, the variety of activities is obviously even greater. Bryson and Willman assert in their conceptual keynote that EAs, as colluding collectives, face a multi-issue mission drift, whether pure or mixed. The selection of specific activities depends on the industry's collusion climate, which includes labour, product, financial and political market considerations, according to Bryson and Willman's strategic collusion approach. The authors effectively demonstrate the productivity of their contingency perspective in two ways. Firstly, they assert the significance of 'no poaching' and 'no solicitation' agreements in the absence of collective bargaining in the United States. Secondly, they confidently explain the decline of collective bargaining in the UK and Germany, where attempts to influence minimum wage legislation and occupational licensing can be seen as a substitute for collective bargaining. In a novel 27-country comparison of approximately 30,000 establishments, Lehr, Jansen and Brandl examine the determinants of membership in pure EAs and whether these associations provide preferential treatment to their larger members. The analysis uses the European Company Survey (ECS) microdata, which expresses membership as a proportion of companies/establishments rather than as a proportion of the relevant labour force. At the establishment level, the independent variables considered are the presence and strength of employee representation, workplace unionization and size. At the country level, the variables include the coordination of wage setting, the existence of tripartite councils and trade union density. The data from two waves of the ECS, 2013 and 2019, are combined and analysed using a multi-level bivariate logit regression with maximum likelihood methods. Lehr, Jansen and Brandl find that despite the widespread suspicion of a decline in collective bargaining, variables indicative of collective bargaining remain positively correlated with EA membership. They also discover that approximately 70 per cent of the total variation in EA membership is company-level variation within countries, with only 30 per cent variation between countries (or survey waves). The expected positive correlation between establishment size and EA membership obviously poses representativeness issues. The authors articulate caveats given certain weaknesses of their ECS database. Fanfani, Lucifora and Vigani's study on the representativeness of Italian EAs also use disaggregated firm-level data. They base their analysis of the characteristics of members and changes in membership rates over time on cross-sectional surveys of some 20,000 enterprises with a rich set of information on their characteristics. The descriptive results are similar to those of the previous study: Members tend to be larger, older, in manufacturing, more likely to have collective agreements, to have decentralized bargaining and to have a union presence at company level. Affiliated companies are also more export-oriented, more likely to provide training and more innovative. The authors make an original use of the Oaxaca decomposition technique to compare union membership rates in 2005 and 2015, which declined by 19 percentage points, using a linear probability model. For observationally similar firms, 43 per cent of the decline is related to differences in the propensity to be affiliated. Larger firms were more likely to leave EAs; firms that used a firm or local collective agreement, provided more training or were export-oriented, were significantly less likely to leave EAs. Fanfani, Lucifora and Vigani enrich their study by asking whether the representativeness of an EA has an impact on negotiated minimum wages. Using their disaggregated data, they find that the share of affiliated firms within a collective agreement is positively correlated with contractual wages. The quality of empirical work depends primarily on data quality. Breda undertakes the painstaking task of comparing five membership statistics for French EAs. The statistics are based either on representative surveys of companies, or on independent surveys using questionnaires, or finally on fiscal data, that is observations of the contributions paid by companies to their associations. Breda considers France to be an ideal country in which to compare these data sources, as the legal requirements and the interests of the EAs to be recognized as representative should guarantee the validity of the data. However, a comparison of these sources reveals major discrepancies in terms of the proportion of firms and the proportion of employees represented by EAs. He identifies different sampling criteria, ignorance and disinterest as possible reasons for the discrepancies. Breda, therefore, proposes a purpose-dependent selection of databases, but in general, he argues in favour of REPONSE, a regular, detailed establishment-level survey of industrial relations conducted by a government agency, which he considers more reliable than the ECS. He outlines strategies for inferring membership rates for non-covered small enterprises and for estimating measurement error − practical recommendations indeed. Unfortunately, the data sources currently available in France are not yet suitable for panel studies. The final selected paper is again conceptual in nature. Sheldon, Carollo, della Torre and Nacamulli start with remarkable examples of EAs that are active presumably beyond their membership interests and strategically foster product or process innovations in their communities or territories. The study identifies several adaptive innovations in territorial entrepreneurship by EAs. These initiatives include vocational training in France, eco-industrial parks in the United States and the Netherlands, networks and alliances to promote the growth of technologically enabled start-ups in Greece and participation in the EU Digitizing European Industry initiative to establish regional Innovation Hubs. The authors focus on countries with mixed EAs that handle labour market and trade issues. Their core hypothesis is that EAs are willing to participate in collective community development, which accounts for community or territory-wide initiatives. The authors assert that this assumption cannot be explained by the dominant Olson approach. They assert instead that Eleonore Ostrom's conditions for successful collective actions hold, which rely on the nature of shared resources and the social context in which actors interact, conditionally making community investments a viable option. This may explain the seemingly irrational endeavours of EAs to develop open and cooperative organizational structures in a community or territory. The article provides an in-depth illustration of the engagements of the Italian EA Confindustria Bergamo and offers some cautious predictions about the growing significance of such activities in general. The bibliographies of the five papers collect both classic and recent literature on EAs. The papers demonstrate the state-of-the-art, which has been significantly improved since the early 90s, see, for example Sadowski and Jacobi (1991). The articles benefitted greatly from the constructive comments by the BJIR reviewers and from the discussions at the workshops of the network of researchers 'EmRep', a European Commission co-funded Action (01.04.2020–31.03.2022, Grant Number: [VS/2020/0122], which investigated the structure and conduct of Employers' Associations, as well as their impact on bargaining and labour market outcomes. Their Homepage, www.emprep.eu, stated on 22-02-2024: 'The range and content of such collective interests, as compared with an employer's individual interests, are neither objectively given nor self-evident, but a matter of interpretation. Hence, the structure, membership basis and tasks of employers' organisations differ widely across countries'. The focus of the project was meant to be on four countries, among them France and Italy, that share features pertinent to the issues under investigation and to the corresponding social dialogue. One such feature is the prevalence of Small and Medium Sized Companies (SMEs), which makes the issue of social partner representativeness more pressing. For these four countries, detailed microdata − Quadros de Pessoal (Portugal), REPONSE (France), INAPP-Ril (Italy), WDN Survey (Greece) − together, with new information from interviews with firms and/or members of EAs, were used. The aim was to document measures of EA representativeness, to study the determining factors of EA membership and the impact of EAs on the effectiveness of collective bargaining and labour market performance. The principal coordinator of the network was Daphne Nicolitsas from the University of Crete, who served with great expertise and organizational skill as well as charming patience. Uwe Jirjahn, University of Trier, served as External Adviser, he felt it appropriate to publish his contribution on German EAs elsewhere (Jirjahn, 2023). I sincerely thank all authors not only for their contribution, but also for their willingness to take critical suggestions seriously. I would also like to thank the staff at the publishing house and especially John Heywood for his constructive and sympathetic support throughout the whole process. Open access funding enabled and organized by Projekt DEAL. I have no conflict of interest to disclose. In this paper, no data are used.",https://doi.org/10.1111/bjir.12806,6.718384
bjir,2019,The Structure of the Wage Gap for Temporary Workers: Evidence from Australian Panel Data,"Abstract This study uses panel data for Australia to estimate the wage differential between workers in temporary jobs and workers in permanent jobs. It is the first study to use unconditional quantile regression methods in combination with fixed effects to examine how this gap varies over the entire wage distribution. While the wages of fixed‐term contract workers are found to be similar to those of permanent workers, low‐paid casual workers experience a wage penalty and high‐paid casual workers a wage premium compared to their permanent counterparts. Temporary agency workers also usually receive a wage premium, which is particularly large for the most well paid.",https://doi.org/10.1111/bjir.12458,6.459334
jole,2022,The Intergenerational Transmission of Human Capital: Evidence from the Golden Age of Upward Mobility,"School quality affects upward mobility in educational attainment. This conclusion comes from an analysis of families with coresident teenage children in the 1940 census. We study parents in the bottom quartile of the education distribution and define ""upward mobility"" as a generational move up the educational ladder to the top three quartiles of the child's cohort. At the state level, upward mobility is strongly tied to teacher wages. This relationship holds when we narrow our focus to families on adjacent sides of state borders in the South, where state minimum salary laws created sharp teacher-wage differences between otherwise similar counties.",https://doi.org/10.1086/718417,6.097835
el,2024,"Corrigendum to “Income assistance programs and population health – The dual impact of minimum wages and the earned income tax credit” [Economics Letters, Volume 234, January 2024, 111508]",NA,https://doi.org/10.1016/j.econlet.2024.111577,6.0339746
ilr,2023,Book Review: <i>Unionizing the Ivory Tower: Cornell Workers’ Fifteen-Year Fight for Justice and a Living Wage</i>. By Al Davidoff,NA,https://doi.org/10.1177/00197939231213562,5.8965254
bjir,2020,Divided We Stand? Coalition Dynamics in the German Union Movement,"Abstract Coalitions within national union movements have been an enduring means by which unions pursue shared interests and policy ambitions. Drawing on social movement theory, we focus on the logics shaping union coalitions, and the conditions under which they differ, in order to gain analytical purchase on enduring debates about union behaviour in industrial relations. Taking the German case, we identify four key policy issues that have caused major divisions and competing coalitional activity between unions in the German Trade Union Confederation (DGB) over the period 1964 to 2018. Our analysis suggests that there is a degree of fluidity between instrumental and ideological logics, which relates to the evolving socio‐political contexts that shape the dynamics of union coalitions over time. In the German context, our findings indicate that the relative importance of the logics shaping coalition activity varies with the nature of the threats unions encounter. In the face of more specific and immediate threats, coalitional decision‐making was more likely to be driven by instrumental logic, prioritizing the narrower concerns of the union and its core members. However, where unions’ broader social visions came under threat, self‐interest played a more modest role, and choices were more likely to be animated by ideological concerns and questions of public good.",https://doi.org/10.1111/bjir.12565,5.7655144
jeea,2021,Wage Equalization and Regional Misallocation: Evidence from Italian and German Provinces,"Abstract Italy and Germany have similar geographical differences in firm productivity—with the North more productive than the South in Italy and the West more productive than the East in Germany—but have adopted different models of wage bargaining. Italy sets wages based on nationwide contracts that allow for limited local wage adjustments, while Germany has moved toward a more flexible system that allows for local bargaining. We find that Italy exhibits limited geographical wage differences in nominal terms and almost no relationship between local productivity and local nominal wages, while Germany has larger geographic wage differences and a tighter link between local wages and local productivity. As a consequence, in Italy, low-productivity provinces have higher non-employment rates than high-productivity provinces, because employers cannot lower wages, while in Germany the relationship between non-employment and productivity is significantly weaker. We conclude that the Italian system has significant costs in terms of forgone aggregate earnings and employment because it generates a spatial equilibrium where workers queue for jobs in the South and remain unemployed while waiting. If Italy adopted the German system, aggregate employment and earnings would increase by 11.04% and 7.45%, respectively. Our findings are relevant for other European countries.",https://doi.org/10.1093/jeea/jvab019,5.7536445
bjir,2022,Corporate codes of conduct and labour turnover in global apparel supply chains,"Abstract Research on private regulation of labour issues in global supply chains has focused extensively on whether supplier factories comply with the codes of conduct of global companies. Less is known about how such compliance relates to the preferences and behaviours of workers at export factories. This study analyses a unique dataset of factory audits matched with a survey of worker turnover rates from 622 factories in 28 countries supplying a large global apparel retailer. The results show that violations of the retailer's codes of conduct for suppliers are generally related to turnover, but that workers ‘vote with their feet’ primarily for violations of wages and benefits, relative to violations of other code provisions such as environment protection and safety standards. This ‘means‐ends’ decoupling between factory practices and worker preferences implies that global firms need to incorporate the livelihood logic that underlies workers' turnover decisions while implementing their private regulation programmes.",https://doi.org/10.1111/bjir.12705,5.3158417
ecta,2022,The Effect of Job Loss and Unemployment Insurance on Crime in Brazil,"We investigate the impact of job loss on crime and the mitigating role of unemployment benefits, exploiting detailed individual‐level data linking employment careers, criminal records, and welfare registries for the universe of male workers in Brazil. The probability of committing crimes increases on average by 23% for workers displaced by mass layoffs, and by slightly less for their cohabiting sons. Using causal forests, we show that the effect is entirely driven by young and low‐tenure workers, while there is no heterogeneity by education and income. Regression discontinuity estimates indicate that unemployment benefit eligibility completely offsets potential crime increases upon job loss, but this effect vanishes completely immediately after benefit expiration. Our findings point to liquidity constraints and psychological stress as the main drivers of criminal behavior upon job loss, while substitution between time on the job and leisure does not seem to play an important role.",https://doi.org/10.3982/ecta18984,5.3138003
aejp,2019,Who Really Benefits from Consumption Tax Cuts? Evidence from a Large VAT Reform in France,"This paper evaluates the incidence of a large cut in value-added taxes (VATs) for French sit-down restaurants in 2009. In contrast to previous studies, which only focus on the price effects of VAT reforms, we estimate the effects of the VAT cut on four groups: workers, firm owners, consumers, and suppliers of material goods. Using a difference-in-differences strategy on firm-level data, we find that: firm owners pocketed more than 55 percent of the VAT cut; consumers, sellers of material goods, and employees shared the remaining windfall with consumers benefiting the least; and the employment effects were limited. (JEL H22, H25, L83)",https://doi.org/10.1257/pol.20170504,5.1294475
qje,2019,Race and Economic Opportunity in the United States: an Intergenerational Perspective*,"Abstract We study the sources of racial disparities in income using anonymized longitudinal data covering nearly the entire U.S. population from 1989 to 2015. We document three results. First, black Americans and American Indians have much lower rates of upward mobility and higher rates of downward mobility than whites, leading to persistent disparities across generations. Conditional on parent income, the black-white income gap is driven by differences in wages and employment rates between black and white men; there are no such differences between black and white women. Hispanic Americans have rates of intergenerational mobility more similar to whites than blacks, leading the Hispanic-white income gap to shrink across generations. Second, differences in parental marital status, education, and wealth explain little of the black-white income gap conditional on parent income. Third, the black-white gap persists even among boys who grow up in the same neighborhood. Controlling for parental income, black boys have lower incomes in adulthood than white boys in 99% of Census tracts. The few areas with small black-white gaps tend to be low-poverty neighborhoods with low levels of racial bias among whites and high rates of father presence among blacks. Black males who move to such neighborhoods earlier in childhood have significantly better outcomes. However, less than 5% of black children grow up in such areas. Our findings suggest that reducing the black-white income gap will require efforts whose impacts cross neighborhood and class lines and increase upward mobility specifically for black men.",https://doi.org/10.1093/qje/qjz042,5.0481534
bjir,2024,"The real living wage: Civil regulation and the employment relationship by EdmundHeery‐Deborah, Hann‐DavidNash, Oxford University Press, 2023. 283 pp., ISBN 978‐0‐19‐883526‐4, Price £76",NA,https://doi.org/10.1111/bjir.12803,4.82065
aer,2022,Migrants and Firms: Evidence from China,"How does rural-urban migration shape urban production in developing countries? We use longitudinal data on Chinese manufacturing firms between 2000 and 2006, and exploit exogenous variation in rural-urban migration induced by agricultural income shocks for identification. We find that, when immigration increases, manufacturing production becomes more labor intensive and productivity declines. We investigate the reorganization of production using patent applications and product information. We show that rural-urban migration induces both labor-oriented technological change and the adoption of labor intensive product varieties. (JEL D24, L23, L60, O33, P25, P31, R23)",https://doi.org/10.1257/aer.20191234,4.8032136
jole,2019,Cyclical and Market Determinants of Involuntary Part-Time Employment,"The fraction of the US workforce identified as involuntary part-time workers rose to new highs during the US Great Recession and came down only slowly in its aftermath. We assess the determinants of involuntary part-time work using an empirical framework that accounts for business cycle effects and persistent structural features of the labor market. We conduct regression analyses using state-level panel data for the years 2003–16. The results indicate that structural factors, notably shifts in the industry composition of employment, have held the incidence of involuntary part-time work slightly more than 1 percentage point above its prerecession level.",https://doi.org/10.1086/704496,4.7492805
restat,2024,The U.S. Low-Wage Structure: A McWage Comparison,"Abstract Thanks to standardized work protocol and technology of McDonald's restaurants, the hourly wage of McDonald's Basic Crew enables wage comparisons under near-identical skill inputs and hedonic job conditions. McWages capture labor costs in entry-level jobs, while the Big Macs (earned) Per Hour (BMPH) index measures corresponding purchasing power of wages. We document large and growing geographical wage differences in standardized jobs using data covering most U.S. counties during 2016-2023. Before the Covid-19 pandemic, there was no BMPH growth where minimum wages stayed constant, but the pandemic wage increase, which diminished the importance of minimum wages, was stronger in these areas.",https://doi.org/10.1162/rest_a_01514,4.6518254
ej,2021,Digging Into the Channels of Bunching: Evidence from the Uruguayan Income Tax,"Abstract Based on detailed administrative tax records, we implement a bunching design to explore how individual taxpayers respond to personal income taxation in Uruguay. We estimate a very modest elasticity of taxable income at the first kink point (0.06) driven by a combination of gross labour income and deduction responses. Taxpayers use personal deductions more intensively close to the kink point and underreport income to the tax authority. Our results suggest that the efficiency costs of taxation are not necessarily large in contexts characterised by limited deduction opportunities. Policy efforts should be directed at broadening the tax base and improving enforcement capacity.",https://doi.org/10.1093/ej/ueab002,4.643821
bjir,2020,From a ‘Moral Commentator’ to a ‘Determined Actor’? How the International Labour Organization (ILO) Orchestrates the Field of International Industrial Relations,"Abstract Collective action on the part of the International Labour Organization (ILO) has always been dependent on the ability of the International Labour Office, the permanent secretariat of the ILO, to orchestrate a consensus between the Organization's tripartite constituents of Government, Employer and Worker representatives. This consensus fell with the Berlin Wall, prompting the Office to bypass states by engaging with external interactants in order to promote international labour standards and decent work. Most recently, in order to shift the emphasis from ‘moral commentary’ to ‘determined action’, the Office has reverted to managing states , albeit in the face of determined Employer counter‐framing. Employer opposition, supported by several member States, cannot be underestimated, as any orchestration within the international industrial relations field is contingent on concerted action.",https://doi.org/10.1111/bjir.12578,4.6165557
jae,2023,"On event studies and distributed‐lags in two‐way fixed effects models: Identification, equivalence, and generalization","Summary We discuss three important properties of panel data event study designs. First, assuming constant treatment effects before and/or after some event time, also known as binning, is a natural restriction, which identifies dynamic treatment effects in the absence of never‐treated units. Second, event study designs with binned endpoints and distributed‐lag models are numerically identical. Third, classic dummy variable event study designs can be generalized to models that account for multiple treatments of different signs and varying intensities. We demonstrate the practical relevance of our methodological points in an application studying the effects of unemployment benefit duration on job search effort.",https://doi.org/10.1002/jae.2971,4.603714
jhr,2021,Theory and Evidence on Employer Collusion in the Franchise Sector,"Alan B. Krueger and Orley Ashenfelter Alan B. Krueger (deceased), formerly of Princeton University and NBER. Orley Ashenfelter is at the Industrial Relations Section, Princeton University and NBER (c6789{at}princeton.edu).",https://doi.org/10.3368/jhr.monopsony.1019-10483,4.542309
jep,2023,An Introductory Guide to Event Study Models,"The event study model is a powerful econometric tool used for the purpose of estimating dynamic treatment effects. One of its most appealing features is that it provides a built-in graphical summary of results, which can reveal rich patterns of behavior. Another value of the picture is the estimated pre-event pseudo-“effects,” which provide a type of placebo test. In this essay I aim to provide a framework for a shared understanding of these models. There are several (sometimes subtle) decisions and choices faced by users of these models, and I offer guidance for these decisions.",https://doi.org/10.1257/jep.37.2.203,4.485972
le,2020,Gender gaps and the structure of local labor markets,NA,https://doi.org/10.1016/j.labeco.2020.101819,4.3818545
ej,2019,Wage Compression within the Firm: Evidence from an Indexation Scheme,"Abstract We revisit the role of labour market institutions by showing how they affect the sharing of firm-specific rents between employers and employees. We look at an Italian wage indexation mechanism (‘Scala Mobile’) that compressed the distribution of wages, imposing real wage increases at the bottom of the distribution. After developing a simplified version of a search model with intra-firm bargaining and on-the-job search, we document that skilled workers received lower wage adjustments when employed at firms with many unskilled workers and they tended to move towards more skill-intensive firms. Moreover, the system drove the least skill-intensive firms out of the market.",https://doi.org/10.1093/ej/uez022,4.379238
jep,2020,Place-Based Policies and Spatial Disparities across European Cities,"Spatial disparities in income levels and worklessness in the European Union are profound, persistent and may be widening. We describe disparities across metropolitan regions and discuss theories and empirical evidence that help us understand what causes these disparities. Increases in the productivity benefits of cities, the clustering of highly educated workers and increases in their wage premium all play a role. Europe has a long-standing tradition of using capital subsidies, enterprise zones, transport investments and other place-based policies to address these disparities. The evidence suggests these policies may have partially offset increasing disparities but are not sufficient to fully offset the economic forces at work.",https://doi.org/10.1257/jep.34.3.128,4.3250256
jae,2023,Fast and reliable jackknife and bootstrap methods for cluster‐robust inference,"Summary We provide computationally attractive methods to obtain jackknife‐based cluster‐robust variance matrix estimators (CRVEs) for linear regression models estimated by least squares. We also propose several new variants of the wild cluster bootstrap, which involve these CRVEs, jackknife‐based bootstrap data‐generating processes, or both. Extensive simulation experiments suggest that the new methods can provide much more reliable inferences than existing ones in cases where the latter are not trustworthy, such as when the number of clusters is small and/or cluster sizes vary substantially. Three empirical examples illustrate the new methods.",https://doi.org/10.1002/jae.2969,4.3228593
aer,2019,Nominal Wage Rigidity in Village Labor Markets,"This paper develops a new approach to test for downward wage rigidity by examining transitory shocks to labor demand (i.e., rainfall) across 600 Indian districts. Nominal wages rise during positive shocks but do not fall during droughts. In addition, transitory positive shocks generate ratcheting: after they have dissipated, wages do not adjust back down. Ratcheting reduces employment by 9 percent, indicating that rigidities distort employment levels. Inflation, which is unaffected by local rainfall, enables downward real wage adjustments—offering causal evidence for its labor market effects. Surveys suggest that individuals believe nominal wage cuts are unfair and lead to effort reductions. (JEL E24, E31, J23, J31, O15, O18, R23)",https://doi.org/10.1257/aer.20141625,4.317339
jole,2020,The Use and Misuse of Income Data and Extreme Poverty in the United States,"Recent research suggests that the share of US households living on less than $2/person/day is high and rising. We reexamine such extreme poverty by linking SIPP and CPS data to administrative tax and program data. We find that more than 90% of those reported to be in extreme poverty are not, once we include in-kind transfers, replace survey reports of earnings and transfer receipt with administrative records, and account for ownership of substantial assets. More than half of all misclassified households have incomes from the administrative data above the poverty line, and many have middle-class measures of material well-being.",https://doi.org/10.1086/711227,4.2874203
ecta,2023,Distributional Synthetic Controls,"The method of synthetic controls is a fundamental tool for evaluating causal effects of policy changes in settings with observational data. In many settings where it is applicable, researchers want to identify causal effects of policy changes on a treated unit at an aggregate level while having access to data at a finer granularity. This article proposes an extension of the synthetic controls estimator that takes advantage of this additional structure and provides nonparametric estimates of the heterogeneity within the aggregate unit. The idea is to replicate the quantile function associated with the treated unit by a weighted average of quantile functions of the control units. This estimator relies on the same mathematical theory as the changes‐in‐changes estimator and can be applied in both repeated cross‐sections and panel data with as little as a single pre‐treatment period. It also provides a unique counterfactual quantile function for any type of distribution.",https://doi.org/10.3982/ecta18260,4.228365
restat,2021,Paying Outsourced Labor: Direct Evidence from Linked Temp Agency-Worker-Client Data,"Abstract We estimate how much firms differentiate pay premia between regular and outsourced workers in temp agency work arrangements. We leverage unique Argentinian administrative data that feature links between user firms (the workplaces where temp workers perform their labor) and temp agencies (their formal employers). We estimate that a high-wage user firm that pays a regular worker a 10% premium pays a temp worker on average only a 4.9% premium, compared to what these workers would earn in a low-wage user firm in their respective work arrangements. This 49% pass-through constitutes the midpoint between the benchmarks for insiders (one) and the competitive spot-labor market (zero).",https://doi.org/10.1162/rest_a_01037,4.1788034
jep,2019,How Prevalent Is Downward Rigidity in Nominal Wages? International Evidence from Payroll Records and Pay Slips,"For more than 80 years, many macroeconomic analyses have been premised on the assumption that workers’ nominal wage rates cannot be cut. Contrary evidence from household surveys reasonably has been discounted on the grounds that the measurement of frequent wage cuts might be an artifact of reporting error. This article summarizes a more recent wave of studies based on more accurate wage data from payroll records and pay slips. By and large, these studies indicate that, except in extreme circumstances (when nominal wage cuts are either legally prohibited or rendered beside the point by very high inflation), nominal wage cuts from one year to the next appear quite common, typically affecting 15–25 percent of job stayers in periods of low inflation.",https://doi.org/10.1257/jep.33.3.185,4.143672
jhr,2021,Parental Labor Supply,"Anna Godøy†⇑, Michael Reich‡⇑, Jesse Wursten§⇑ and Sylvia Allegretto¶,‖⇑ †IRLE, University of California, Berkeley, the Norwegian Institute of Public Health, Oslo, Norway, and the Department of Health Management and Health Economics, University of Oslo, Norway. ‡IRLE, University of California, Berkeley. §KU Leuven, Leuven, Belgium. ¶IRLE, University of California, Berkeley. aago{at}niph.no mreich{at}econ.berkeley.edu jesse.wursten{at}kuleuven.be. allegretto{at}berkeley.edu",https://doi.org/10.3368/jhr.1119-10540r2,4.1415915
qje,2020,The Fall of the Labor Share and the Rise of Superstar Firms*,"Abstract The fall of labor’s share of GDP in the United States and many other countries in recent decades is well documented but its causes remain uncertain. Existing empirical assessments typically rely on industry or macro data, obscuring heterogeneity among firms. In this article, we analyze micro panel data from the U.S. Economic Census since 1982 and document empirical patterns to assess a new interpretation of the fall in the labor share based on the rise of “superstar firms.” If globalization or technological changes push sales toward the most productive firms in each industry, product market concentration will rise as industries become increasingly dominated by superstar firms, which have high markups and a low labor share of value added. We empirically assess seven predictions of this hypothesis: (i) industry sales will increasingly concentrate in a small number of firms; (ii) industries where concentration rises most will have the largest declines in the labor share; (iii) the fall in the labor share will be driven largely by reallocation rather than a fall in the unweighted mean labor share across all firms; (iv) the between-firm reallocation component of the fall in the labor share will be greatest in the sectors with the largest increases in market concentration; (v) the industries that are becoming more concentrated will exhibit faster growth of productivity; (vi) the aggregate markup will rise more than the typical firm’s markup; and (vii) these patterns should be observed not only in U.S. firms but also internationally. We find support for all of these predictions.",https://doi.org/10.1093/qje/qjaa004,4.050941
bjir,2025,Politicising Commodification: European Governance and Labour Politics From the Financial Crisis to the Covid Emergency,"Politicising Commodification provides a path-breaking, comprehensive and rigorous analysis of the nature and impact of the European Union's New Economic Governance (NEG) policy regime on employment relations (ER) and public service provision from its ad hoc inception in 2009, under the financial crisis, through to the Covid emergency and its immediate aftermath. It also explores the transnational collective protest actions by trade unions and social movements that the NEG and other forms of EU intervention triggered. It does so by drawing on an in-depth, three-dimensional comparison of: the two policy areas; three sectors (transport, water and healthcare); at EU level and from the vantage point of four countries (Germany, Ireland, Italy and Romania). The first part elaborates the conceptual framework and research design; the second part examines the policy prescriptions emanating from the NEG, and the transnational collective action they prompted, for the two policy areas and three sectors, and presents a compelling comparative analysis. The final part identifies changes and continuities in the NEG regime under the Covid emergency. Work on the trajectory of EU integration since the mid-1980s launch of the EU's Single Market programme has distinguished between negative, market-making and positive, market-correcting integration measures and dynamics. Erne et al. replace this well-established distinction with that between vertical (political) integration and horizontal (market) integration: whilst the character of the latter is inherently marketing-making, the former can be either market-making or market-correcting. Building on this insight, they frame vertical market-making measures as being commodifying, subjecting labour and public services to market processes, and their market-correcting counterparts as de-commodifying, protecting them from such processes. The European Union's existing mechanisms of economic and social governance, contend Erne et al., were found wanting in the face of the severe economic imbalances and associated jeopardy to Economic and Monetary Union resulting from the financial crisis. The NEG enabled the EU authorities (the Commission and the Council) to prescribe and enforce policy changes deemed economically necessary, including in fields hitherto shielded by the EU's Treaty from vertical political intervention, including collective wage bargaining. Initially, an ad hoc mechanism to govern the Memoranda of Understandings (MoUs) reached with Member States receiving financial bailouts, the NEG was formalised as an additional EU-wide instrument of governance in 2011. Its essence mimics the private governance arrangements through which transnational companies control their subsidiaries, including use of benchmarking of key performance indicators; financial awards and sanctions; and ad hoc policy prescriptions, in an ongoing annual cycle covering each member state. Unlike other modes of EU governance, 'NEG does not follow [the] logic of democratic interest intermediation. It is instead a new policymaking space at the borderline of democracy, bypassing national and European parliaments and social partners' (p. 33). Erne et al. observe that horizontal (market) integration and vertical (political) integration offer different 'crystallisation points' (p. 44) for countervailing collective action by trade unions and social movements. Vertical measures are more tangible and hence more readily politicised and contested. However, compared with the universal impacts across member states of proposed EU directives, the NEG's policy prescriptions are country specific, presenting more of an obstacle to transnational mobilisation: the NEG 'risks being a supranational regime that nationalises social conflict' (p. 50). The four countries differ in their position, core or periphery, within the EU's political economy; and their location within the policy enforcement spectrum of the NEG's regime. Under MoUs, countries are deemed subject to 'very significant' coercive power from the EU authorities; under the EU's corrective macro-economic procedure, they are subject to 'significant' coercive power; otherwise, under 'softer' EU policy and surveillance frameworks, countries are subject to 'weak' coercive power (p. 86). A mix of methods underpins the extensive European- and national-level fieldwork. For the analysis of NEG policy prescriptions, the commodification/de-commodification dichotomy is operationalised along quantitative and qualitative dimensions, contrasting curtailment or expansion of resources and marketising or de-marketising processes, respectively. For ER, the focus is on wage levels, collective wage bargaining arrangements and hiring and firing mechanisms. For public services, and the three sectors, the focus is on resource levels, governance mechanisms for service provision and citizens' access to services. Comparing the two policy areas, commodifying policy prescriptions predominate numerically and in their coercive power on both quantitative and qualitative dimensions. Prescriptions for public services point more consistently in a commodifying direction than those for ER, reflecting lesser marketizing pressures from horizontal integration on public services than ER. The pattern across sectors evidences some variation: whilst qualitative policy prescriptions are invariably commodifying–as are quantitative ones in healthcare–quantitative prescriptions in transport and water tend to be de-commodifying, tasking governments to invest in infrastructures. While the coercive power of commodifying prescriptions tends to be (very) significant, that of de-commodifying ones is weak. Across the two policy areas and three sectors, Erne et al. demonstrate that NEG policy prescriptions are driven by an 'overarching commodification policy script' (p. 297), particularly on the qualitative dimension, that is, driving forward marketisation. The finding is salient: the focus of much debate on the NEG has been on its quantitative impact (i.e., austerity). Yet, its qualitative impact is more consequential and more difficult to reverse. Drawing on their original database of transnational collective protest actions, Erne et al. find that proposed European legislation with a commodifying objective is the predominant trigger. In contrast, transnational protests triggered by NEG policy prescriptions account for under 10% of those targeted at the EU authorities post-2009–underlining the greater obstacles to cross-border mobilisation. This is attributed to the variable geography of the NEG's enforcement regime, involving markedly different degrees of coercive power between countries, as well as its nationally differentiated policy prescriptions. Inherent limitations of the NEG are identified: unlike the constituent elements of a TNC, electorates can ditch managements (i.e., governments) implementing unpopular, EU-mandated policies and elect alternative ones in their place; policy prescriptions are uneven in their impact across countries, and through time those with weak coercive powers are frequently ignored. Hence, the European authorities continued recourse to ordinary legislative initiatives (i.e., directives). These are more equal in their impact across countries, but also more open to transnational contestation. Changes to the NEG regime were instigated to meet the exigencies of the Covid emergency: the coercive macro-economic imbalance procedure was suspended, and a substantial EU-wide Recovery and Resilience Facility (RRF) was launched. The focus on country-specific policy prescriptions continued. Disbursements to countries from the RRF are conditional on their implementation, augmenting the EU authorities' coercive power. The prescriptive trajectories in the two policy areas, however, 'pointed in opposite directions' (p. 348). Public services continued to be subject to commodifying prescriptions to further marketise provision, whereas ER experienced a sharp policy turn in a de-commodifying direction. The few policy prescriptions addressing ER were de-commodifying, whilst new market-correcting legislation was enacted, notably the 2022 Adequate Minimum Wages Directive. This also promotes sectoral collective wage bargaining: paradoxically, bringing wage-setting within the scope of EU governance under the NEG regime paved the way for this substantial de-commodifying measure. Politicising Commodification stands as a likely enduring reference work on the NEG, EU governance more broadly, and (transnational) labour and social movement politics. The issue of generalisation to other country vantage points and other sectors is left open: would the perspective from one of the Visegrad or Nordic countries confirm or question (some) findings? Likewise, the outcome of taking a private service sector, such as banking, or a production sector, such as construction, as a lens? The limits of the NEG regime given the contingent nature of its enforcement powers invite questions about its future role. A product of its time, does it remain a 'fleet in waiting' offering a tool box with path-shifting potential which can be mobilised in the face of a future crisis?",https://doi.org/10.1111/bjir.12876,4.0498314
jole,2019,Do High-Wage Jobs Attract More Applicants? Directed Search Evidence from the Online Labor Market,"Labor markets become more efficient in theory if job seekers direct their search. Using online job board data, we show that high-wage ads attract more applicants as in directed search models. Due to distinctive data features, we also estimate significant but milder directed search for hidden (or implicit) wages, suggesting that ad texts and requirements tacitly convey wage information. Since explicit-wage ads often target unskilled workers, other estimates in the literature ignoring hidden-wage ads may suffer from selection bias. Moreover, job ad requirements are aligned with their applicants’ traits, as predicted in directed search models with heterogeneity.",https://doi.org/10.1086/702627,3.9056785
ir,2022,Informalization in gig food delivery in the <scp>UK</scp>: The case of hyper‐flexible and precarious work,"Abstract This article examines the process of informalization of work in platform food delivery work in the UK. Drawing on qualitative data, this article provides new analytical insight into what drives individual formal couriers to both supply and demand informalized sub‐contracted gig work to undocumented migrants, and how a platform company enables informal work practices through permissive HR practices and technology. In doing so, this article shows how platform companies are enablers of informal labor markets and contribute to the expansion of hyper‐precarious working conditions.",https://doi.org/10.1111/irel.12320,3.8208394
le,2019,Can job search assistance improve the labour market integration of refugees? Evidence from a field experiment,NA,https://doi.org/10.1016/j.labeco.2019.07.001,3.713942
ej,2024,Informal Incentives and Labour Markets,"ABSTRACT This paper investigates how labour-market tightness affects market outcomes if firms use informal, self-enforcing, agreements to motivate workers. We characterise profit-maximising equilibria and show that an increase in the supply of homogeneous workers can increase wages. Moreover, even though all workers are identical in terms of skills or productivity, profit-maximising discrimination equilibria exist. There, a group of majority workers is paid higher wages than a group of minority workers, who may even be completely excluded. Minimum wages can reduce such discrimination and increase employment. We discuss how these results relate to empirical evidence on downward wage rigidity, immigration, the gender pay gap and credentialism.",https://doi.org/10.1093/ej/ueae063,3.6287827
jhr,2021,"Selection into Identification in Fixed Effects Models, with Application to Head Start","Douglas L. Miller*⇑, Na'ama Shenhav†⇑ and Michel Grosz‡⇑ *Doug Miller, Policy Analysis and Management, Cornell University †Na'ama Shenhav, Department of Economics, Dartmouth College ‡Michel Grosz, Bureau of Economics, Federal Trade Commission Email: dlm336{at}cornell.edu E-mail: naama.shenhav{at}dartmouth.edu E-mail: mgrosz{at}ftc.gov",https://doi.org/10.3368/jhr.58.5.0520-10930r1,3.5308027
oep,2019,Inequality: traditional drivers and the role of union power,"Abstract We examine the factors explaining the increase in gross and net income inequality in advanced economies since the 1980s. Our results support the view that globalization, technological progress, financial deregulation and lower top marginal tax rates are associated with higher inequality, and we find that the relation between the decline in union density and the rise in top decile income shares—a phenomenon which labour economists have long been discussing—is widespread across advanced economies. The influence of union density on top income shares appears to be causal, as evidenced by our instrumental variable estimates and the inclusion of potentially omitted variables.",https://doi.org/10.1093/oep/gpz024,3.5284913
cje,2020,Do potential migrants internalize migrant rights in OECD host societies?,"Abstract This paper analyzes how countries’ provision of migrant rights affects potential migrants’ destination choice. Combining data on bilateral migration desires from over 140 origin countries and data on migrant rights in 38 mainly OECD destination countries over the period 2007–2014, we find that potential migrants tend to favour destinations that are more open to the inclusion of immigrants into their society. In particular, better access to and conditions on the labour market as well as access to nationality and to permanent residency significantly increase the perceived attractiveness of a destination country. These results are robust across different specifications and hold for subsamples of origin countries as well as of destinations. Moreover, some results vary across types of respondents. Educational opportunities for migrants, for instance, affect the migration desires of individuals aged 15 to 24, but less so of individuals in other age groups.",https://doi.org/10.1111/caje.12471,3.5107138
bjir,2019,Tweeting and Retweeting for Fight for $15: Unions as Dinosaur Opinion Leaders?,"Abstract Advocacy campaigns are central to unions’ efforts to impact labour rights beyond unionized workplaces. Social media and on‐the‐ground campaign dynamics are intimately related. Thus, if unions can become leaders on social media, they could have more impact on campaign framing and mobilizing. Drawing on primary data and applying a sequential mixed method, we analyse unions’ ability to emerge as opinion leaders in Twitter dialogues on the Fight for $15 (FF$15) campaign. We track FF$15‐related activities of Twitter profiles over seven months and compare union actions to those of others along three dimensions: level of activity, prevalence of tweeting versus retweeting and endorsement within FF$15 community and in the Twitter universe. Regression results show unions prefer advancing their own ideas over supporting those of others, and their messages are more endorsed than others’ messages in the Twitter universe. In‐depth interviews and a focus group reveal that while their actions are slow and conservative, unions can count on internal support and institutional reputation to gain leadership. The article concludes by noting the implications of the findings for unions’ strategies to become opinion leaders on social media.",https://doi.org/10.1111/bjir.12482,3.4881685
izajl,2023,"The revolution is dead, long live the demolition: Education and labor market consequences of student riots","Abstract The 1970s witnessed violent, widespread, and highly-politicized student protests in Turkey. Small protests turned into bloody street clashes, the death toll exceeded 5,000, and a military coup came in—which resulted in mass arrests. The universities were at the center of violent conflict. We study the education and labor market consequences of this political turmoil on the cohorts exposed to educational disruptions. First, we document that the number of new admissions and graduates in post-secondary education declined significantly due to the turmoil. The decline in post-secondary graduation ratio is 6.6 percentage points for the exposed individuals. Second, we estimate a counterfactual wage distribution for the exposed cohorts and check whether the turmoil affected their wage and occupation distributions. We show that the decline in educational attainment pushed the exposed population toward medium- and low-income occupations, and compressed their wages toward the minimum wage. Finally, we use the unexpected decline in post-secondary education as an instrument to estimate returns to college. We find that the college-premium is around 15 percent per year for men.",https://doi.org/10.2478/izajole-2023-0004,3.4841158
jep,2023,Global Value Chains in Developing Countries: A Relational Perspective from Coffee and Garments,"There is a consensus that global value chains have aided developing countries' growth. This essay highlights the governance complexities arising from participating in such chains, drawing from lessons we have learned conducting research in the coffee and garment supply chains. Market power of international buyers can lead to inefficiently low wages, prices, quality standards, and poor working conditions. At the same time, some degree of market power might be needed to sustain long-term supply relationships that are beneficial in a world with incomplete contracts. We discuss how buyers’ market power and long-term supply relationships interact and how these relationships at the export-gate could be leveraged to enhance sustainability in the domestic part of the chains. We hope that the lessons learned by combining detailed data and contextual knowledge in two specific chains—coffee and garments—have broader applicability to other global value chains.",https://doi.org/10.1257/jep.37.3.59,3.4423687
labour,2020,"Skills, Employment, and Labor Market Institutions: Evidence from PIAAC","Abstract Hanushek et al (2015, ‘Returns to Skills Around the World: Evidence from PIAAC’, European Economic Review 73: 103) find a weak wage–skill relationship in countries with limited skill reward possibilities due to high union density, strict employment protection, and large public sector. If these factors also restrict employment possibilities and the incentives to join the labor market, a possible mirror image of the weak wage–skill relationship is a steeper employment–skill gradient. We use PIAAC data to estimate the employment–skill association, and the results for the whole sample of individuals give some indication that the employment–skill gradient is steeper in countries with strict employment rules and centralized bargaining. Our results for subgroups show imprecisely estimated employment–skill gradients for immigrants. For individuals with poor health conditions and low formal education, the estimated gradient is somewhat higher than in the whole sample in countries with high bargaining coverage, a large public sector, and centralized collective bargaining systems.",https://doi.org/10.1111/labr.12174,3.4395854
jep,2021,Evidence on Research Transparency in Economics,"A decade ago, the term “research transparency” was not on economists' radar screen, but in a few short years a scholarly movement has emerged to bring new open science practices, tools and norms into the mainstream of our discipline. The goal of this article is to lay out the evidence on the adoption of these approaches – in three specific areas: open data, pre-registration and pre-analysis plans, and journal policies – and, more tentatively, begin to assess their impacts on the quality and credibility of economics research. The evidence to date indicates that economics (and related quantitative social science fields) are in a period of rapid transition toward new transparency-enhancing norms. While solid data on the benefits of these practices in economics is still limited, in part due to their relatively recent adoption, there is growing reason to believe that critics' worst fears regarding onerous adoption costs have not been realized. Finally, the article presents a set of frontier questions and potential innovations.",https://doi.org/10.1257/jep.35.3.193,3.4270718
le,2020,The economics of migration: Labour market impacts and migration policies,NA,https://doi.org/10.1016/j.labeco.2020.101929,3.4129512
jce,2021,Informal pay gaps in good and bad times: Evidence from Russia,NA,https://doi.org/10.1016/j.jce.2021.02.002,3.3892303
icc,2022,How automation and skill gaps fail to explain wage suppression or wage inequality,"Abstract Wage gaps between “skilled” and “unskilled” earners in the United States are conventionally attributed to U.S. workers’ “skill deficits,” or lack of skills necessary to deal with technological change, particularly automation. This paper argues instead that skills deficit/automation claims have always been a weak explanation for post-1979 trends. Since the mid-1990s all indications are that there is no basis for considering automation to be a significant factor in wage suppression or the growth of wage inequality. Rather, inequality growth has been an outgrowth of developments in the labor market rather than product markets. The key dynamic undercutting the typical worker’s wage growth has been the strengthening of employers’ power relative to their white-collar and blue-collar workers. The cause has not been monopoly firms exercising their power in product markets by charging higher prices to consumers. Monopolization has indeed contributed to wage suppression, but even this factor has largely run through the labor market, as monopoly firms squeezed supplier chain firms which in turn undercut their own workers’ wages while seeing a profit squeeze as well. The paper concludes that what is needed is a better balancing of power in the labor market rather than a perfecting of competition.",https://doi.org/10.1093/icc/dtac004,3.3846018
ilr,2024,"Labor, Management, Government, and Labor Markets: A Festschrift in Honor of Thomas A. Kochan","In September 2022, former students and colleagues of Thomas A. Kochan organized a Festschrift, a “festival of writing,” to honor his impact on Industrial Relations and related fields. The Festschrift generated more than two dozen articles and commentaries in a forthcoming book, as well as the four articles featured here in the ILR Review. These articles include “A Tale of Two Locals,” focused on contrasting responses to the 2019 GM-UAW strike; “The Need for Speed,” focused on the role of employers in immigrant work visa prioritization; “Incentives to Comply with the Minimum Wage,” comparing enforcement in the United States and the United Kingdom; and “Gendered Job Search” focused on gender differences in reservation wages and job applications. The articles highlight the roles of labor, management, and government as actors in an industrial relations system. Together these articles and the additional collection in the forthcoming book exemplify Tom Kochan’s leadership in advancing industrial relations theory, policy, and practice.",https://doi.org/10.1177/00197939241293730,3.3771436
jep,2024,Job Training and Job Search Assistance Policies in Developing Countries,"Governments around the developing world face pressure to intervene actively to help jobseekers find employment. Two of the most common policies used are job training, based on the idea that many of those seeking jobs lack the skills employers want, and job search assistance, based on the possibility that even if workers have the skills demanded, search and matching frictions make it difficult for workers to be hired in the jobs that need these skills. However, reviews of the first generation of evaluations of these programs found typical impacts to be small, casting doubt on the usefulness and cost-effectiveness of these programs. This paper re-examines the arguments for whether, when, and how, developing country governments should undertake job training and job search assistance policies. We use our experience with policy implementation, and evidence from recent impact evaluations, to argue that there is still a role for governments in using these programs. However, success depends critically on program design and delivery elements that can be difficult to scale effectively, and in many cases the binding constraint may be a lack of firms with job openings, rather than a lack of workers with the skills to fill these openings.",https://doi.org/10.1257/jep.38.1.221,3.3711984
bjir,2025,The Representativeness of the Annual Survey of Hours and Earnings and Its Implications for UK Wage Policy,"ABSTRACT The Annual Survey of Hours and Earnings (ASHE) is based on an annual 1% sample of employee jobs and provides many of the UK's official earnings statistics. These statistics are produced using official weights designed to make the achieved sample in each year representative of the population of employee jobs in Britain by gender, age, occupation and region. However, we show that jobs in small, young, private‐sector organisations remain significantly under‐represented after applying these weights. To address this issue, we develop new weights and demonstrate their importance through policy‐relevant examples. Our new estimates suggest that the bite of the National Living Wage is greater than previously reported, and the gender pay gap is wider. We conclude that a new official review of the methodology for ASHE is merited to improve the accuracy and reliability of data informing earnings analysis and research in the United Kingdom.",https://doi.org/10.1111/bjir.70010,3.367129
jhe,2021,God is in the rain: The impact of rainfall-induced early social distancing on COVID-19 outbreaks,"We measure the benefit to society created by preventing COVID-19 deaths through a marginal increase in early social distancing. We exploit county-level rainfall on the last weekend before statewide lockdown in the early phase of the pandemic. After controlling for historical rainfall, temperature, and state fixed-effects, current rainfall is a plausibly exogenous instrument for social distancing. A one percent decrease in the population leaving home on the weekend before lockdown creates an average of 132 dollars of benefit per county resident within 2 weeks. The impacts of earlier distancing compound over time and mainly arise from lowering the risk of a major outbreak, yielding large but unevenly distributed social benefit.",https://doi.org/10.1016/j.jhealeco.2021.102575,3.3483005
jep,2023,"Carbon Border Adjustments, Climate Clubs, and Subsidy Races When Climate Policies Vary","Jurisdictions adopt climate policies that vary in terms of both ambition and policy approach, with some pricing carbon and others subsidizing clean production. We distinguish two types of policy spillovers from these diverse approaches. First, when countries have different levels of climate ambition, free-riders benefit at the expense of more committed countries. Second, when countries pursue different approaches, carbon-intensive producers within cost-imposing jurisdictions are at a relative competitive disadvantage compared with producers in subsidizing jurisdictions. Carbon border adjustments and climate clubs respond to these spillovers, but when countries have divergent approaches, one policy alone cannot address both spillovers. We also consider the policy dynamics arising from carbon border adjustments and climate clubs; both have the potential to encourage upward harmonization of climate policy, but come with risks. Further, the pressures of international competition may result in subsidy races, with attendant risks and benefits.",https://doi.org/10.1257/jep.37.3.137,3.317425
bjir,2025,Occupational Autonomy and Wage Divergence: Evidence From European Survey Data,"ABSTRACT Wages across occupations in Western Europe have diverged, resulting in increased wage inequality. However, existing theories such as routine‐biased technological change (RBTC) or task offshoring fail to explain this trend. We propose a new explanation based on occupational autonomy. Autonomy measures workers' control and influence over their work process based on the tasks required in an occupation. Analysing individual‐level data from the EU Survey of Income and Living Conditions, we reveal a rising autonomy wage premium, that is, higher wage growth for occupations with higher autonomy, which accurately predicts the observed occupational wage divergence. We also find that the autonomy premium increases more rapidly in countries and industries with greater employee monitoring and outsourcing, as well as in countries with declining minimum wages. These findings imply that low‐autonomy occupations have been disadvantaged by recent socioeconomic trends that have altered power relations in the workplace. Notably, our analysis does not support previous explanations for occupational wage trends based on RBTC or task offshoring.",https://doi.org/10.1111/bjir.70003,3.3150454
ei,2020,ANALYZING THE IMPACT OF THE WORLD'S LARGEST PUBLIC WORKS PROJECT ON CRIME,"India started the implementation of a rural public works program in 2006, covering all districts of the country within 3 years. The program guarantees 100 days of employment per year at minimum wage to each rural household, with the goal of reducing joblessness and poverty. We exploit the design and implementation of this program to investigate its employment impact on various types of crimes to provide rare evidence on the employment–crime relationship in a developing country context. We find that employment generated by the program has a negative impact on both property crime and violent crime. The same conclusion is reached when we analyze the impact of the program using its staggered rollout structure as the source of identification in a difference‐in‐difference analysis. Although crime elasticities with respect to employment are small, this finding represents another dimension of the social benefit generated by the program. ( JEL K4, E24, H54)",https://doi.org/10.1111/ecin.12891,3.305377
labour,2019,The Returns to Personality Traits Across the Wage Distribution,"Abstract This paper investigates variation in the wage effects of personality traits across the wage distribution. I expect increasing magnitudes of the effects of personality traits on wages for high‐ compared to low‐wage employees and test this hypothesis using unconditional quantile regressions with data from Germany, the UK , and Australia. The findings show increasing magnitudes of the effects of especially agreeableness, neuroticism and risk taking across the wage distribution and provide further evidence for the importance of non‐cognitive skills for wages.",https://doi.org/10.1111/labr.12165,3.2600465
le,2020,Immigration and the Tower of Babel: Using language barriers to identify individual labor market effects of immigration,"This paper introduces a novel approach to estimating immigration impacts on natives' labor market outcomes. Differential language requirements across occupations serve as an arguably exogenous source of variation during the large and sudden immigration surge to Norway after the enlargements of the European labor market in 2004 and 2007. Migrant inflow into occupations is instrumented with occupations' required level of (Norwegian) language skills. Administrative register data allow for a rich set of individual-level outcomes. Comparing workers in occupations with different language requirements, I find that a one percentage point increase in the share of Eastern European workers reduced native workers' labor earnings by 0.75 percent. I further find adverse employment effects and evidence of skill-upgrading, but largely no other form of worker mobility among treated individuals. In particular, young woŕkers were hit in the wage dimension and old workers in the employment dimension. The results are highly robust.",https://doi.org/10.1016/j.labeco.2020.101834,3.217319
jole,2022,How Much Should We Trust Estimates of Firm Effects and Worker Sorting?,Many studies use matched employer-employee data to estimate a statistical model of earnings determination with worker and firm fixed effects. Estimates based on this model have produced influential yet controversial conclusions. The objective of this paper is to assess the sensitivity of these conclusions to the biases that arise because of limited mobility of workers across firms. We use employer-employee data from the United States and several European countries while taking advantage of both fixed effects and random effects methods for bias correction. We find that limited mobility bias is severe and that bias correction is important.,https://doi.org/10.1086/720009,3.160815
jhr,2020,Strong Employers and Weak Employees,"Efraim Benmelech⇑, Nittai K. Bergman and Hyunseob Kim Harold L. Stuart Professor of Finance at the Kellogg School of Management, Northwestern University. Professor of Economics at the Berglas School of Economics and Coller School of Management, Tel Aviv University. Assistant Professor of Finance at the Johnson Graduate School of Management, Cornell University. Corresponding author; Email: e-benmelech{at}kellogg.northwestern.edu.",https://doi.org/10.3368/jhr.monopsony.0119-10007r1,3.0458908
jpe,2022,Back Cover,"Previous article FreeBack CoverPDFPDF PLUSFull Text Add to favoritesDownload CitationTrack CitationsPermissionsReprints Share onFacebookTwitterLinked InRedditEmailQR Code SectionsMoreOpportunity CostsWhat is the cost of War and Peace? The cover price of the Modern Library Classics paperback edition is $15.00, discounted 32% by Amazon to $10.50. But what about the human cost in terms of hours squandered reading a super-sized work of literary fiction? If you can read 400 words per minute, double the average, it will take you 1,476 minutes (24.6 hours) to read War and Peace. Devoting just four hours per day to the task, you could finish the work in a little over six days. If you earn $7.25 per hour (minimum wage in the U.S.), the cost of reading War and Peace will be $184.50 (€130.4716, £11.9391, or ¥17676.299).[Ellen Lupton, Thinking with Type: A Critical Guide for Designers, Writers, Editors, & Students, 2nd edition, revised & expanded (New York: Princeton Architectural Press, 2010, p. 56](Suggested by Alexandru Nichifor) Previous article DetailsFiguresReferencesCited by Journal of Political Economy Volume 130, Number 12December 2022 Article DOIhttps://doi.org/10.1086/723420 Views: 149Total views on this site © 2022 The University of Chicago. All rights reserved.PDF download Crossref reports no articles citing this article.",https://doi.org/10.1086/723420,3.0281096
jpub,2020,The anatomy of behavioral responses to social assistance when informal employment is high,NA,https://doi.org/10.1016/j.jpubeco.2020.104313,2.9453838
jhr,2020,Long-Run Impacts of Intergovernmental Transfers,Irineu de Carvalho Filho and Stephan Litschig Irineu de Carvalho Filho is a Principal Economist at the Monetary Authority of Singapore. Stephan Litschig is Professor at the National Graduate Institute for Policy Studies (GRIPS) in Tokyo (s-litschig{at}grips.ac.jp),https://doi.org/10.3368/jhr.57.3.0917-9064r2,2.847063
ilr,2019,"Consider This: Training, Wages, and the Enforceability of Covenants Not to Compete","Using data from the Survey of Income and Program Participation, the author examines the effect of noncompete enforceability on employee training and wages. An increase from no enforcement of noncompetes to mean enforceability is associated with a 14% increase in training, which tends to be firm-sponsored and designed to upgrade or teach new skills. In contrast to theoretical expectations, the results show no evidence of a relationship between noncompete enforceability and self-sponsored training. Despite the increases in training, an increase from non-enforcement of noncompetes to mean enforceability is associated with a 4% decrease in hourly wages. Consistent with reduced bargaining power, noncompete enforceability is associated with a reduction in the return to tenure, and less-educated workers experience additional wage losses in the face of increased enforceability relative to more-educated workers. Suggestive evidence indicates that policies that tie the enforceability of noncompetes to the worker receiving additional consideration in exchange for signing a noncompete are associated with higher wages.",https://doi.org/10.1177/0019793919826060,2.842409
eer,2021,Robots and the gender pay gap in Europe,NA,https://doi.org/10.1016/j.euroecorev.2021.103693,2.8358753
le,2021,Stung by pension reforms: The unequal impact of changes in state pension age on UK women and their partners,NA,https://doi.org/10.1016/j.labeco.2021.102049,2.7930853
jole,2019,Jacob Mincer Award,"Previous articleNext article FreeJacob Mincer AwardPDFPDF PLUSFull Text Add to favoritesDownload CitationTrack CitationsPermissionsReprints Share onFacebookTwitterLinked InRedditEmailQR Code SectionsMoreDavid Card is the 2019 recipient of the Jacob Mincer Award for lifetime contributions to the field of labor economics. Card is the Class of 1950 Professor of Economics and the director of the Center for Labor Economics at the University of California, Berkeley. He is a fellow of the Society of Labor Economists, the Econometric Society, and the American Academy of Arts and Sciences. David has won numerous prizes and awards, including the Frisch Medal from the Econometric Society, the IZA Prize in Labor Economics, and the BBVA Foundation Frontiers of Knowledge Award. He has served as coeditor of the Journal of Labor Economics, the American Economic Review, and Econometrica. David has also served as president of the Society of Labor Economists and of the Western Economics Association.David grew up on a farm near Guelph, Ontario, and he attended a one-room school as a child. He was an undergraduate at Queens University and received his PhD in economics from Princeton. After spending one year on the faculty at the University of Chicago, David returned to Princeton in 1983, where he remained until 1997, when he moved to Berkeley. David’s time at Princeton was marked by, among other things, very fruitful collaborations with Orley Ashenfelter and Alan Krueger. It was at Princeton that David first exhibited his lifelong devotion to training graduate students. Many of David’s students, from both Princeton and Berkeley, are now leading economists in labor economics and related fields.David is an obvious choice for the Mincer Award. It is hard to think of a labor economist who entered the profession in the past 40 years with broader reach and influence than David Card. He has been a major force and leader in the field of labor economics for more than three decades with pioneering and influential contributions spanning all aspects of the field, and it is difficult for anyone to work in labor economics without citing his important work. David’s research stands as an exemplar of how empirical research in economics should be conducted.Any list of the substantive questions David has worked on will necessarily be incomplete due to the range of topics he has addressed, and we mention only some here. David’s research portfolio includes work on static and intertemporal labor supply, labor contracts and union wage and employment determination, the empirical methodology of estimating returns to schooling, the effects of school inputs (school quality) on earnings and racial wage gaps, long-run changes in racial wage gaps, the effects of immigration on the labor market, the effects of training and employment policies, the minimum wage, the empirical methodology of program evaluation and natural experiments, unemployment and unemployment insurance, and, most recently, the use of employer-employee matched data to examine the role of firms in wage setting and to test models of labor contracting.David’s earliest work was on indexation in labor contracts and on labor demand in a unionized environment. His interest in labor unions presaged his important later work on labor unions and inequality. David’s paper with Orley Ashenfelter on estimating the effect of training programs remains one of the important early contributions to the literature on program evaluation. David’s work with John Abowd on employment contracts and models of earnings and labor supply stands as seminal work on these problems. David’s work on immigration began with his well-known study of the effects of the Mariel boatlift on the Miami labor market and stands as a prime example of the use of a natural experiment to understand an important policy problem. This work was followed by his later central contributions to the literature on the effects of immigration. David’s seminal work with Alan Krueger on the employment effects of the minimum wage challenged conventional orthodoxy, changed the way economists thought about the minimum wage, and was an important driver in subsequent work on employer market power and monopsony. David’s work on education, focusing both on the role of educational resources and on understanding the causal effect of education on earnings, consists of central contributions to the human capital literature. More recently, David’s work on heterogeneity across firms in wage setting has played an important role in understanding wage inequality.In conclusion, the depth and breadth of David Card’s contributions to labor economics, his mentoring of generations of students who have gone on to be the leaders of succeeding generations of labor economists, and his generous provision of professional public goods to the field and to the Society of Labor Economists make him an ideal recipient of the Jacob Mincer Award.2019 Jacob Mincer Award Nominating Committee:Joseph Altonji (ex officio)Henry Farber (chair)John HaltiwangerHilary HoynesLawrence KatzAlan ManningPetra Todd Previous articleNext article DetailsFiguresReferencesCited by Journal of Labor Economics Volume 37, Number 3July 2019 Published for the Society of Labor Economists, Economics Research Center/ NORC Article DOIhttps://doi.org/10.1086/704046 © 2019 by The University of Chicago. All rights reserved.PDF download Crossref reports no articles citing this article.",https://doi.org/10.1086/704046,2.7885804
ilr,2020,Editorial Essay: Introduction to a Special Issue on Improving Private Regulation of Labor in Global Supply Chains: Theory and Evidence,"Keywords global supply chains, labor, labor standards, private regulation, corporate codes of conduct and labor",https://doi.org/10.1177/0019793920927693,2.7820673
bjir,2022,How should we think about employers’ associations?,"Abstract We maintain that employer associations are a specific form of employer collusion that is overt, formal and labour market‐focused which encompasses but is by no means confined to collective bargaining. We consider the conditions under which this form of collusion might emerge, and how it might develop. Since the context is the decline of employers’ associations in collective bargaining, we look at how collective bargaining involvement (and its disappearance) might relate to the growth or decline of other forms of collusion in areas such as product and financial markets, and political influence. Our central contention is that employers’ associations continue to perform an important role in helping employers set the terms of trade, albeit one that has adapted to the demise of sectoral bargaining.",https://doi.org/10.1111/bjir.12722,2.7479303
ilr,2020,Field Opacity and Practice-Outcome Decoupling: Private Regulation of Labor Standards in Global Supply Chains,"Although firms in diverse industries increasingly adopt private regulation of labor standards for workers in their global supply chains, growing scholarly evidence suggests that this approach has not generated sustainable improvements in working conditions for those workers. The authors draw on recent developments in institutional theory regarding the development of opaque institutional fields that cause the decoupling between practices and outcomes to develop a new explanation for the lack of sustainable improvement in labor practices in supply chains. Using qualitative and quantitative data from a global apparel supplier and a global home products retailer, they demonstrate the various ways in which opacity causes decoupling between private regulation practices of global firms and outcomes for workers in supply chains.",https://doi.org/10.1177/0019793920903278,2.7445612
jhr,2019,The Sources of the Wage Losses of Displaced Workers,"Pedro Raposo⇑, Pedro Portugal⇑ and Anabela Carneiro Pedro Raposo is at Católica Lisbon School of Business and Economics. Pedro Portugal is at Banco de Portugal, NOVA School of Business and Economics Anabela Carneiro is at the Universidade do Porto and CEF.UP–Center for Economics and Finance at the University of Porto. The authors are willing to assist in this process (Pedro Raposo; pedro.raposo{at}ucp.pt). (pportugal{at}bportugal.pt).",https://doi.org/10.3368/jhr.56.3.0317-8667r3,2.7398007
jep,2019,The Declining Labor Market Prospects of Less-Educated Men,"Over the last half century, US wage growth stagnated, wage inequality rose, and the labor-force participation rate of prime-age men steadily declined. In this article, we examine these worrying labor market trends, focusing on outcomes for males without a college education. Though wages and participation have fallen in tandem for this population, we argue that the canonical neoclassical framework, which postulates a labor demand curve shifting inward across a stable labor supply curve, does not reasonably explain the data. Alternatives we discuss include adjustment frictions associated with labor demand shocks and effects of the changing marriage market—that is, the fact that fewer less-educated men are forming their own stable families—on male labor supply incentives. In the synthesis that emerges, the phenomenon of declining prime-age male labor-force participation is not coherently explained by a series of causal factors acting separately. A more reasonable interpretation, we argue, involves complex feedbacks between labor demand, family structure, and other factors that have disproportionately affected less-educated men.",https://doi.org/10.1257/jep.33.2.163,2.7396262
bjir,2020,"Uneven Development, Uneven Response: The Relentless Search for Meaningful Regulation of GVCs","Abstract The regulation of employment in global value chains (GVCs) is a story of the interaction of corporation and state in transnational space, where uneven international development has allowed the commodification and exploitation of international labour. Global standards are well articulated by bodies such as the International Labour Organization (ILO) and UN. We know what ‘decent work’ should look like as well as what all workers should enjoy as basic employment and human rights. Yet, internationally, the different mechanisms of private and public regulation fail at the point of implementation and across the world we see no fundamental shift in the condition of labour in terms of its capacity for social or economic upgrading. This article examines the regulatory mechanisms, and outcomes of regulation, of industrial relations in GVCs. It commends a future research agenda to illuminate the interaction between different sources of standards and rules and the complexities of intersecting private and public regulation, in the pursuit of enforceable, meaningful regulation of work and employment in international supply chains.",https://doi.org/10.1111/bjir.12573,2.7362552
restat,2019,Rethinking the Benefits of Youth Employment Programs: The Heterogeneous Effects of Summer Jobs,"This paper reports the results of two randomized field experiments, each offering different populations of Chicago youth a supported summer job. The program consistently reduces violent-crime arrests, even after the summer, without improving employment, schooling, or other arrests; if anything, property crime increases over two to three years. Using a new machine learning method, we uncover heterogeneity in employment impacts that standard methods would miss, describe who benefits, and leverage the heterogeneity to explore mechanisms. We conclude that brief youth employment programs can generate important behavioral change, but for different outcomes, youth, and reasons than those most often considered in the literature.",https://doi.org/10.1162/rest_a_00850,2.7297583
oep,2021,Wage growth and inflation in Europe: a puzzle?,"Abstract In many European countries, prior to the pandemic, wages rose faster than productivity, yet consumer price pressures remained subdued. This is puzzling as theory suggests that inflation would pick up with a rise in wage growth that exceeds productivity growth. To shed light on this puzzle, we analyze the transmission of wage shocks to core inflation for a sample of 27 European countries over the period 1995Q1–2019Q1. More importantly, we assess how the transmission depends on a set of factors. We find that historically wage growth has led to higher inflation but the impact has weakened since the global financial crisis. Our analysis shows that the passthrough from wage growth to inflation is significantly lower in periods of subdued inflation and inflation expectations, greater competitive pressures, and robust corporate profitability.",https://doi.org/10.1093/oep/gpab051,2.7115216
eer,2021,Disentangling trade reform impacts on firm market and production decisions,NA,https://doi.org/10.1016/j.euroecorev.2021.103726,2.6817892
ilr,2019,Systems for Conflict Resolution in Comparative Perspective,"A cornerstone of industrial relations theory is the idea that the potential for conflict is inherent in the employment relationship. Across countries, forms of workplace conflict and methods of conflict resolution take a range of different forms. Yet aside from attempts to understand cross-national variation in strikes, little research has examined systemic differences in the manifestation and management of workplace conflict. The authors seek to fill this void by analyzing through a comparative lens practices for addressing employment-related conflict in four countries: Germany, the United States, Italy, and Australia. In contrast to the unidimensional varieties of capitalism approach, they analyze workplace conflict resolution systems across two dimensions: collective-individual and regulated-voluntarist. The analysis also emphasizes the importance of within-country variation and interactions between different conflict resolution subsystems.",https://doi.org/10.1177/0019793919870800,2.6710384
ir,2021,"Extreme Wages, Performance, and Superstars in a Market for Footballers","We study the determinants of superstar wage effects, asking whether productivity or popularity‐based explanations are more appropriate. We use longitudinal wage and performance data for workers (players) and firms (teams) from a particular market for sports talent: Major League Soccer (MLS) in the United States. We find evidence that the top earners, whose annual salaries are mostly not accounted for by their past MLS performances, when compared to other footballers, are paid more because they attract significantly higher stadium attendances and thus revenues. There is no evidence that higher residual salary spending by the teams affects their relative performance in football terms, or that the amounts the teams spend on actual talent affect attendances. Taken together, these results suggest that a popularity‐based explanation of superstar wage effects is appropriate among the top earners in this labor market.",https://doi.org/10.1111/irel.12270,2.6494458
aeja,2022,"Wage Stagnation and the Decline of Standardized Pay Rates, 1974–1991","Using new establishment-by-occupation microdata, we show that the use of discretionary wage setting significantly expanded in the 1970s and 1980s. Increasingly, wages for blue-collar workers were not standardized by job title or seniority but instead subject to managerial discretion. When establishments abandoned standardized pay rates, wages fell, particularly for the lowest-paid workers in a job and for those in establishments that previously paid above market rates. This shift away from standardized pay rates, in context of a broader decline in worker bargaining power, accelerated the decline in real wages experienced by blue-collar workers in the 1980s. (JEL J31, J33, J52, M52, O33)",https://doi.org/10.1257/app.20200819,2.6386786
restud,2023,"Informality, Consumption Taxes, and Redistribution","Abstract Can taxes on consumption redistribute in developing countries? Contrary to consensus, we show that taxing consumption is progressive once we account for informal consumption. Using household expenditure surveys in 32 countries, we proxy for informal consumption using the type of store where purchases occur. We establish that the budget share spent in informal stores steeply declines with income, so that richer households pay a substantially larger share of their income in taxes. Our findings imply that the widespread policy of exempting food from taxation is hard to justify on equity grounds in low-income countries.",https://doi.org/10.1093/restud/rdad095,2.6170223
bjir,2019,Zero Hours Contracts and Their Growth,"Abstract This article studies the prevalence and nature of zero hours contracts (ZHCs) in the UK labour market. It is widely argued that the headline count of ZHC workers based on the Labour Force Survey historically underestimated the number of workers in ZHC jobs. Here, we argue that this likely continues to be the case, particularly if one considers other, similar, no‐guaranteed‐hours jobs alongside ZHCs. ZHC jobs and workers are heterogeneous, but ZHCs have become increasingly concentrated among young workers, full‐time students, migrants, black and minority ethnic workers, in personal service and elementary occupations, and in the distribution, accommodation and restaurant sector over time. Compared to other forms of employment, median wages in ZHC jobs have also fallen. The most common prior labour market state for ZHC workers is non‐ZHC employment, particularly part‐time employment, with part of the reported growth in ZHCs driven by reclassification of existing employment relationships. Finally, we show that growth in public awareness of ZHCs contributed substantially to recent growth in reported ZHCs, particularly over the period 2013/14.",https://doi.org/10.1111/bjir.12512,2.6016674
oep,2019,Can the insider–outsider theory explain unemployment hysteresis in OECD countries?,"Abstract Insider–outsider theory is often used as a basis for explaining the hysteretic behaviour of unemployment. Despite this, there is no empirical evidence about the validity of this theory on explaining the persistence of unemployment. This article addresses this gap, using various labour market proxies of insiders’ power for the OECD countries over 1960–2013 and employing panel unit root tests that exploit the information contained in these proxies. The results show that although the unemployment rate exhibits a pronounced hysteretic behaviour in OECD countries, this behaviour is reversed once we account for the insider–outsider proxies. Our findings thus validate the role of the insider–outsider theory as a key source of unemployment hysteresis.",https://doi.org/10.1093/oep/gpz026,2.6005778
ee,2019,Fiscal policy and shadow economy in Asian developing countries: does corruption matter?,NA,https://doi.org/10.1007/s00181-019-01700-w,2.5604725
ilr,2019,Why Don’t They Complain? The Social Determinants of Chinese Migrant Workers’ Grievance Behaviors,"Using survey data from China, the author examines how migrant workers respond to violations of labor law in their workplaces. The central puzzle is why, given apparent widespread violations, some workers choose not to pursue remedies. Findings show that only 25% of surveyed workers who experience labor law violations interpret their experiences as labor rights violations. The author argues that the social nature of the employment relationship explains some of this gap: Although workers who share local identities with their employers are more likely to work without employment contracts, they are significantly less likely to interpret these conditions as a violation of their labor rights and interests. This article extends the research on grievance behavior by drawing on research from the sociology of law and immigration to understand how these subjective interpretative processes and social identities outside of the workplace influence grievance behaviors.",https://doi.org/10.1177/0019793919872471,2.5473979
bjir,2023,Income generation on care work digital labour platforms,"Abstract Recently, a growing number of digital platforms have emerged that intermediate or facilitate connections between care workers and people requiring care. Platforms position themselves as a viable response to the ‘care crisis’, yet have been decried for driving down wages and exposing workers to greater risk and precarity. Unlike more transactional types of intermediated work such as ride‐hailing or food delivery, the income of care workers depends not on pricing algorithms but on how much they work and the potential for individual agency in negotiating pay rates with clients. Drawing on three sources of data from a global digital platform business, this study asks how self‐employed care workers enact agency in relation to income generation. The findings revealed evidence of three types of agentic action: establishing professional worth; assessing costs and maximizing income; and negotiating with clients. Agency was constrained, however, by the platform's architecture and client‐related dynamics. The study provides insights into the nuanced dynamics of individual worker agency in relation to income, in a growing, feminized and largely devalued new market. The findings also demonstrate how platform businesses, despite not managing work or workers directly, play a significant role in the organization and distribution of work.",https://doi.org/10.1111/bjir.12780,2.540832
le,2022,Gig-jobs: Stepping stones or dead ends?,"How useful is work experience from the gig economy for labor market entrants searching for traditional wage jobs? We conducted a correspondence study in Sweden, comparing callback rates for recent high school graduates with (i) gig-experience, (ii) traditional experience, and (iii) unemployment history. We also study heterogeneous responses with respect to perceived foreign background. Our findings suggest that gig-experience is more valuable than unemployment, but less useful than traditional experience for majority applicants. Strikingly however, no form of labor market experience increases the callback rate for minority workers.",https://doi.org/10.1016/j.labeco.2022.102171,2.531743
jole,2019,How Do the US and Canadian Social Safety Nets Compare for Women and Children?,"The past quarter-century has seen substantial change in the social safety nets for families with children in the United States and Canada. Both countries have moved away from cash welfare, but the United States has relied more on work requirements. We examine the implications for the employment and poverty of low-educated single mothers. We find that employment improved substantially in both countries, absolutely and relative to a control group of single women without children. Poverty rates also declined in both countries, with more of the decline coming through market income in the United States and benefit income in Canada.",https://doi.org/10.1086/703260,2.5211134
cje,2020,The role of institutions and immigrant networks in firms’ offshoring decisions,"The offshoring of production by firms has expanded dramatically in recent decades, increasing their potential for economic growth. What determines the location of offshore production? How do countries’ policies and characteristics affect a firm's decision about where to offshore? Do firms choose specific countries because of the countries’ policies or because they know them better? In this paper, we use a rich dataset on Danish firms to analyze how decisions to offshore production depend on the institutional characteristics of the country and firm‐specific bilateral networks. We find that institutions that reduce credit risk and corruption increase the probability that firms will offshore there, while those that increase regulation in the labour market decrease this probability. We also show that a firm's probability of offshoring increases with the share of its employees who are immigrants from that country of origin. Finally, our analysis reveals that the negative impact of institutions that hinder offshoring is attenuated by a strong bilateral network of foreign workers.",https://doi.org/10.1111/caje.12470,2.5162942
ilr,2020,"What Forms of Representation Do American Workers Want? Implications for Theory, Policy, and Practice","Recent evidence documents an increased interest among American workers in joining a union. At the same time, there is revived debate among labor scholars, union leaders, politicians, and activists over what forms of labor representation are best suited to meet the needs of the contemporary workforce. Yet little is known about what contemporary workers have to say about these debates. This article draws on a conjoint survey experiment fielded on a nationally representative sample of more than 4,000 employees to explore the forms of representation workers want and are willing to support by paying dues. The authors compare interest in the forms of labor representation that are currently being debated. Results show that while workers value traditional collective bargaining, they would be even more willing to join and financially support organizations currently unavailable under US law and practice. The authors use these results to draw implications for the labor movement, worker advocacy groups, and the future of labor law.",https://doi.org/10.1177/0019793920959049,2.470387
ee,2021,Indirect and direct effects of the subprime crisis on the real sector: labor market migration,NA,https://doi.org/10.1007/s00181-021-02051-1,2.4253764
jhr,2021,Monopsony in Movers,"Ihsaan Bassier, Arindrajit Dube and Suresh Naidu University of Massachusetts, Amherst University of Massachusetts, Amherst, NBER, IZA Columbia University, NBER",https://doi.org/10.3368/jhr.monopsony.0319-10111r1,2.4175808
le,2019,Effects of FDI on entrepreneurship: Evidence from Right-to-Work and non-Right-to-Work states,NA,https://doi.org/10.1016/j.labeco.2019.04.008,2.3933835
eer,2023,Temporary foreign work permits: Honing the tools to defeat human smuggling,"We study how temporary visa schemes can be designed to drive smugglers out of business while meeting labor market needs in host countries. After discussing their compatibility with a large range of policy objectives, we show how combining internal and external controls with a regulated market for temporary visas alleviates the policy trade-off between migration control and ending human smuggling. We use information on irregular migration from Senegal to Spain and the Democratic Republic of Congo to South Africa to calibrate the ""eviction"" prices of visas for these two routes, which are set to throttle smuggling activities. Our results highlight important constraints for governments seeking to prevent temporary workers from overstaying, especially on south-north routes such as Senegal to Spain. They suggest combining a regulated market for visas with tighter sanctions against employers of undocumented workers as a way forward.",https://doi.org/10.1016/j.euroecorev.2023.104614,2.3643098
jpub,2023,Optimal income taxation in unionized labor markets,"This paper extends the Diamond (1980) model with labor unions to study optimal income taxation and to analyze whether unions can be desirable for income redistribution if income taxes are optimized. Unions bargain with firms over wages in each sector and firms unilaterally determine employment. Optimal unemployment benefits and optimal income taxes are lower in unionized labor markets. Unions raise the efficiency costs of income redistribution, because unemployment benefits and income taxes raise wage demands, and thereby generate involuntary unemployment. We show that unions are socially desirable only if they represent (low-income) workers whose participation is subsidized on a net basis. By creating implicit taxes on work, unions alleviate the labor-market distortions caused by income taxation. We empirically verify whether (i) participation tax rates are lower if unions are more powerful, and (ii) unions are desirable by compiling our own data set with union densities and participation tax rates for 18 sectors in 23 advanced countries. In line with our theoretical predictions, we find that participation tax rates are lower if unions are stronger. Moreover, the desirability condition for unions is never met empirically. Numerical simulations for the Netherlands confirm that unions are not desirable if income taxes are optimized and optimal participation taxes are lower if unions are stronger.",https://doi.org/10.1016/j.jpubeco.2022.104801,2.363409
aer,2021,Job Displacement Insurance and (the Lack of) Consumption-Smoothing,"We study the spending profile of workers who experience both a positive transitory income shock (lump-sum severance pay) and a negative permanent income shock (layoff). Using de-identified expenditure and employment data from Brazil, we show that workers increase spending at layoff by 35 percent despite experiencing a 14 percent long-term loss. We find high sensitivity of spending to cash-on-hand across consumption categories and for several sources of variation, including predictable income drops. A model with present-biased workers can rationalize our findings, and highlights the importance of the timing of benefit disbursement for the consumption-smoothing gains of job displacement insurance policies. (JEL D12, G51, J65, J63, O12)",https://doi.org/10.1257/aer.20190388,2.3603218
ecta,2020,Optimal Monitoring Design,"This paper considers a Principal–Agent model with hidden action in which the Principal can monitor the Agent by acquiring independent signals conditional on effort at a constant marginal cost. The Principal aims to implement a target effort level at minimal cost. The main result of the paper is that the optimal information‐acquisition strategy is a two‐threshold policy and, consequently, the equilibrium contract specifies two possible wages for the Agent. This result provides a rationale for the frequently observed single‐bonus wage contracts .",https://doi.org/10.3982/ecta16475,2.3593874
jlr,2022,Education and Voluntary Work: Evidence from Turkish Time Use Survey,NA,https://doi.org/10.1007/s12122-022-09335-0,2.3440404
jpe,2023,Fiscal Stimulus under Sovereign Risk,"What is the optimal fiscal policy response to a recession when the government is subject to sovereign risk? We study this question in a model of endogenous sovereign default with nominal rigidities. Increasing spending in a recession reduces unemployment, but it exposes the government to a debt crisis. We quantitatively analyze this trade-off between stimulus and austerity and find that expanding government spending may be undesirable, even in the presence of sizable Keynesian stabilization gains and inequality concerns. Consistent with these findings, we show that sovereign risk is a key driver of the fiscal procyclicality observed worldwide.",https://doi.org/10.1086/724317,2.3392298
ee,2019,Is there an informal employment wage penalty in Egypt? Evidence from quantile regression on panel data,NA,https://doi.org/10.1007/s00181-019-01651-2,2.334241
ir,2019,The Microeconomic Impacts of Employee Representatives: Evidence from Membership Thresholds,"Employee representatives in firms are a potentially key but not yet studied source of the impact of unions and works councils. Their actions can shape multiple drivers of firm performance, including collective bargaining, strikes, and training. This article examines the impact of union representative mandates by exploiting legal membership thresholds present in many countries. In the case of Portugal, which we examine here, while firms employing up to forty‐nine union members are required to have one union representative; this increases to two (three) union reps for firms with fifty to ninety‐nine (100–199) union members. Drawing on matched employer–employee data on the unionized sector and regression discontinuity methods, we find that a one percentage point increase in the legal union representative/members ratio leads to an increase in firm performance of at least 7 percent. This result generally holds across multiple dimensions of firm performance and appears to be driven by increased training. However, we find no effects of union representatives on firm‐level wages, given the predominance of sectoral collective bargaining.",https://doi.org/10.1111/irel.12248,2.3008685
ee,2020,Gender pay gaps in domestic and foreign-owned firms,"Abstract We investigate differences in gender wage gaps between foreign-owned and domestically owned firms in Poland, a country that has experienced large FDI inflows over the past three decades. We show that the adjusted gender wage gaps are larger among employees working in the foreign-owned sector than in the domestic sector. The gender pay gaps are found to be larger in the foreign-owned companies than in the domestically owned firms at every decile of the wage distribution, with the largest disparities being observed at the bottom and at the top. Our findings also show that in the foreign-owned sector, the returns to individual, job, and firm characteristics earned by women are much lower than the returns earned by men, but that the foreign-owned firms appear to pay higher firm-specific wage premia to women than to men, thereby narrowing within-firm gender wage inequality. These patterns differ from those observed in the domestic sector, in which firm wage premia tend to widen within-firm wage distributions, and contribute to the overall level of gender wage inequality.",https://doi.org/10.1007/s00181-020-01950-z,2.2911568
aejp,2022,"Centralized Admissions, Affirmative Action, and Access of Low-Income Students to Higher Education","I analyze how two reforms, introduced to expand college access in Brazil, impacted enrollments of low-SES students. The first policy centralized applications in a nationwide platform (SISU), and the second expanded affirmative action quotas (AA) to a uniform share of 50 percent of vacancies offered by degree. Results show that SISU changes enrollment decisions of high-SES students, crowding out low-SES groups from the least competitive degrees disproportionately. In contrast, AA increases enrollments of low-SES individuals not only mechanically but also through behavioral responses. Finally, their interaction creates a complementary effect, protecting the low-SES groups from the crowding-out of centralization. (JEL I23, I24, I28, O15)",https://doi.org/10.1257/pol.20190639,2.2839828
eer,2019,Cyclical labor costs within jobs,NA,https://doi.org/10.1016/j.euroecorev.2019.103317,2.2740693
jep,2022,Facts and Fantasies about Wage Setting and Collective Bargaining,"In this article, we document and discuss salient features of collective bargaining systems in the OECD countries, with the goal of debunking some misconceptions and myths and revitalizing the general interest in wage setting and collective bargaining. We hope that such an interest may help close the gap between how economists tend to model wage setting and how wages are actually set. Canonical models of competitive labor markets, monopsony, and search and matching all assume a decentralized wage setting where individual firms and workers determine wages. In most advanced economies, however, it is common that firms or employer associations bargain with unions over wages, producing collective bargaining systems. We show that the characteristics of these systems vary in important ways across advanced economies, with regards to both the scope and the structure of collective bargaining.",https://doi.org/10.1257/jep.36.4.29,2.2740102
aeja,2019,Job Search Periods for Welfare Applicants: Evidence from a Randomized Experiment,"We combine a randomized experiment with administrative data to study the effects of mandatory job search periods in the Dutch welfare system. Job search periods postpone the first welfare benefits payment and encourage applicants to start searching for jobs actively. Job search periods substantially reduce benefits take up. The decline in benefits receipt is permanent, but fully compensated by increased earnings because of higher reemployment rates. We do not find detectable effects on health and crime outcomes, nor do we observe income declines for more vulnerable applicants. Our results suggest that job search periods are an effective instrument for targeting benefits to welfare applicants. (JEL C93, I38, J31, J64)",https://doi.org/10.1257/app.20170163,2.2688823
ilr,2021,Labor Unions and American Poverty,"American poverty research largely neglects labor unions. The authors use individual-level panel data, incorporate both household union membership and state-level union density, and analyze both working poverty and working-aged poverty (among households led by 18- to 64-year-olds). They estimate three-way fixed effects (person, year, and state) and fixed-effects individual slopes models on the Panel Study of Income Dynamics (PSID), 1976–2015. They exploit the higher quality income data in the Cross-National Equivalent File—an extension of the PSID—to measure relative (&lt;50% of median in current year) and anchored (&lt;50% of median in 1976) poverty. Both union membership and state union density have statistically and substantively significant negative relationships with relative and anchored working and working-aged poverty. Household union membership and state union density significantly negatively interact, augmenting the poverty-reducing effects of each. Higher state union density spills over to reduce poverty among non-union households, and there is no evidence that higher state union density worsens poverty for non-union households or undermines employment.",https://doi.org/10.1177/00197939211014855,2.2680733
izajl,2020,No extension without representation? Evidence from a natural experiment in collective bargaining,"Abstract In many countries, collective bargaining coverage is enhanced by government-issued extensions that widen the reach of collective agreements beyond their signatory parties to all firms and workers in the sector. This paper analyzes the causal impact of extensions using a natural experiment in Portugal that resulted in a sharp and unanticipated decline in the extension probability of agreements. Our results, based on a regression discontinuity design, indicate that extensions had a negative impact on employment growth. This effect is concentrated among nonaffiliated firms, which may reflect the limited representativeness of employer associations.",https://doi.org/10.2478/izajole-2020-0005,2.2561433
le,2020,What makes work meaningful and why economists should care about it,NA,https://doi.org/10.1016/j.labeco.2020.101847,2.2472575
oep,2019,The effects of youth labour market reforms: evidence from Italian apprenticeships,"Abstract In this paper, we estimate the causal effects of the 2003 reforms to the Italian apprenticeship contract that increased its legal length, allowed on-the-job training and introduced a minimum floor to apprentices’ wages. Using administrative data, we implement a covariate balancing propensity score and a difference-in-differences estimator. We find that the new contract improves the chances of an apprentice obtaining a permanent job in the same firm five years after hiring; however, this occurs more frequently in large firms. We also find sizeable, long-run wage effects that extend well beyond the legal duration of the apprenticeship contract. These effects are compatible with increased human capital accumulation, possibly due to the reformed training provisions.",https://doi.org/10.1093/oep/gpz053,2.2320752
cje,2021,"Social preferences, monopsony and government intervention","Abstract Monopsony power by firms and social preferences by consumers are well established. We analyze how wages and employment change in a monopsony if workers compare their income with that of a reference group. We show that the undistorted, competitive outcome may no longer constitute the benchmark for welfare comparisons and derive a condition that guarantees that the monopsony distortion is exactly balanced by the impact of social comparisons. We also demonstrate how wage restrictions and subsidies or taxes can be used to ensure this condition, both for a welfarist and a paternalistic welfare objective.",https://doi.org/10.1111/caje.12515,2.2116458
labour,2019,"Over‐, Required, and Undereducation: Consequences on the Bottom Lines of Firms","Abstract We provide first evidence regarding the direct effect of over‐, required, and undereducation on the bottom lines of firms across work environments. We use detailed Belgian linked employer–employee panel data, rely on the methodological approach pioneered by Hellerstein et al . (1999), and estimate dynamic panel data models at the firm level. Our findings show an ‘inverted L’ profitability profile: undereducation is associated with lower profits, whereas higher levels of required and overeducation are correlated with positive economic rents of roughly the same magnitude. The size of these effects is amplified in firms experiencing economic uncertainty or operating in high‐tech/knowledge sectors.",https://doi.org/10.1111/labr.12152,2.1962836
icc,2020,The impact of deunionization on the growth and dispersion of productivity and pay,"Abstract This article presents an Agent-Based Model (ABM) that seeks to explain the concordance of sluggish growth of productivity and of real wages found in macroeconomic statistics, and the increased dispersion of firm productivity and worker earnings found in micro level statistics in advanced economies at the turn of the 21st century. It shows that a single market process unleashed by the decline of unionization can account for both the macro- and micro-economic phenomena, and that deunionization can be modeled as an endogenous outcome of competition between high wage firms seeking to raise productive capacity and low productivity firms seeking to cut wages. The model highlights the antipodal competitive dynamics between a “winner-takes-all economy” in which corporate strategies focused on cost reductions lead to divergence in productivity and wages and a “social market economy” in which competition rewards the accumulation of firm-level capabilities and worker skills with a more egalitarian wage structure.",https://doi.org/10.1093/icc/dtaa025,2.169424
jhe,2020,When the market drives you crazy: Stock market returns and fatal car accidents,NA,https://doi.org/10.1016/j.jhealeco.2019.102245,2.1656668
eer,2022,On the cleansing effect of recessions and government policy: Evidence from Covid-19,"Recessions can have a cleansing effect by encouraging the reallocation of resources from low-productivity firms towards higher-productivity ones. Whether this effect actually occurs is still debated. We contribute to answering this question by providing new evidence. Using a survey of firms matched with administrative data, we trace out the Covid-19 recession's effects across the productivity distribution. Higher-productivity firms are found to have been more successful at maintaining employment, but there was not a rise in exit amongst lower-productivity firms. In line with the theory that support policies offset the cleansing effect of recessions, high-productivity firms are also found to have been less likely to take up government support.",https://doi.org/10.1016/j.euroecorev.2022.104097,2.138336
le,2019,The effects of reducing the entitlement period to unemployment insurance benefits,NA,https://doi.org/10.1016/j.labeco.2019.02.003,2.126838
jae,2019,CCE in fixed‐<i>T</i> panels,"Summary The presence of unobserved heterogeneity and its likely detrimental effect on inference has recently motivated the use of factor‐augmented panel regression models. The workhorse of this literature is based on first estimating the unknown factors using the cross‐section averages of the observables, and then applying ordinary least squares conditional on the first‐step factor estimates. This is the common correlated effects (CCE) approach, the existing asymptotic theory for which is based on the requirement that both the number of time series observations, T , and the number of cross‐section units, N , tend to infinity. The obvious implication of this theory for empirical work is that both N and T should be large, which means that CCE is impossible for the typical micro panel where only N is large. In the current paper, we put the existing CCE theory and its implications to a test. This is done by developing a new theory that enables T to be fixed. The results show that many of the previously derived large‐ T results hold even if T is fixed. In particular, the pooled CCE estimator is still consistent and asymptotically normal, which means that CCE is more applicable than previously thought. In fact, not only do we allow T to be fixed, but the conditions placed on the time series properties of the factors and idiosyncratic errors are also much more general than those considered previously.",https://doi.org/10.1002/jae.2707,2.1238542
bjir,2019,A ‘Decent Cuppa’: Worker Power and Consumer Power in the Sri Lankan Tea Sector,"Abstract Consumers are increasingly seen as playing an important role in global labour governance through the establishment of voluntary certification programmes that promise better economic and social conditions for workers in global value chains. In the Sri Lankan tea sector, however, these private forms of governance (Rainforest Alliance (RA), UTZ Certified and the Ethical Tea Partnership (ETP)) at best have no effect and at worst are associated with indecent forms of work. Rather, conditions of work are defended by powerful trade unions that exercise structural power via their strategic position in the value chain and associational power through links with political parties and residual ethnic ties within and between nation‐states. It is evident that through close collaboration between the International Labour Organization (ILO) and the tea sector unions, workers are able to leverage institutional power through both national and international labour standards to reinforce decent work for those at the very bottom of the global value chain.",https://doi.org/10.1111/bjir.12489,2.1112745
le,2024,Take-up and labor supply responses to disability insurance earnings limits,"In most disability insurance programs beneficiaries lose some or all of their benefits if they earn above an earnings threshold. While intended to screen out applicants with high remaining working capacity, earnings limits can also distort the labor supply of beneficiaries. We use a reduction in the earnings limit in Hungary to evaluate this trade-off and examine screening and labor supply responses. We find that the policy changed selection into the program modestly but reduced labor supply on the intensive margin significantly. These findings suggest that the earnings threshold should be higher.",https://doi.org/10.1016/j.labeco.2024.102583,2.110899
aeri,2019,Labor Supply and the Value of Non-Work Time: Experimental Estimates from the Field,"We estimate the marginal value of non-work time (MVT) using a field experiment. We offered job applicants randomized wage-hour bundles. Choices over these bundles yield estimates of the MVT as a function of hours, tracing out a labor supply relationship. The substitution effect is positive. Individual labor supply is highly elastic at low hours and more inelastic at higher hours. For unemployed applicants, our preferred estimate of the average opportunity cost of a full-time job due to lost leisure and household production is 60 percent of after-tax marginal product, and 72 percent when including fixed costs of employment and child-care costs. (JEL C93, J22, J24, J31, J64, J65)",https://doi.org/10.1257/aeri.20180070,2.1085823
jeea,2021,Short-Time Work and Unemployment in and after the Great Recession,"Abstract We study whether the Swiss short-time work (STW) program reduced unemployment in and after the Great Recession using quarterly establishment-level panel data linking administrative data sources. We compare changes in layoffs into unemployment, employment, and establishment survival between establishments that applied successfully and establishments that applied unsuccessfully for STW at cantonal employment agencies. The unsuccessful establishments provide a valid counterfactual for the successful ones because cantonal approval practices are partly idiosyncratic. We find that STW increases establishment survival and prevents rather than postpones dismissals. The 7,857 establishments treated in 2009 would have dismissed 20,600 additional workers into unemployment (0.47% of the labor force) until 2012. Most workers would have been dismissed in the quarters immediately following the application, and more than a third would have become long-term unemployed. The savings on unemployment benefits may have compensated for the spending on STW benefits.",https://doi.org/10.1093/jeea/jvab003,2.0990047
jep,2019,Economists (and Economics) in Tech Companies,"As technology platforms have created new markets and new ways of acquiring information, economists have come to play an increasingly central role in tech companies—tackling problems such as platform design, strategy, pricing, and policy. Over the past five years, hundreds of PhD economists have accepted positions in the technology sector. In this paper, we explore the skills that PhD economists apply in tech companies, the companies that hire them, the types of problems that economists are currently working on, and the areas of academic research that have emerged in relation to these problems.",https://doi.org/10.1257/jep.33.1.209,2.0971744
bjir,2022,The decoupling between labour compensation and productivity in high‐income countries: Why is the nexus broken?,"Abstract During the last decades, mature economies have tended to experience a divergence between labour compensation and productivity growth. Interpretations of this trend are still under debate. Our article aims at contributing to a sound, evidence‐based understanding. We estimate the magnitude of this decoupling for a panel of 22 high‐income economies (1970–2018) and empirically assess the role of a variety of factors. After providing evidence that casts doubt on the impact of technical change, we adopt a ‘political economy’ standpoint and focus on the structural effects on real compensation growth of several macroeconomic and institutional dimensions. Our findings indicate that labour market slack and the weakening of pro‐labour institutions have acted as important wage‐squeezing factors. A negative effect is also found for trade openness and international capital mobility, while most financialization variables are not significant. The robustness of our results is supported by a range of tests and specifications.",https://doi.org/10.1111/bjir.12713,2.0827062
el,2019,Wage dispersion over the business cycle,NA,https://doi.org/10.1016/j.econlet.2019.04.013,2.0504358
bjir,2019,Who Works for Whom and the UK Gender Pay Gap,"Abstract This study reports novel facts about the UK gender pay gap. We use a representative, longitudinal and linked employer–employee dataset for 2002–2016. Men's average log hourly wage was 22 points higher than women's in this period. We find that 16 per cent of this raw pay gap is accounted for by estimated firm‐specific wage effects. This is almost three times the amount explained by gender occupation differences. When we decompose a pre‐adjusted measure of the pay gap, we find less than 1 percentage point or a 6 per cent share is accounted for by the gender allocation across high‐ and low‐wage firms. In other words, only a small share of what is traditionally referred to as the ‘unexplained’ part of the pay gap is explained by the differences between men and women in whom they work for.",https://doi.org/10.1111/bjir.12497,2.0249335999999998
jpub,2021,"A note on optimal taxation, status consumption, and unemployment","Existing research on optimal taxation in economies with status-driven relative consumption (implicitly) assumes that there is no involuntary unemployment, despite ample evidence that real world labor markets are typically characterized by such unemployment. We show how the marginal tax policy ought to be modified to simultaneously account for positional consumption externalities and equilibrium unemployment, and find that interaction effects between these two market failures are crucial determinants of the marginal tax structure. In certain cases, the policy incentive to tax away positional externalities vanishes completely, and negative positional externalities may even lead to lower marginal taxation, under involuntary unemployment.",https://doi.org/10.1016/j.jpubeco.2021.104458,2.0215771
restat,2020,International Food Commodity Prices and Missing (Dis)Inflation in the Euro Area,"Abstract Exogenous shifts in international food commodity prices, which are identified using an SVAR model with global harvest shocks as an external instrument, explain almost 30% of euro-area inflation volatility over the medium term and contributed significantly to the twin puzzle of missing (dis)inflation in the era after the Great Recession. International food price shocks have an impact on food retail prices through the food production chain, but also trigger indirect inflationary effects via a depreciation of the euro and, most important, rising wages. Finally, due to asymmetric wage responses, the inflationary effects are very different across member states.",https://doi.org/10.1162/rest_a_00939,2.0110922
aer,2023,Populist Leaders and the Economy,"Populism at the country level is at an all-time high, with more than 25 percent of nations currently governed by populists. How do economies perform under populist leaders? We build a new long-run cross-country database to study the macroeconomic history of populism. We identify 51 populist presidents and prime ministers from 1900 to 2020 and show that the economic cost of populism is high. After 15 years, GDP per capita is 10 percent lower compared to a plausible nonpopulist counterfactual. Economic disintegration, decreasing macroeconomic stability, and the erosion of institutions typically go hand in hand with populist rule. (JEL D72, E23, N10, N40, O43)",https://doi.org/10.1257/aer.20202045,2.0102568
ecta,2023,General Equilibrium Effects of (Improving) Public Employment Programs: Experimental Evidence From India,"Public employment programs may affect poverty both directly through the income they provide and indirectly through general equilibrium effects. We estimate both effects, exploiting a reform that improved the implementation of India's National Rural Employment Guarantee Scheme (NREGS) and whose rollout was randomized at a large (sub‐district) scale. The reform raised beneficiary households' earnings by 14%, and reduced poverty by 26%. Importantly, 86% of income gains came from non‐program earnings, driven by higher private‐sector (real) wages and employment. This pattern appears to reflect imperfectly competitive labor markets more than productivity gains: worker's reservation wages increased, land returns fell, and employment gains were higher in villages with more concentrated landholdings. Non‐agricultural enterprise counts and employment grew rapidly despite higher wages, consistent with a role for local demand in structural transformation. These results suggest that public employment programs can effectively reduce poverty in developing countries, and may also improve economic efficiency.",https://doi.org/10.3982/ecta18181,1.9979804
ilr,2019,Global Purchasing as Labor Regulation: The Missing Middle,"Do purchasing practices support or undermine the regulation of labor standards in global supply chains? This study offers the first analysis of the full range of supply chain regulatory efforts, integrating records of factory labor audits with purchase order microdata. Studying an apparel and equipment retailer with a strong reputation for addressing labor conditions in its suppliers, the authors show that the retailer persuaded factories to improve and terminated factories with poor labor compliance. However, the authors also find that purchase orders did not increase when labor standards improved. If anything, factories whose standards worsened tended to see their orders increase. Contrary to the conventional wisdom, this “missing middle” in incentives for compliance appears unrelated to any cost advantage of noncompliant factories. Instead, lack of flexibility in supplier relationships created obstacles to reallocating orders in response to compliance findings.",https://doi.org/10.1177/0019793919894240,1.9918246
le,2022,Employment and Wage Consequences of Flexible Wage Components,"I document new facts about the relationship between flexible wage components and firm performance using a unique matched employer-employee database from Hungary. Firms providing flexible wage components adjust total wage compensation more to revenue shocks than firms without flexible wages. Nevertheless, employment responses to revenue shocks are the same at firms with and without flexible wage components. These findings also hold in the case of aggregate shocks and during the Great Recession. The results suggest that flexible wage components in their current magnitude do not attenuate employment responses to a negative revenue shock. Finally, I discuss the possible explanations for the empirical findings.",https://doi.org/10.1016/j.labeco.2022.102256,1.9717073
jep,2022,A Linear Panel Model with Heterogeneous Coefficients and Variation in Exposure,"Linear panel models featuring unit and time fixed effects appear in many areas of empirical economics. An active literature studies the interpretation of the ordinary least squares estimator of the model, commonly called the two-way fixed effects (TWFE) estimator, in the presence of unmodeled coefficient heterogeneity. We illustrate some implications for the case where the research design takes advantage of variation across units (say, US states) in exposure to some treatment (say, a policy change). In this case, the TWFE can fail to estimate the average (or even a weighted average) of the units’ coefficients. Under some conditions, there exists no estimator that is guaranteed to estimate even a weighted average. Building on the literature, we note that when there is a unit totally unaffected by treatment, it is possible to estimate an average effect by replacing the TWFE with an average of difference-in-differences estimators.",https://doi.org/10.1257/jep.36.4.193,1.9577069
eer,2020,Differences in work conditions between natives and immigrants: preferences vs. outside employment opportunities,NA,https://doi.org/10.1016/j.euroecorev.2020.103586,1.9114468
restud,2024,"Granular Search, Market Structure, and Wages","Abstract We develop a model of size-based market power in a frictional labour market. In the canonical search environment, competition for workers is encoded in outside options. In our granular setting, large employers remove their own job postings from their workers’ outside option. Thus, size gives market power and a more concentrated market structure depresses wages because it reduces competition for workers. We calibrate the model to Austrian data and find that such size-based market power depresses wages by about 2.6% or 1,500 euros annually per worker.",https://doi.org/10.1093/restud/rdae004,1.9088889
oep,2020,A history of early household economics: Improving the family’s contribution to industrial production and rationalizing family consumption,"Abstract This article contributes to our knowledge of two early phases in the history of household economics. The first is represented by the 19th-century theory of Alfred Marshall and the second by the interwar theories of several North American consumer economists (Hazel Kyrk, Elizabeth Hoyt, and Margaret Reid). The aim is to present the analytical focus and accounts of social good that animated these phases. Since Marshall’s focus was on improving industrial production, his family economics explained how the Victorian family could improve the labour it contributed to industry. But the North American consumer economists sought to improve family consumption. Regarding ethics, 19th-century families were to cultivate an industrious and altruistic character. But the consumer economists thought families needed protection from producer fraud, along with living standards that expressed their individuality. Early household economics also accepted the gendered family form that had accompanied these developments, rejecting more ‘activist’ conceptions.",https://doi.org/10.1093/oep/gpaa023,1.8954314
le,2020,"Buy flexible, pay more: The role of temporary contracts on wage inequality",NA,https://doi.org/10.1016/j.labeco.2020.101814,1.8255314
bjir,2022,How does working‐time flexibility affect workers' productivity in a routine job? Evidence from a field experiment,"Abstract We conducted an experiment in which we hired workers under different types of contracts to evaluate how flexible working time affects on‐the‐job productivity in a routine job. Our approach breaks down the global impact on productivity into sorting and behavioural effects. We find that flexible arrangements that allow workers to decide when to start and stop working increase global productivity by as much as 50%, 40% of which is induced by sorting, and 60% represents a motivational effect, mainly driven by more effective working time, with workers reducing the length of their breaks. Our findings also suggest that part‐time contracts can enhance global productivity, – though not significant at conventional levels –, and that this effect is also driven by a significant drop in the length of breaks taken. We hence contribute to the literature providing causal evidence of flexibility in routine jobs leading to higher productivity.",https://doi.org/10.1111/bjir.12695,1.7980385
le,2023,"Public-sector employment, wages and education decisions",NA,https://doi.org/10.1016/j.labeco.2023.102345,1.7473513
aeja,2020,"E-governance, Accountability, and Leakage in Public Programs: Experimental Evidence from a Financial Management Reform in India","Can e-governance reforms improve government policy? By making information available on a real-time basis, information technologies may reduce the theft of public funds. We analyze a large field experiment and the nationwide scale-up of a reform to India’s workfare program. Advance payments were replaced by “ just-in-time” payments, triggered by e-invoicing, making it easier to detect misreporting. Leakages went down: program expenditures dropped by 24 percent, while employment slightly increased; there were fewer fake households in the official database; and program officials’ personal wealth fell by 10 percent. However, payment delays increased. The nationwide scale-up resulted in a persistent 19 percent reduction in program expenditure. (JEL C93, D72, I38, O15, O17)",https://doi.org/10.1257/app.20180302,1.745752
ilr,2019,Is It All About Who You Know? Prior Work Connections and Entrepreneurial Success,"This article studies how prior professional connections among founding employees predict a new firm’s short- and medium-term success. The authors apply three employment network measures to a large employer–employee matched Brazilian panel data set to find that network structures are strongly predictive of both firm survival and growth. All else equal, new firms with previously connected founding employees experience higher survival odds but slower early growth. Results suggest that working with former co-workers confers benefits such as resolved informational asymmetries, increased resource sharing, and nonpecuniary gains—qualities that are vital to new firm survival. High growth, however, likely benefits from a more varied resource set, facilitated by drawing on individuals from a multiplicity of employment backgrounds. In addition, the absence of prior ties may itself render the profit motive dominant, thereby increasing growth. Results are consistent across most sectors, initial firm sizes, and other sample selection criteria.",https://doi.org/10.1177/0019793919835550,1.7420813
bjir,2019,"Gender Pay Gap, Voluntary Interventions and Recession: The Case of the British Financial Services Sector","Abstract State institutions and trade unions put pressure on the British financial services sector to reform its gendered practices and reduce its gender pay gap following both the recession and the Equality and Human Rights Commission (EHRC) Inquiry (2009). This article considers the effect of these pressures by comparing the gender pay gap pre‐, during‐ and post‐recession periods. Using Labour Force Survey data, the article finds a marginal pay gap reduction in the post‐recession period, a reduction that was greater in financial services than in the rest of the economy. However, the financial services pay gap remained resilient and substantially higher at the top of the earnings distribution. Union membership and collective bargaining were shown to reduce the pay gap including for women members with children. In contrast, countervailing factors, including ethnicity and post‐recession longer working hours, contributed to the pay gap. The study reveals the limitations of voluntary interventions against a resilient gendered culture.",https://doi.org/10.1111/bjir.12448,1.7274959
restud,2022,Economic and Social Outsiders but Political Insiders: Sweden’s Populist Radical Right,"Abstract We study the politicians and voters of the Sweden Democrats, a major populist radical-right party. Based on detailed administrative data, we present the first comprehensive account of which politicians are selected into such a party. Surveys show that politicians and voters of the Sweden Democrats share strong anti-establishment and anti-immigration attitudes that drastically set them apart from Sweden’s other parties. Searching for individual traits that link naturally to these attitudes, we classify the universe of Swedish politicians and voters by social and economic marginalization and exposure to immigration. Politicians from the Sweden Democrats over-represent marginalized groups without strong attachments to the labour market or to traditional nuclear families, which instead are under-represented among politicians in all other parties. Among voters, the Sweden Democrats have higher electoral support in precincts with higher shares of the same marginalized groups. We see the mobilization of the marginalized as an important driver of the party’s success. Finally, we uncover that Sweden-Democrat politicians score lower on a number of valence traits than other-party politicians. In sum, the rise of the Sweden Democrats raised political representation for marginalized groups, but this came at a valence cost.",https://doi.org/10.1093/restud/rdac037,1.7026694
jce,2023,Labor markets during war time: Evidence from online job advertisements,"This study examines the short- and medium-term impacts of the ongoing Russia-Ukraine war on the labor market for Ukrainian workers. Using a unique dataset of 5.4 million online job advertisements for Ukrainian job seekers in Poland and Ukraine over the 2021–2022 period, we show a short-term surge in demand for Ukrainians to work in Poland, while the number of jobs available in Ukraine is relatively stable. Since February 2022, the demand for soft and analytical skills in Ukraine has increased, while the demand for such skills in Poland has remained the same. Moreover, the increase in Polish jobs available to Ukrainian workers is largest for medium/high-skilled jobs and female-oriented jobs. Further analysis suggests a persistent shift (to the left) in wage distribution driven by both the decline of wages within job titles and the change in the composition of jobs across Poland.",https://doi.org/10.1016/j.jce.2023.06.002,1.6943376
ee,2022,"Student work during secondary education, educational achievement, and later employment: a dynamic approach",NA,https://doi.org/10.1007/s00181-021-02172-7,1.6850779
bjir,2023,The limitations of overtime limits to reduce long working hours: Evidence from the 2018 to 2021 working time reform in Korea,"Abstract This article provides a first assessment of the causal impact of the 2018–2021 reform in Korea meant to combat its long working‐hour culture. The reform consists of lowering the statutory limit on total weekly working hours from 68 to 52. We apply a difference‐in‐difference approach in which we take advantage of the stepwise implementation of the reform by firm size using individual‐level data. We present three main findings. First, the introduction of the 52‐h limit reduced but far from eliminated the incidence of working more than 52 h. Second, there is some evidence that the introduction led to a reallocation of working hours, with more employees shifting from working fulltime to working overtime within the new limit (41–52 h). Third, and more tentatively, this reallocation more likely took place within firms to account for fewer overtime hours worked by their employees, rather than within households to compensate for any income effects. Overall, our results show that a lower statutory limit can help to lessen a long working‐hour culture, but is an insufficient measure by itself to fully eradicate it.",https://doi.org/10.1111/bjir.12743,1.6659839
sej,2021,Impacts of state <scp>COVID</scp>‐19 reopening policy on human mobility and mixing behavior,"This study quantifies the effect of the 2020 state COVID economic activity reopening policies on daily mobility and mixing behavior, adding to the economic literature on individual responses to public health policy that addresses public contagion risks. We harness cellular device signal data and the timing of reopening plans to provide an assessment of the extent to which human mobility and physical proximity in the United States respond to the reversal of state closure policies. We observe substantial increases in mixing activities, 13.56% at 4 days and 48.65% at 4 weeks, following reopening events. Echoing a theme from the literature on the 2020 closures, mobility outside the home increased on average prior to these state actions. Furthermore, the largest increases in mobility occurred in states that were early adopters of closure measures and hard-hit by the pandemic, suggesting that psychological fatigue is an important barrier to implementation of closure policies extending for prolonged periods of time.",https://doi.org/10.1002/soej.12538,1.6654694
aer,2024,Task-Based Discrimination,"We develop a task-based model of occupational sorting to identify and quantify the effect of discrimination, racial skill gaps, and aggregate task prices on Black-White differences in labor market outcomes over time. At the heart of our framework is the idea that the size and nature of racial barriers faced by Black workers vary by the task requirements of each job. We define a new task that measures the extent to which individuals interact with others as part of their job. We show that this measure is a good proxy for the extent of discrimination in the economy. (JEL J15, J23, J31, J71, M51)",https://doi.org/10.1257/aer.20220234,1.6649929
ecta,2020,Estimation of a Roy/Search/Compensating Differential Model of the Labor Market,"In this paper, we develop a model that captures key components of the Roy model, a search model, compensating differentials, and human capital accumulation on-the-job. We establish which components of the model can be non-parametrically identified and which ones cannot. We estimate the model and use it to assess the relative contribution of the different factors for overall wage inequality. We find that variation in premarket skills (the key feature of the Roy model) is the most important component to account for the majority of wage variation. We also demonstrate that there is substantial interaction between the other components, most notably, that the importance of the job match obtained by search frictions varies from around 4% to around 29%, depending on how we account for other components. Inequality due to preferences for non-pecuniary aspects of the job (which leads to compensating differentials) and search are both very important for explaining other features of the data. Search is important for turnover, but so are preferences for non-pecuniary aspects of jobs as one-third of all choices between two jobs would have resulted in a different outcome if the worker only cared about wages.",https://doi.org/10.3982/ecta14441,1.6646876
jbes,2023,Unconditional Quantile Regression for Streaming Datasets,"The Unconditional Quantile Regression (UQR) method, initially introduced by Firpo et al. (2009), has gained significant traction as a popular approach for modeling and analyzing data. However, much like Conditional Quantile Regression (CQR), UQR encounters computational challenges when it comes to obtaining parameter estimates for streaming data sets. This is attributed to the involvement of unknown parameters in the logistic regression loss function utilized in UQR, which presents obstacles in both computational execution and theoretical development. To address this, we present a novel approach involving smoothing logistic regression estimation. Subsequently, we propose a renewable estimator tailored for UQR with streaming data, relying exclusively on current data and summary statistics derived from historical data. Theoretically, our proposed estimators exhibit equivalent asymptotic properties to the standard version computed directly on the entire dataset, without any additional constraints. Both simulations and real data analysis are conducted to illustrate the finite sample performance of the proposed methods.",https://doi.org/10.1080/07350015.2023.2293162,1.6619436
jhr,2020,Labor Market Competition and Employment Adjustment over the Business Cycle,"Abstract Using linked employer–employee data that covers the majority of U.S. employment, I examine how frictions in the labor market have evolved over time. I estimate that the labor supply elasticity to the firm declined significantly (1.20–1.01) since the late 1990s, with the steepest declines occurring during the financial crisis. I find that this decline in labor market competition led to at least a 4 percent drop in earnings for the average worker. I also find evidence that relatively monopsonistic firms smooth their employment behavior, growing at a rate lower than relatively competitive firms in good economic climates and slightly higher during poor economic climates. This conforms with the predictions of recent macroeconomic search models that suggest frictions in the economy may actually reduce employment fluctuations due to adjustment costs associated with hiring and laying off workers.",https://doi.org/10.3368/jhr.monopsony.0119-9954r1,1.642465
le,2022,Social insurance reform and workers’ compensation,NA,https://doi.org/10.1016/j.labeco.2022.102214,1.6296363
jpub,2023,Using payroll taxes as a redistribution tool,NA,https://doi.org/10.1016/j.jpubeco.2023.104986,1.6248039
jlr,2019,The Effects of an Employment Bonus for Long-Term Social Assistance Recipients,NA,https://doi.org/10.1007/s12122-019-09290-3,1.6197667
ir,2023,Do unions care about low‐paid workers? Evidence from Norway,"Abstract One of the core objectives of unions is to raise the wages of the lowest paid. Utilizing a panel of individual‐matched employee–employer data covering the Norwegian private sector in the period 2000–2014, I investigate how workplace union density is related to individual low‐pay risk. By exploiting changes in tax deductions for union members in Norway as a source of exogenous variation, a negative effect of increased union density on low‐pay risk is identified within jobs. The results further suggest that the effect of local bargaining power on individual low‐pay probability is larger among immigrants than among natives.",https://doi.org/10.1111/irel.12349,1.6002325
eer,2020,The distributional impact of labour market reforms: A model-based assessment,NA,https://doi.org/10.1016/j.euroecorev.2020.103638,1.5848082
jhr,2022,School Choice and Educational Mobility,Kehinde F. Ajayi* * Kehinde F. Ajayi is an economist in the Africa Gender Innovation Lab at the World Bank (kajayi{at}worldbank.org).,https://doi.org/10.3368/jhr.0417-8714r2,1.5801171
sej,2019,Dual Job Holding and the Gig Economy: Allocation of Effort across Primary and Gig Jobs,"This article explored motivations for allocating effort between “gig” and primary jobs using a sample of Amazon Mechanical Turk workers. We found that main job hour constraints, a commonly cited rationale for traditional moonlighting, were a motivation for men but not for women. Other factors affecting effort were also gender specific: Men were driven to spend more time on gig jobs to increase their incomes, while women were motivated by insecurity in their main job. Women, though not men, who were more depressed based on the Center for Epidemiologic Studies Depression scale earned less in their gig economy job. Finally, higher risk aversion reduced income from gig work for men, but not women. We concluded that motivations for effort allocated between the primary and gig jobs differ from those identified in past literature as important for traditional moonlighting decisions.",https://doi.org/10.1002/soej.12338,1.5609533
jole,2020,How Do Employers Use Compensation History? Evidence from a Field Experiment,"We report the results of a field experiment in which treated employers could not observe the compensation history of their job applicants. Treated employers responded by evaluating more applicants and evaluating those applicants more intensively. They also responded by changing what kind of workers they evaluated: treated employers evaluated workers with 5% lower past average wages and hired workers with 13% lower past average wages. Conditional on bargaining, workers hired by treated employers struck better wage bargains for themselves.",https://doi.org/10.1086/709277,1.5574325
ej,2019,Competitive Preferences and Ethnicity: Experimental Evidence from Bangladesh,"Abstract We investigate whether aversion to competing against members of the ethnically dominant group could be a contributing factor to the persistent disadvantageous socioeconomic position of ethnic minorities. We conducted a lab-in-the-field experiment in rural Bangladesh, randomly assigning participants into groups with different ethnic composition. We find that the ethnic minority group (Santal) are less likely to compete in groups where they are a numerical minority than when all competitors are co-ethnic, whereas the reverse is true for the ethnic majority group (Bengali). Further analysis suggests that differences in social power and status underpin these differences in preferences for interethnic competition.",https://doi.org/10.1093/ej/uez063,1.5497984
el,2021,Do entry wages increase when severance pay drops? Not in recessions,NA,https://doi.org/10.1016/j.econlet.2021.109798,1.5429133
izajl,2022,The gender wage gap: evidence from South Korea,"Abstract Using microdata between 1998 and 2020, this study provides potential explanations for the gender wage gap in South Korea, which continues to be the largest among Organisation for Economic Co-operation and Development (OECD) countries. Although improvement in females’ relative measured labor market characteristics plays an important role in the reduction of the gender wage gap, these characteristics cannot explain a large part of the gap, and wage convergence between full-time male and female workers has slowed over the period. Indeed, the unexplained gender wage gap has become larger than the explained gender wage gap. This is confirmed when a decomposition of the gender wage gap is performed across the wage distribution. This study provides evidence of the existence of a glass ceiling. In addition, this study shows that, in South Korea, where conservative gender-related norms still persist, the effects of marriage and childbirth can help to account for a dramatic increase in the gender wage gap for female workers in their 30s and 40s.",https://doi.org/10.2478/izajole-2022-0005,1.538965
le,2022,Household specialization and the child penalty in the Netherlands,NA,https://doi.org/10.1016/j.labeco.2022.102221,1.5312449
jeea,2020,Presidential Address 2019: How Should Tax Progressivity Respond to Rising Income Inequality?,"Abstract We address the question in the title in a heterogeneous-agent incomplete-market model featuring exogenous idiosyncratic risk, endogenous skill investment, and flexible labor supply. The tax and transfer schedule is restricted to being log-linear in income, a good description of the US system. Rising inequality is modeled as a combination of skill-biased technical change and growth in residual wage dispersion. When facing shifts in the income distribution like those observed in the United States, a utilitarian planner chooses higher progressivity in response to larger residual inequality but lower progressivity in response to widening skill price dispersion reflecting technical change. Overall, optimal progressivity is approximately unchanged between 1980 and 2016. We document that the progressivity of the actual US tax and transfer system has similarly changed little since 1980, in line with the model prescription.",https://doi.org/10.1093/jeea/jvaa050,1.5305355
ilr,2023,Mobilizing within and beyond the Labor Union: A Case of Precarious Workers’ Collective Actions in North Africa,"Drawing on a qualitative analysis of a group of mobilized precarious workers in Tunisia’s public sector, the author asks how workers’ collective actions are shaped by and, at the same time, can act upon labor unions’ responses to them. Findings suggest that unions can enable and simultaneously constrain precarious workers’ collective actions. More important, workers learn from their interactions with the union, and this learning process can contribute to innovations in workers’ mobilizing structure and repertoire of actions. The Tunisian case contributes to the debate on the relationship between precarious workers and institutionalized actors as well as to the study of mobilized precarious workers by elucidating the ways in which the workers’ embedded and innovative agency plays out within and beyond a well-established labor union.",https://doi.org/10.1177/00197939221146778,1.4901791
jole,2023,Long-Term Consequences of Teaching Gender Roles: Evidence from Desegregating Industrial Arts and Home Economics in Japan,of Labor Economics is an independent economic research institute that conducts research in labor economics and offers evidence-,https://doi.org/10.1086/728428,1.4864558
jpub,2020,Do place-based tax incentives create jobs?,"In this paper, we evaluate the effectiveness of place-based payroll taxes in stimulating local employment by exploiting a unique policy setting in Norway, where a system of geographically differentiated payroll taxes was suddenly abolished due to an EU regulation. The reform was enforced independently of the regional labor market developments, creating arguably exogenous variation in the payroll tax rates that firms in different local labor markets faced over time. We find evidence of partial shifting of payroll tax increases on to worker wages as well as a significant decline in local employment. These findings suggest that in settings with some degrees of wage rigidity, place-based payroll tax incentives can be effective in stimulating local employment.",https://doi.org/10.1016/j.jpubeco.2019.104105,1.4754658
eer,2021,The fall in german unemployment: A flow analysis,NA,https://doi.org/10.1016/j.euroecorev.2021.103658,1.4752041
qje,2023,Gender Differences in Job Search and the Earnings Gap: Evidence from the Field and Lab,"Abstract This article investigates gender differences in the job search process in the field and lab. Our analysis is based on rich information on initial job offers and acceptances from undergraduates of Boston University’s Questrom School of Business. We find (i) a clear gender difference in the timing of job offer acceptance, with women accepting jobs substantially earlier than men, and (ii) a sizable gender earnings gap in accepted offers, which narrows in favor of women over the course of the job search period. To understand these patterns, we develop a job search model that incorporates gender differences in risk aversion and overoptimism about prospective offers. We validate the model’s assumptions and predictions using the survey data and present empirical evidence that the job search patterns in the field can be partly explained by the greater risk aversion displayed by women and the higher levels of overoptimism displayed by men. We replicate these findings in a laboratory experiment that features sequential job search and provide direct evidence on the purported mechanisms. Our findings highlight the importance of risk preferences and beliefs for gender differences in job-finding behavior and, consequently, early-career wage gaps among the highly educated.",https://doi.org/10.1093/qje/qjad017,1.4612044
jpub,2020,"A model of a team contest, with an application to incentives under list proportional representation",NA,https://doi.org/10.1016/j.jpubeco.2019.104109,1.4537433
restat,2020,Self-Control and Demand for Preventive Health: Evidence from Hypertension in India,"Abstract Self-control problems constitute a potential explanation for the underinvestment in preventive health in low-income countries. Behavioral economics offers a tool to solve such problems: commitment devices. We conduct a field experiment to evaluate the effectiveness of different types of theoretically motivated commitment contracts in increasing preventive doctor visits by hypertensive patients in rural India. Despite achieving high take-up of such contracts in some treatment arms, we find no effects on actual doctor visits or individual health outcomes. A substantial number of individuals pay for commitment but fail to follow through on the doctor visit, losing money without experiencing health benefits. We develop and structurally estimate a prespecified model of consumer behavior under present bias with varying levels of naiveté. The results are consistent with a large share of individuals being partially naive about their own self-control problems: sophisticated enough to demand some commitment but overly optimistic about whether a given level of commitment is sufficiently strong to be effective. The results suggest that commitment devices may in practice be welfare diminishing, at least in some contexts, and serve as a cautionary tale about their role in health care.",https://doi.org/10.1162/rest_a_00938,1.4510865
ir,2022,Intersectional organizing: Building solidarity through radical confrontation,"Abstract IR scholars reference intersectionality in relation to organizing, but the field lacks a theoretical construct. Based on 2 years of intimate data access, we examine the 2017 U.S. Women's March as a critical case of “intersectional organizing.” We ground this empirical case study in Critical Race and Intersectionality Theory to show how the intersectional organizing model employed by the Women's March handles identity‐based fragmentation, with lessons for building a more inclusive labor movement.",https://doi.org/10.1111/irel.12322,1.4494185
el,2019,Job displacement and financial outcomes,NA,https://doi.org/10.1016/j.econlet.2019.01.014,1.4471065
qje,2023,"Wealth of Two Nations: The U.S. Racial Wealth Gap, 1860–2020","Abstract The racial wealth gap is the largest of the economic disparities between Black and white Americans, with a white-to-Black per capita wealth ratio of 6 to 1. It is also among the most persistent. In this article, we construct the first continuous series on white-to-Black per capita wealth ratios from 1860 to 2020, drawing on historical census data, early state tax records, and historical waves of the Survey of Consumer Finances, among other sources. Incorporating these data into a parsimonious model of wealth accumulation for each racial group, we document the role played by initial conditions, income growth, savings behavior, and capital returns in the evolution of the gap. Given vastly different starting conditions under slavery, racial wealth convergence would remain a distant scenario, even if wealth-accumulating conditions had been equal across the two groups since Emancipation. Relative to this equal-conditions benchmark, we find that observed convergence has followed an even slower path over the past 150 years, with convergence stalling after 1950. Since the 1980s, the wealth gap has widened again as capital gains have predominantly benefited white households, and convergence via income growth and savings has come to a halt.",https://doi.org/10.1093/qje/qjad044,1.4302007
aeja,2020,A Precinct Too Far: Turnout and Voting Costs,"I study the effects of voting costs—specifically, distance to polling location—using geographic discontinuities. Opposite sides of boundaries between voting precincts are observationally identical, except for their assigned polling locations. This discontinuous assignment produces sharp changes in voters’ travel distance to cast their ballots. In nine municipalities in Massachusetts and Minnesota, a 1 standard deviation (0.245 mile) increase in distance reduces ballots cast by 2 to 5 percent across four elections. During non-presidential elections, effects are three times larger in high-minority areas than in low-minority areas. Finally, I simulate the impact of various counterfactual assignments of voters to polling places. (JEL D72, J15, R41)",https://doi.org/10.1257/app.20180306,1.4262751
restat,2019,Labor Regulations and the Cost of Corruption: Evidence from the Indian Firm Size Distribution,"In this paper, we estimate the costs associated with an important suite of labor regulations in India by taking advantage of the fact that these regulations apply only to firms above a size threshold. Using distortions in the firm size distribution together with a structural model of firm size choice, we estimate that the regulations increase firms' unit labor costs by 35%. This estimate is robust to potential misreporting on the part of firms and enumerators. We also document a robust positive association between regulatory costs and exposure to corruption, which may explain why regulations appear to be so costly in developing countries.",https://doi.org/10.1162/rest_a_00837,1.4210279
eer,2020,How do firms set prices? Narrative evidence from corporate filings,"We quantify narrative evidence from archived corporate filings to construct a novel dataset on the price-setting behavior of public companies. Our approach is closely related to that of survey-based studies on price setting, but we collect data from twenty-five years instead of one specific point in time. This allows us to investigate variation over time and to establish that qualitative information provided directly by firms is informative about the aggregate variables macroeconomists are fundamentally interested in. Our findings suggest that (i) price setting is asymmetric and has a strong state-dependent component, (ii) real rigidities in the form of strategic pricing complementarities are very common, and (iii) an increase in the number of price changes does not necessarily reflect a decrease in price rigidity. We discuss to what extent our results can be explained by strategic reporting behavior and consider their implications in the context of widely-used price-setting models.",https://doi.org/10.1016/j.euroecorev.2020.103406,1.4207973
eer,2019,Intentions rather than money illusion – Why nominal changes induce real effects,NA,https://doi.org/10.1016/j.euroecorev.2019.07.003,1.4108834
bjir,2022,Uncovered workers in plants covered by collective bargaining: Who are they and how do they fare?,"Abstract In Germany, employers used to pay union members and non‐members in a plant the same union wage in order to prevent workers from joining unions. Using recent administrative data, we investigate which workers in firms covered by collective bargaining agreements still individually benefit from these union agreements, which workers are not covered anymore and what this means for their wages. We show that about 9 per cent of workers in plants with collective agreements do not enjoy individual coverage (and thus the union wage) anymore. Econometric analyses with unconditional quantile regressions and firm‐fixed‐effects estimations demonstrate that not being individually covered by a collective agreement has serious wage implications for most workers. Low‐wage non‐union workers and those at low hierarchy levels particularly suffer since employers abstain from extending union wages to them in order to pay lower wages. This jeopardizes unions’ goal of protecting all disadvantaged workers.",https://doi.org/10.1111/bjir.12679,1.4001539
oep,2020,W.H. Hutt and the conceptualization of consumers’ sovereignty,"Abstract This article examines the meaning of consumers’ sovereignty in the interwar thought of the economist William Harold Hutt. For Hutt, consumers’ sovereignty was an ideal, a norm against which economists could assess different economic systems. It connected the value of individual freedom, the commitment to a market society and an appeal to a liberal democracy. By coining the expression of consumers’ sovereignty, Hutt operated a creative re-description of the Millian idea of individual sovereignty which reflected the rise of the figure of the consumer in the public space. Hutt’s vision had been forged by the teaching he received at the London School of Economics and his involvement in the Individualist movement in the 1920s.",https://doi.org/10.1093/oep/gpaa015,1.3881156
le,2020,A decomposition of labor earnings growth: Recovering Gaussianity?,NA,https://doi.org/10.1016/j.labeco.2020.101807,1.386672
jlr,2022,"Shortage of Skilled Labor, Unions and the Wage Premium: A Regression Analysis with Establishment Panel Data for Germany","The author investigates the different influences of labor shortage on wages in firms with or without collective bargaining agreements. In addition to training, technological solutions, and organizational flexibility, employers can also offer higher wages at a constant employment level to fill vacancies if the current payments are lower than the marginal revenue of the workers. Firms with collective bargaining agreements probably already pay wages according to marginal revenue or, in the case of rent sharing, above it, and the remuneration is probably also not adjusted. Using wage regressions with panel data for German establishments, this paper shows that collective bargaining and a lack of skilled workers can lead to higher wages. However, the latter only applies to firms that are not bound by collective agreements. Hence, wage differentials between these firms decrease, providing further explanation for a countercyclical development of the wage premium from the collective bargaining agreement.The online version contains supplementary material available at 10.1007/s12122-022-09334-1.",https://doi.org/10.1007/s12122-022-09334-1,1.3840272
labour,2019,Regional Wage Responsiveness to Unemployment — Rural–Urban Heterogeneity and Policy Implications,"Abstract Previous studies of regional wage formation in Norway have indicated low regional wage responses to regional unemployment. However, previous analyses have not investigated whether wages are more rigid in rural areas than in urban areas, which in the case of Norway is important for the efficiency of regional differentiated payroll taxes. In the paper, the authors focus on the rural–urban nature of the wage curve in Norway. We re‐estimate the wage curve on the basis of a large Norwegian microlevel dataset covering the entire Norwegian labour market during the years 2008–13. Our findings are rural–urban heterogeneity in the wage curve, with higher unemployment elasticity of pay in the urban region than in the rural regions. The elasticity of the average rural wage curve is about 70 per cent that of the of the urban wage curve. The authors conclude that to achieve the goals of regional policy in Norway, more rigid wages in rural areas seem to be an argument for continuing to have an active labour market policy for rural regions.",https://doi.org/10.1111/labr.12147,1.381861
le,2019,The brother earnings penalty,NA,https://doi.org/10.1016/j.labeco.2019.02.009,1.3801209
economica,2022,Obedience in the Labour Market and Social Mobility: A Socioeconomic Approach,"This paper presents an analysis of what types of values, especially in regard to obedience vs. independence, families impart to their children, and how these values interact with social mobility. In the model, obedience is a useful characteristic for employers, especially when wages are low, because independent workers require more incentives (when wages are high, these incentives are automatic). Hence in low‐wage environments, low‐income families will impart values of obedience to their children to prevent disadvantaging them in the labour market. To the extent that independence is useful for entrepreneurial activities, this then depresses their social mobility. High‐income and privileged parents, on the other hand, always impart values of independence, since they expect that their children can enter into higher‐income entrepreneurial (or managerial) activities thanks to their family resources and privileges. I also discuss how political activity can be hampered when labour market incentives encourage greater obedience, and how this can generate multiple steady states with different patterns of social hierarchy and mobility.",https://doi.org/10.1111/ecca.12406,1.3784295
le,2022,Asymmetric labor-supply responses to wage changes: Experimental evidence from an online labor market,"We test whether labor supply responds symmetrically to wage increases and decreases using a randomized real effort online experiment. The results show that wage increases have smaller effects on labor supply than wage decreases of equal magnitude, especially on the extensive margin where the response to a wage decrease is twice that to a wage increase. This finding suggests that labor-supply responses to wage changes are asymmetric. We discuss the potential mechanisms behind our results including standard models of labor supply, reference dependence in consumption and reciprocity.",https://doi.org/10.1016/j.labeco.2022.102305,1.3734807
jhe,2022,Do Public Caregiving Subsidies and Supports affect the Provision of Care and Transfers?,NA,https://doi.org/10.1016/j.jhealeco.2022.102639,1.3729821
aer,2021,Risk-Based Selection in Unemployment Insurance: Evidence and Implications,"This paper studies whether adverse selection can rationalize a universal mandate for unemployment insurance (UI). Building on a unique feature of the unemployment policy in Sweden, where workers can opt for supplemental UI coverage above a minimum mandate, we provide the first direct evidence for adverse selection in UI and derive its implications for UI design. We find that the unemployment risk is more than twice as high for workers who buy supplemental coverage. Exploiting variation in risk and prices, we show how 25–30 percent of this correlation is driven by risk-based selection, with the remainder driven by moral hazard. Due to the moral hazard and despite the adverse selection we find that mandating the supplemental coverage to individuals with low willingness-to-pay would be suboptimal. We show under which conditions a design leaving choice to workers would dominate a UI system with a single mandate. In this design, using a subsidy for supplemental coverage is optimal and complementary to the use of a minimum mandate. (JEL D82, G22, J65)",https://doi.org/10.1257/aer.20180820,1.3663368
le,2021,Can perceived returns explain enrollment gaps in postgraduate education?,"To understand students' motives in obtaining postgraduate qualifications, we elicit intentions to pursue postgraduate education and beliefs about its returns in a sample of 1002 university students. We find large gaps in perceptions about the immediate and later-life benefits of postgraduate education, both between first- and continuing-generation students and within the latter group. Differences in student beliefs about returns can account for 70% of the socioeconomic gaps in intentions to pursue postgraduate studies. We document large differences in students' current undergraduate experiences by socioeconomic background and find these to be predictive of perceived returns to postgraduate education.",https://doi.org/10.1016/j.labeco.2021.101998,1.3605198
ilr,2019,Book Review: <i>Ghost Work: How to Stop Silicon Valley from Building a New Global Underclass</i>. By Mary L. Gray and Siddharth Suri,NA,https://doi.org/10.1177/0019793919864564,1.347465
ej,2020,Measuring the Indirect Effects of Adverse Employer Behaviour on Worker Productivity: a field Experiment,"Abstract We conduct a field experiment to study how worker productivity is affected if employers act adversely towards their co-workers. Our employees work for two shifts in a call centre. In our main treatment, we lay off some workers before the second shift. Compared to two control treatments, we find that the lay-off reduces the productivity of unaffected workers by 12%. We find suggestive evidence that this result is not driven by altered beliefs about the job or the management’s competence, but caused by the workers’ perception of unfair employer behaviour. The latter interpretation is confirmed in a prediction experiment with professional HR managers. Our results suggest that the price for adverse employer behaviour goes well beyond the potential tit for tat of directly affected workers.",https://doi.org/10.1093/ej/ueaa038,1.3331366
jhr,2019,The Difficult School-to-Work Transition of High School Dropouts,"Pierre Cahuc⇑, Stéphane Carcillo and Andreea Minea professor of economics at Sciences Po and research fellow at IZA and the CEPR Head of the Jobs and Income Division at the OECD and a Research Fellow at Sciences Po. Economist at the OECD. (pierre.cahuc{at}sciencespo.fr).",https://doi.org/10.3368/jhr.56.1.0617-8894r2,1.3329517
bjir,2019,Constructing Transnational Solidarity: The Role of Campaign Governance,"Abstract Our inductive study of two transnational labour solidarity efforts focuses on the role of campaign governance. Specifically, we study contrasting campaign strategies, tactics and coalition structures in campaigns by two global union federations, UNI Global Union and the IUF, contextualized in terms of how these campaigns unfolded in India. Our contribution consists of two arguments. The first is that a degree of internal consistency amongst different campaign elements is important for success, and the second is that a mode of articulation that allows for local concerns in affiliate countries to find voice in global campaigns is more likely to result in concrete gains at the local level.",https://doi.org/10.1111/bjir.12465,1.3298488
jhr,2022,Early Labor Market Prospects and Family Formation,"Mattias Engdahl, Mathilde Godard and Oskar Nordström Skans Mattias Engdahl is a researcher at the Institute for Evaluation of Labour Market and Education Policy (IFAU) in Uppsala, Sweden. Mathilde Godard is a CNRS researcher at at Université Paris-Dauphine-PSL, LEDa in Paris, France. Oskar Nordström Skans is a professor of economics at Uppsala University, Sweden. He is also affiliated with University of Oslo, Norway; IFAU in Uppsala, Sweden and IZA in Bonn, Germany.",https://doi.org/10.3368/jhr.1220-11387r1,1.3292866
jep,2022,A Social Insurance Perspective on Pandemic Fiscal Policy: Implications for Unemployment Insurance and Hazard Pay,"This paper considers fiscal policy during the pandemic through the lens of optimal social insurance. We develop a simple framework to analyze how government taxes and transfers could mimic the insurance that people would like to have had against pandemic income losses. Permutations of the framework provide insight into how unemployment insurance should be structured, when and how much hazard pay is called for, and whether fiscal policy should aim just to redistribute income or also to stimulate aggregate demand during a pandemic. When we use the insights from the model to evaluate unemployment insurance measures taken during the pandemic, we find that some, but far from all, of the implications of the social insurance framework were followed. In the case of hazard pay, we find that the proposal for a national program (the never-implemented HEROES Act) was both broader and more generous than a social insurance perspective would call for. We suggest that the social insurance perspective on fiscal policy is likely to become increasingly relevant as pandemics and climate-related natural disasters become more common causes of unemployment and recessions.",https://doi.org/10.1257/jep.36.2.3,1.3160783
aejp,2023,Health Effects of Increasing Income for the Elderly: Evidence from a Chilean Pension Program,"We estimate the effect of a permanent income increase on the health outcomes of the elderly poor. Our regression discontinuity design exploits an eligibility cutoff in a Chilean basic pension program that grants monthly payments to retirees without a contributory pension. Using administrative data, we find that four years after applying, basic pension recipients are 2.7 percentage points less likely to have died. Survey evidence suggests an increase in food consumption and visits to health centers as relevant drivers of the mortality reduction. (JEL D63, G51, I12, I14, I38, J14, O15)",https://doi.org/10.1257/pol.20200076,1.313914
jep,2024,Is Pay Transparency Good?,"Countries around the world are enacting pay transparency policies to combat pay discrimination. Since 2000, 71 percent of OECD countries have done so. Most are enacting transparency horizontally, revealing pay between coworkers doing similar work within a firm. While these policies have narrowed coworker wage gaps, they have also led to counterproductive peer comparisons and caused employers to bargain more aggressively, lowering average wages. Other pay transparency policies, without directly targeting discrimination, have benefited workers by addressing broader information frictions in the labor market. Vertical pay transparency policies reveal to workers pay differences across different levels of seniority. Empirical evidence suggests these policies can lead to more accurate and more optimistic beliefs about earnings potential, increasing employee motivation and productivity. Cross-firm pay transparency policies reveal wage differences across employers. These policies have encouraged workers to seek jobs at higher paying firms, negotiate higher pay, and sharpened wage competition between employers. We discuss the evidence on effects of pay transparency, and open questions.",https://doi.org/10.1257/jep.38.1.153,1.3125504
economica,2023,Beyond windfall gains: The redistribution of apprenticeship costs and vocational education of care workers,"Abstract In many countries, training subsidies and levy schemes are used to tackle the problem that company‐based provision of apprenticeship training is low. In this paper, we consider the introduction of a levy scheme in the care sector and estimate the causal effect exerted by substantial redistribution of care worker apprenticeship costs on the training activity of care facilities. We exploit the fact that the underlying apprenticeship levy was introduced across the German federal states at different points in time. For ambulatory care, we find a positive effect on the probability of hiring new apprentices and on the number of new apprentices. Inpatient care facilities react only at the intensive margin. This suggests that the positive effects in this sector are driven mainly by facilities that have already provided training slots before the reform.",https://doi.org/10.1111/ecca.12474,1.3060298
ecta,2023,Rethinking the Welfare State,"The United States spends significant amounts on non‐medical transfers for its working‐age population in a wide range of programs that support low‐ and middle‐income households. How valuable are these programs for U.S. households? Are there simpler, welfare‐improving ways to transfer resources that are supported by a majority? What are the macroeconomic effects of such alternatives? We answer these questions in an equilibrium, life‐cycle model with single and married households who face idiosyncratic productivity risk, in the presence of costly children and potential skill losses of females associated with non‐participation. Our findings show that a potential revenue‐neutral elimination of the welfare state generates large welfare losses in the aggregate, although most households support the move as losses are concentrated among a small group. We find that a Universal Basic Income program does not improve upon the current system. If, instead, per‐person transfers are implemented alongside a proportional tax, a Negative Income Tax experiment, it becomes feasible to improve upon the current system. Providing per‐person transfers to all households is costly, and reducing tax distortions helps to provide for resources to expand redistribution.",https://doi.org/10.3982/ecta19921,1.3049124
ilr,2019,"Unions and Non-Standard Work: Union Representation and Wage Premiums across Non-Standard Work Arrangements in Canada, 1997–2014","The authors examine the association between unionization and non-standard work in terms of coverage and wages. They use data from the master files of Canada’s Labour Force Survey (LFS) between 1997–98 and 2013–14 to define and measure non-standard work and to provide a continuum of vulnerability across work arrangements. The estimated probability of being employed in some form of non-permanent job increased 2.9 percentage points from 1997 to 2014. During that same period, the estimated probability of being in a non-full-time, non-permanent job—another way of capturing non-standard work—increased 2.5 percentage points. Although estimated union wage premiums declined rather precipitously for all groups, the union wage advantage remained highest among non-standard workers. Further, the authors find the union wage premium is largest for the most vulnerable of non-standard workers. In terms of estimates that look across the earnings distribution, the union wage premium among non-standard workers is larger for workers higher up the earnings profile.",https://doi.org/10.1177/0019793919852926,1.3038236
obes,2022,Which factors were behind Germany's labour market upswing? A data‐driven approach*,"Abstract Germany has experienced a strong and sustained labour market upswing since the mid‐2000s. While various studies have highlighted different specific reasons for this development, this study contributes to the debate by simultaneously considering a broad set of candidate factors for the upswing in a unified methodological framework and systematically weighing them against each other on an empirical basis. We develop a structural macroeconometric framework that leaves as many of the systematic interlinkages as possible for empirical determination while operating with a minimal set of restrictions in order to identify economically meaningful shocks. For this purpose, we combine short‐ and long‐run restrictions based on established assumptions on labour force development, technological change, and search and matching in the labour market. Matching efficiency, the intensity of job creation, the growing labour force, and the declining propensity to separate explain most of the German labour market upswing.",https://doi.org/10.1111/obes.12508,1.2916905
jhe,2019,The kids are alright - labour market effects of unexpected parental hospitalisations in the Netherlands,"Unexpected negative health shocks of a parent may reduce adult children's labour supply via informal caregiving and stress-induced mental health problems. We link administrative data on labour market outcomes, hospitalisations and family relations for the full Dutch working age population for the years 1999-2008 to evaluate the effect of an unexpected parental hospitalisation on the probability of employment and on conditional earnings. Using an event study difference-in-differences model combined with coarsened exact matching and individual fixed effects, we find no effect of an unexpected parental hospitalisation on either employment or earnings for Dutch men and women, and neither for the full population nor for the subpopulations most likely to become caregivers. These findings suggest that the extensive public coverage of formal long-term care in the Netherlands combined with widespread acceptance of part-time work provides sufficient opportunities to deal with adverse health events of family members without having to compromise one's labour supply.",https://doi.org/10.1016/j.jhealeco.2019.102275,1.2893095
eer,2021,When is the fiscal multiplier high? A comparison of four business cycle phases,NA,https://doi.org/10.1016/j.euroecorev.2021.103852,1.2838848
bjir,2022,Financialization and the rise of atypical work,"Abstract The current literature on financialization and the labour process focuses disproportionately on how corporate financialization induces the use of atypical work and largely overlooks the role of household financialization. This paper presents several mechanisms through which household debt and pension fund financialization increase the financial insecurity of employees, which, in turn, can curb their resistance to accepting such work contracts. To assess our arguments, we estimate the effects of corporate and household financialization on involuntary part‐time and temporary employment, using a panel dataset of OECD economies. Our findings provide robust support that financialization increases significantly non‐standard employment rates for the total workforce and women, but less for older employees.",https://doi.org/10.1111/bjir.12701,1.2808641
el,2022,Bonus for firearms seizures and police performance,NA,https://doi.org/10.1016/j.econlet.2022.110681,1.2781746
ej,2023,Connecting the Young: High School Graduates’ Matching to First Jobs in Booms and Great Recessions,"Abstract Using Swedish economy-wide data, we examine the relationship between business-cycle conditions and the use of social contacts in the process where young workers are matched to their first real jobs. We measure social contacts acquired during paid work during high school, and we rely on interacted class-establishment fixed-effect models to isolate the effects of interest. One-third of post-graduation matches are formed at establishments where youths worked during their studies. Graduates are much more likely to match with sites to which adult co-workers from these jobs have relocated. The importance of these job-finding channels is strongly counter-cyclical for young labour market entrants.",https://doi.org/10.1093/ej/uead007,1.274009
izajl,2023,Desired work-leisure balance in a partial equilibrium job search model with multiple job holding,"Abstract Work-leisure balances are beneficial to society. A partial equilibrium job search model is developed to explain desired work-leisure tradeoffs for single-job holders and multiple-job holders. Significant work-leisure mismatches are found: 63% of the observations underwork by an average of 17 hours per week, while 37% overwork by 8.5 hours. The value of leisure is approximately four times the average hourly real wage when a single job is held, and it drops by one-third when multiple jobs are held. Models ignoring possibilities of multiple jobholding overstate the elasticity of leisure and understate the value of leisure.",https://doi.org/10.2478/izajole-2023-0006,1.2656101
aer,2021,The Selection of Talent: Experimental and Structural Evidence from Ethiopia,"We study how search frictions in the labor market affect firms’ ability to recruit talented workers. In a field experiment in Ethiopia, we show that an employer can attract more talented applicants by offering a small monetary incentive for making a job application. Estimates from a structural model suggest that the intervention is effective because the cost of making a job application is large, and positively correlated with jobseeker ability. We provide evidence that this positive correlation is driven by dynamic selection. In a second experiment, we show that local recruiters underestimate the positive impacts of application incentives. (JEL J23, J24, J31, J64, O15)",https://doi.org/10.1257/aer.20190586,1.2639052
jpub,2020,Caseworker's discretion and the effectiveness of welfare-to-work programs,NA,https://doi.org/10.1016/j.jpubeco.2019.104080,1.2578603
ir,2021,Are Estimates of Non‐Standard Employment Wage Penalties Robust to Different Wage Measures? The Case of Zero‐hour Contracts in the UK,"Evidence suggests that non‐standard jobs are associated with wage penalties. Yet, these jobs possess a range of undesirable characteristics that should generate compensating wage differentials. This evidence relies on derived wage variables, prone to measurement error likely to be correlated with employment contract. Stated‐rate hourly wage questions are not subjected to the same measurement issues. Using zero‐hour contracts in the UK, we show that there is no conditional average ZHC wage penalty once stated‐rate hourly wage measures are used. We discuss implications for policy.",https://doi.org/10.1111/irel.12284,1.2573295
eer,2019,"Rain, emotions and voting for the status quo",NA,https://doi.org/10.1016/j.euroecorev.2019.07.014,1.2383261
jhr,2019,Effects of School Starting Age on the Family,"Rasmus Kløve Landersø, Helena Skyt Nielsen⇑ and Marianne Simonsen Rasmus Kløve Landersø is a senior researcher at the Rockwool Foundation Research Unit. Helena Skyt Nielsen is a professor of economics at Aarhus University. Marianne Simonsen is a professor of economics at Aarhus University. The authors appreciate comments from Jon Guryan, Eskil hnielsen{at}econ.au.dk",https://doi.org/10.3368/jhr.55.4.1117-9174r1,1.2171993
jpub,2020,The Social Value of Health Insurance: Results from Ghana,"We use the roll-out of the national health insurance in Ghana to assess the cushioning effect of coverage on the financial consequences of health shocks and resulting changes in coping behaviors. We find a strong reduction in medical expenditures, preventing households from cutting non-food consumption and causing a decrease in the volume of received remittances as well as labor supply of healthy adult household members. Moreover, we present evidence that the insurance scheme reduced the likelihood that households experiencing a health shock pulled their children out of school in order to put them to work. Avoidance of such costly coping mechanisms is potentially an important part of the social value of formal health insurance.",https://doi.org/10.1016/j.jpubeco.2020.104314,1.2072209
ei,2019,"LOSING BY LESS? IMPORT COMPETITION, UNEMPLOYMENT INSURANCE GENEROSITY, AND CRIME","Increased import competition from China has brought about a host of negative consequences for the most exposed industries and labor markets. Do social programs attenuate these harmful effects? We examine changes in import competition between 1990 and 2007, taking crime as our outcome of interest and unemployment insurance as our mitigating program. We find strong evidence that counties with access to more generous unemployment insurance experienced relatively smaller increases in trade‐induced property crime. This highlights a new and important positive externality of unemployment insurance. ( JEL H00, R10)",https://doi.org/10.1111/ecin.12758,1.1822646
eer,2020,Imports and labour market imperfections: Firm-level evidence from France,NA,https://doi.org/10.1016/j.euroecorev.2020.103632,1.1709207
economica,2023,Firm‐specific pay premiums and the gender wage gap in Europe,"Abstract We study how firm premia influence the gender wage gap for 21 European countries. We use a quadrennial harmonized matched employer–employee dataset to estimate gender‐specific firm premia. Subsequently, we decompose the firm‐specific wage premia differential into within‐ and between‐firm components. On average, the former accounts mainly for the decline in the pay gap between 2002 and 2014. We pay particular attention to the development of each component by age group, and find that the between‐firm component is associated with an increase in the gender pay gap over age. The decomposition of firm premia allows us to investigate how institutional settings relate to each component. We associate the within‐firm component with collective bargaining at the national and firm levels, and the between‐firm component with family policies. Decentralized wage bargaining is associated with a larger within‐firm pay gap, whereas family policies incentivizing women to return to employment after family formation are linked to a smaller between‐firm component.",https://doi.org/10.1111/ecca.12471,1.1681608
ej,2020,"Jobs, News and Reoffending after Incarceration","Abstract We study how local labour market conditions and information about job availability affect recidivism after incarceration. We exploit daily variations in the quality of the labour market at the time of release from prison. We combine individual-level administrative data on former inmates in France to county-level daily data on new job vacancies, and on newspaper coverage of job creation and destruction. Our analysis provides two new findings. First, media coverage of job creation reduces recidivism, suggesting that policies promoting access to information about employment opportunities can contribute to reducing recidivism. Second, we show that there is heterogeneity in what kinds of jobs affect recidivism: in France, former inmates do not respond to overall job creation, but better opportunities in manufacturing jobs at release reduce recidivism rates.",https://doi.org/10.1093/ej/ueaa057,1.1499753
ir,2019,Negotiating the Gender Wage Gap,"There is some evidence that gender differences exist in the propensity to negotiate and outcomes from negotiation. We examine the propensity to negotiate over pay with the employer, the wage outcomes resulting from negotiation, and the impact on the gender wage gap. We find evidence that females are less likely to have the opportunity to negotiate over pay. However, conditional on the opportunity to negotiate, they are no less likely to actually negotiate. The analysis does not provide strong evidence that women fare worse than men if negotiation occurs.",https://doi.org/10.1111/irel.12228,1.1472205
ir,2019,Immigrants’ Wage Performance in a Routine Biased Technological Change Era: France 1994–2012,"Over the period 1994–2012, immigrants’ wage growth in France outperformed that of natives. We investigate to what extent changes in task‐specific returns to skills contributed to this wage dynamics differential through two channels: changes in the valuation of skills (price effect) and occupational sorting (quantity effect). We find that the wage growth premium of immigrants is mainly explained by the progressive reallocation of immigrants toward tasks whose returns increase over time. Immigrants seem to have taken advantage of labor demand restructuring driven by globalization and technological changes.",https://doi.org/10.1111/irel.12245,1.1351625
eer,2020,Comparative advantage and equilibrium unemployment,We embed a model of the labour market with sector-specific search-and-matching frictions into a Ricardian model with a continuum of goods to show that trade reduces unemployment in countries with comparative advantage in sectors with more efficient labour markets and leads to higher unemployment in countries with comparative advantage in sectors with less efficient labour markets. We test this prediction in a panel dataset of 107 countries covering the period 1995–2009 and find that the data support this theoretical prediction. Our results also help reconcile the apparently contradicting evidence in the empirical literature on the impact of trade on unemployment.,https://doi.org/10.1016/j.euroecorev.2020.103496,1.1262894
cje,2019,Increasing earnings inequality and the gender pay gap in Canada: Prospects for convergence,"Abstract This paper retraces the evolution of Canadian women's labour force participation and of the gender earnings ratio across the generations to understand better the prospects for gender convergence in pay. Using data from the public use Labour Force Surveys (LFS) and administrative annual earnings data from the Longitudinal Worker Files (LWF), the paper assesses the role of increasing top earnings inequality in the persistence of the gender pay gap. Having identified a growing role for the under‐representation of women among top earners, the paper then performs an evaluation and critical analysis of existing gender equality policies, centred on horizontal occupational gender segregation, and discusses alternative policies for the future.",https://doi.org/10.1111/caje.12386,1.124785
jhe,2019,"Teen driver licensure provisions, licensing, and vehicular fatalities",NA,https://doi.org/10.1016/j.jhealeco.2019.04.003,1.1218389
economica,2024,The wage curve after the Great Recession,"Abstract Most economists maintain that the labour market in the USA (and elsewhere) is ‘tight’ because unemployment rates are low, and the Beveridge curve (the vacancies‐to‐unemployment ratio) is high. They infer from this that there is potential for wage‐push inflation. However, real wages fell rapidly in 2022, and prior to that, real wages had been stagnant for some time. We show that unemployment is not key to understanding wage formation in the USA, and has not been since the Great Recession. Instead, we show that rates of underemployment (the percentage of workers with part‐time hours who would prefer more hours) and the rate of inactivity (the percentage of the civilian adult population who are out of the labour force) reduce wage pressure in the USA. This finding holds in panel data with state and year fixed effects in both annual and quarterly data for the period 1980–2022, and is supportive of a wage curve that fits the data much better than a Phillips curve. The unemployment rate no longer enters significantly negative in wage equations, however specified, in the years since 2008.",https://doi.org/10.1111/ecca.12515,1.1169419
restud,2020,The Cost of Job Loss,"Abstract This article identifies an equilibrium theory of wage formation and endogenous quit turnover in a labour market with on-the-job search, where risk averse workers accumulate human capital through learning-by-doing and lose skills while unemployed. Optimal contracting implies the wage paid increases with experience and tenure. Indirect inference using German data determines the deep parameters of the model. The estimated model not only reproduces the large and persistent fall in wages and earnings following job loss, a new structural decomposition finds foregone human capital accumulation (while unemployed) is the worker’s major cost of job loss.",https://doi.org/10.1093/restud/rdaa014,1.1123456
le,2019,The impact of unionization costs when firm-selection matters,NA,https://doi.org/10.1016/j.labeco.2019.05.002,1.1083305
jpub,2020,Disentangling retirement and savings responses,NA,https://doi.org/10.1016/j.jpubeco.2020.104297,1.1042458
ilr,2020,"More and Better Jobs, But Not for Everyone: Effects of Innovation in French Firms","The authors analyze the effect of technological innovation on employment and job quality using a difference-in-differences matching model and a unique matched data set of French firms (the Community Innovation Survey with administrative and fiscal data). Overall, they find evidence that product innovation increases employment and certain dimensions of job quality, such as the number of permanent contracts and working hours. The authors consider this virtuous circle between innovation, employment, and job quality to be nuanced, however, for two reasons. First, not all social groups benefit from firm innovation, as lower-skilled workers are less positively affected in terms of employment and are sometimes negatively affected in terms of wages. Second, the positive effects of innovation appear mainly in manufacturing and not in services. Public policy should pay attention, then, to the consequences of innovation across individuals and sectors to ensure that innovation is beneficial to all.",https://doi.org/10.1177/0019793920925806,1.1006761
jeea,2020,Trade and Frictional Unemployment in the Global Economy,"Abstract We develop a multicountry, multisector trade model featuring risk-averse workers, labor market frictions, unemployment benefits, and equilibrium unemployment. Trade opening leads to a reduction in unemployment when it simultaneously raises welfare and reallocates labor toward sectors with lower-than-average labor market frictions. We then estimate and calibrate the model using employment data from 31 OECD countries and worldwide trade data. Finally, we quantify the potential unemployment, real wage, and welfare effects of repealing NAFTA and raising bilateral tariffs between the United States and Mexico to 20%. This policy would increase unemployment by 2.4% in the United States and 48% in Mexico.",https://doi.org/10.1093/jeea/jvz074,1.064023
ir,2019,Board‐Level Employee Representation (<scp>BLER</scp>) and Firms’ Responses to Crisis,"We hypothesize that companies with board‐level employee representation (BLER) experience a lower probability of crisis‐induced dismissals than other firms. Theoretically, we link this effect to the employee directors’ ability to reduce the information asymmetry and moral hazard in employee–employer contracting, thereby facilitating the implementation of labor‐cost adjustments that are an alternative to workforce dismissals. We confirm our hypotheses by analyzing the behavior of Scandinavian public corporations with/without employee directors during the Great Recession.",https://doi.org/10.1111/irel.12241,1.0615816
economica,2021,New Evidence on Disability Benefit Claims in Britain: The Role of Health and the Local Labour Market,"During the 1980s and 1990s, there was a steep rise in disability benefit claims in Britain, especially among older male workers, and the debate centred on the relative generosity of these benefits as well as the effects of deindustrialization. Since that time, the disability benefit system has been subject to a series of reforms, all largely aimed at reducing the number of claims and targeting benefits more closely to those with the greatest health need. At the same time, the labour market has also evolved, and until the recent Covid‐19 pandemic, it had a historically low level of unemployment, accompanied by falling real earnings. We use individual longitudinal data from 2010 to 2018 in a dynamic panel framework to explore the relative importance of health status, benefit generosity and local labour market conditions for disability benefit claims in the modern British labour market. We focus particularly on spatial variation in claims, and find that, in line with older evidence, while health status is clearly important, geographic variation in labour market conditions still influences the propensity to claim those disability benefits that are conditional on not working.",https://doi.org/10.1111/ecca.12382,1.0560895
economica,2021,<i>EURQ</i>: A New Web Search‐based Uncertainty Index,"Measuring economic uncertainty is extremely important for evaluating its role in economic activity. Nevertheless, measuring uncertainty is a difficult task since we do not know when economic agents perceive uncertainty and which type of uncertainty affects them. This paper introduces the economic uncertainty related queries ( EURQ ) index, computed for both the USA and Italy, which measures economic, political and normative uncertainty through large‐scale searches on the internet. We show that the EURQ index captures economic agents’ need for information in response to uncertainty shocks. Moreover, we show that this need for information is not just curiosity triggered by press coverage but rather captures individuals’ genuine interest, particularly in specific topics subject to uncertainty. Hence the EURQ index can be exploited fruitfully to measure the level of uncertainty perceived by economic agents and to assess the role of specific types of uncertainty in economic activity.",https://doi.org/10.1111/ecca.12372,1.0503956
ej,2021,Policies in Hard Times: Assessing the Impact of Financial Crises on Structural Reforms,"Abstract It is argued that crises open up a window of opportunity to implement policies that otherwise would not have the necessary political backing. We show that not only is the crises–reforms nexus unfounded in the data, but rather crises are associated with a reversal of liberalisation interventions depending on the institutional environment. We find that, in democratic countries, crises occurrences have no significant impact on liberalisation measures. On the contrary, after a crisis, autocracies reduce liberalisation in multiple economic sectors, which we interpret as the fear of regime change leading non-democratic rulers to please vested economic interests.",https://doi.org/10.1093/ej/ueab017,1.0502875
ecta,2024,"A Comment on: <i>“Walras–Bowley Lecture: Market Power and Wage Inequality” by Shubhdeep Deb, Jan Eeckhout, Aseem Patel, and Lawrence Warren</i>","A burgeoning literature in labor economics is focused on modeling employer labor market power, generally finding nontrivial estimates of monopsony power. A smaller literature also simultaneously incorporates product market power. Deb, Eeckhout, Patel, and Warren (2024) is an example of applying an oligopoly‐oligopsony model to the U.S. labor market, arguing for important effects on wage levels and inequality from rising market power. I support combining IO and labor as a fruitful way of studying wages and business dynamism, but argue for looking more broadly at (i) differential degrees of employer power in labor and product markets; (ii) investigating the dynamic sources of markups (e.g., through innovation), and (iii) considering wage bargaining models, not just wage posting models, which have some starkly different implications for wage setting.",https://doi.org/10.3982/ecta22248,1.0451977
le,2020,Local labour demand and immigrant employment,"This study investigates the effect of local labour demand on employment of immigrant workers. We address the challenge of location sorting by estimating the effects of initial local labour demand for refugees who were subject to the Danish Spatial Dispersal Policy from 1999–2010. After location assignment, refugees participate in a 3-year introduction programme; eligibility to means-tested welfare benefits during programme participation is conditional on residing in the assigned municipality. We use full population Danish administrative registers that contain information on admission class of immigrants and identify refugee status without any measurement error. Our findings show that four years after assignment, 83% of refugees still live in the assigned municipality. Moreover, assignment to a municipality with a one percentage point higher employment rate increases the employment probability of refugees by 0.5–0.6 percentage points (elasticities 1.1–1.8) two to four years after arrival in Denmark. We also find consistent significant effects of alternative measures of local labour demand on employment chances of refugees. Our results provide quasi-experimental evidence that immigrant employment is sensitive to labour market conditions in the initial location and highlight the importance of carefully designing refugee allocation policies.",https://doi.org/10.1016/j.labeco.2020.101808,1.0436641
restud,2020,Only Time Will Tell: A Theory of Deferred Compensation,"Abstract This article characterizes optimal compensation contracts in principal-agent settings in which the consequences of the agent’s action are only observed over time. The optimal timing of pay trades off the costs of deferred compensation arising from the agent’s relative impatience and potential consumption smoothing needs against the benefit of exploiting additional informative signals. By capturing this information benefit of deferral in terms of the likelihood ratio dynamics, our characterization covers general signal processes in a unified setting. With bilateral risk neutrality and agent limited liability, optimal contracts are high-powered and stipulate at most two payout dates. If the agent is additionally risk-averse, payouts are contingent on performance exceeding a hurdle that is increasing over time. We obtain clear-cut predictions on how the duration of optimal compensation depends on the nature of information arrival as well as agent characteristics and derive implications for the maturity structure of securities in financial contracting settings.",https://doi.org/10.1093/restud/rdaa043,1.029511
bjir,2020,Explaining Employment Effects in Multipolar Value Chains: A Cross‐National Study on Soft Drinks and Dairy Manufacturing in Europe,"Abstract The article develops an integrated framework that employs a dynamic perspective on interlinked levels of value chain governance in order to explain employment in value chains. It compares two multipolar chains in food and beverage manufacturing, in two different producer and consumer markets, Belgium and Germany. Analysis reveals that varied value capture dynamics in the food and beverage industries underpin distinct employment effects at specific inter‐firm nodes, as well as between labour and product markets. This reveals institutional and product variation explaining firms’ value capture trajectories. However, it also illustrates a concomitant transnational trend of deteriorating working conditions, stemming from overall chain governance.",https://doi.org/10.1111/bjir.12552,1.0167817
ej,2020,Social Capital and Large-Scale Agricultural Investments: An Experimental Investigation,"Abstract Following the 2007–8 global food crisis, agricultural producers have invested in large tracts of land in developing countries. We investigate how the arrival of large-scale farms changes inter-personal trust and reciprocity, important components of social capital, in traditional villages. We elicit trust and reciprocal behaviour in villages that lie near large-scale farms and compare them with villages at a distance. Our data reveal greater trust in villages close to large-scale farms. Reciprocity is more frequent after farm employment. These results are likely driven by communal coping and reputation building. A natural field measure shows that trust correlates with public good sharing.",https://doi.org/10.1093/ej/ueaa050,1.0124471
economica,2023,"Productivity dispersion, wage dispersion and superstar firms","Abstract Using a rich sample of firms in 14 EU countries from 2000 to 2016, we confirm increases in productivity dispersion, wage dispersion and superstar firms. Beyond reaffirming an incomplete pass‐through from productivity to wages, we present novel empirical evidence of an even weaker pass‐through in industries dominated by superstar firms. This effect is observed in both the lower and upper parts of the productivity and wage distributions, and is stronger for tradable (versus non‐tradable) sectors and markets with low (versus high) collective bargaining power. These findings point to different mechanisms, consistent with theoretical work and various underlying structural changes in the economy.",https://doi.org/10.1111/ecca.12490,1.0040319
jlr,2019,The Effect of Active Labour Market Programmes and Benefit Sanctions on Reducing Unemployment Duration,NA,https://doi.org/10.1007/s12122-019-09288-x,1.0024583
el,2021,Financial technology in developing economies: A note on digital lending in Turkey,NA,https://doi.org/10.1016/j.econlet.2021.110012,0.9914712
restud,2024,Information and Bargaining through Agents: Experimental Evidence from Mexico’s Labour Courts,"Abstract Well-functioning courts are essential for the health of both financial and real economies. Courts function poorly in most lower-income countries, but the root causes of poor performance are not well understood. We use field experiments with ongoing cases to analyse sources of dysfunction in Mexico’s largest labour court. We provide parties with personalized predictions for case outcomes and show that this information nearly doubles settlement rates and reduces average case duration. The experiment generates the first experimental evidence in live court cases that reducing information asymmetries results in a decrease in delay, an outcome predicted by many theories of bargaining. We also find that the information treatment is effective only when the plaintiff is present to receive it directly, suggesting agency issues between plaintiffs and their private lawyers. For most workers, the treatment appears to improve welfare, as measured by discounted payouts and ability to pay bills.",https://doi.org/10.1093/restud/rdae003,0.9761089
izajl,2022,Effects of work requirements for food assistance eligibility on disability claiming,"Abstract Between 2010 and 2017, 42 U.S. states added work requirements as a food assistance eligibility criterion for Able-Bodied Adults Without Dependents (ABAWDs). Another U.S. public assistance program, Supplemental Security Income (SSI), provides food assistance without a work requirement, along with cash transfers and health insurance. Therefore, individuals for whom working is difficult may be induced to opt out of the labor force and into SSI in order to maintain access to food assistance. This study is the first to examine whether work requirements associated with food assistance eligibility lead to an increase in SSI applications and receipts. Based on difference-in-differences and event study analyses of comprehensive administrative claims data from the Social Security Administration and survey data from the Current Population Survey, this study finds evidence of lagged effects on SSI applications overall, and reduced Supplementary Nutritional Assistance Program (SNAP) receipts followed by a delayed smaller increase in SSI receipts among individuals with self-reported disabilities. While most SSI applications induced by SNAP-related work requirements appear to be unsuccessful, a small, vulnerable population may move out of the workforce and into SSI in response to the implementation of work requirements.",https://doi.org/10.2478/izajole-2022-0002,0.97035134
ej,2020,Firm-Level Shocks and Labour Flows,"Abstract We analyse how labour flows respond to permanent idiosyncratic shifts in firm-level production functions and demand curves using very detailed Swedish micro data. Shocks to firms’ physical productivity have only modest effects on firm-level employment decisions. In contrast, we document rapid and substantial employment adjustments through hires and separations in response to firm-level demand shocks. The choice of adjustment margin depends on the sign of the shock: firms adjust through increased hires if these shocks are positive and through increased separations if the shocks are negative.",https://doi.org/10.1093/ej/ueaa087,0.96539927
aer,2023,The Political Economy of International Regulatory Cooperation,"We examine international regulatory agreements that are negotiated under lobbying pressures from producer groups. The way in which lobbying influences the cooperative setting of regulatory policies, as well as the welfare impacts of international agreements, depend crucially on whether the interests of producers in different countries are aligned or in conflict. The former situation tends to occur for product standards, while the latter tends to occur for process standards. We find that, if producer lobbies are strong enough, agreements on product standards lead to excessive deregulation and decrease welfare, while agreements on process standards tighten regulations and enhance welfare. (JEL F13, F14, F15, L15, L51)",https://doi.org/10.1257/aer.20200780,0.9382627
jpub,2024,Long-term effects of hiring subsidies for low-educated unemployed youths,NA,https://doi.org/10.1016/j.jpubeco.2024.105137,0.93742365
jeea,2019,"Short-term Migration, Rural Public Works, and Urban Labor Markets: Evidence from India","Abstract This paper studies the effect of India's rural public works program on rural-to-urban migration and urban labor markets. We find that seasonal migration from rural districts that implemented the program decreased relative to those that were selected to, but did not implement it. We use a gravity model and find that real wages rose faster in cities with higher predicted migration from program districts. Since most seasonal migrants work outside of their district, urban wage increases were not limited to program districts, and may have attracted migrants from nonprogram districts. Difference-in-differences may hence be biased. Structural estimates indeed suggest that migration decreased by 22% in program districts, but also increased by 5% in nonprogram districts. As a result, urban wages increased by only 0.5%, against 4.1% if the program had been implemented in all selected districts.",https://doi.org/10.1093/jeea/jvz009,0.9277314
bjir,2020,Hero or Villain? A Cohort and Generational Analysis of How Youth Attitudes Towards Unions Have Changed over Time,"Abstract Our study examines youth attitudes towards unions over a 40‐year period to try and understand whether today's young workers might be the ‘hero’ or the ‘villain’ in the tale of declining union membership rates in the United States. Using nationally representative time‐lag data from high‐school seniors ( N = 104,742) spanning 1976–2015, we conducted time trend, birth cohort and generational analyses to provide an ‘apples to apples’ comparison of how youth have felt about unions at different points in time. We found that contemporary youth (or Millennials) hold similar union attitudes to those who came before them, though what predicts those attitudes has changed over time. Strikingly, we also found that the proportion of young people who hold no opinion about unions has more than doubled over the period under study, steadily rising from 14 per cent in 1976 to 33 per cent in 2015. This sizeable proportion of ‘agnostic’ youth should be alarming to unions, yet it also provides them with opportunities to shape youth attitudes through targeted outreach efforts.",https://doi.org/10.1111/bjir.12571,0.92157817
labour,2021,Promoting self‐employment: Does it create more employment and business activity?,"Abstract We assess the economic impact of reforms promoting self‐employment in the countries that have implemented such reforms since the early 2000s: the Netherlands, the United Kingdom, and France. To that end, we use a difference‐in‐differences approach on a cross‐country–industry panel database. Our results suggest that the reforms have raised the number of self‐employed workers, but mostly through a substitution effect between the self‐employed and employees, and not through a supply effect or a substitution effect with informal activities. This means that these reforms could have failed to achieve their main objectives.",https://doi.org/10.1111/labr.12211,0.90887505
bjir,2021,Inside the meetings: The role of managerial attitudes in approaches to information and consultation for employees,"Abstract Managerial attitudes are often seen as critical to sustainable employee participation practices, yet very little is known about how managers act within employee voice fora. We examine managements’ decision to actively consult with employees, and by doing so contribute to industrial relations debates concerning the role of managerial prerogative and trust to better understand the attitudes of managers towards elected employee representatives. Using evidence from a 2‐year longitudinal study of non‐union employee representation, we report on how managements’ perception of risk about sharing information with employee representatives influences their decision as to how to consult with employees. The findings show that managers can be unwilling to share information with employee representatives, which constrains the depth and scope of consultation. The role of management decision‐makers, typically the I&amp;C fora Chairperson, is highlighted as champion for, or obstacle to, consultation. Lastly, the data illustrate that I&amp;C is viewed by management as a lower strategic organizational priority, and how extending worker voice is constrained by the importance management place on maintaining their presumed prerogative of control. Implications for theory and practice are discussed.",https://doi.org/10.1111/bjir.12650,0.9081093
icc,2019,"Inequality, financialization, and the US current account deficit","Abstract The US has run a persistent current account deficit since 1982. Its growth particularly accelerated in the early 2000s, and the deficit peaked at about 6% of US GDP in 2006. Coincidentally, the distribution of income and wealth has grown progressively unequal, while the so-called financialization of the US economy has deepened. This article argues that the concomitant processes of persistent current account deficits, rising inequality, and deepening financialization are not merely coincidental but can be traced to common causes arising from the global restructuring of US production through foreign direct investment and offshoring, which has underlain the structural transformation of the US economy since the 1980s. On the one hand, the US is the world’s biggest exporter of capital and recipient of foreign investment income; on the other hand, it is the biggest importer of foreign goods, often produced with the involvement of US capital. Ultimately, deindustrialization at home—a major factor behind the loss of middle-wage, middle-class jobs, and thus of rising income inequality—and the transnationalization of US production have boosted corporate profits, thereby propping up and accelerating the financialization of the US economy.",https://doi.org/10.1093/icc/dtz005,0.9040678
labour,2022,The effect of parental job loss on youth transition to employment in Turkey,"Abstract This article analyses the impact of household head's involuntary job loss on young person's (15–24 years old) likelihood to transition from non‐employment to employment. We construct twelve two‐year pseudo‐panels based on previous year's labour market outcomes using Turkish Household Labor Force Surveys (THLFS) from 2005 to 2016 and then pool the twelve pseudo‐panels for analysis. We examine youth's labour market responses according to education levels and gender. We show that a female with at least a high school degree is about 8.7 percentage points more likely to transition to from non‐employment to employment in the group where the head experienced an unexpected job loss than a female in the group where the head remained employed. Furthermore, for females, the probability of transitioning to employment increases by education level. For males, although we find positive and statistically significant effect of head's job loss on the transition probability, we do not find any differences according to education level.",https://doi.org/10.1111/labr.12216,0.90064657
bjir,2019,A Tale of Two Deltas: Labour Politics in Jiangsu and Guangdong,"Abstract This article examines the sources of variation in Chinese workplace governance between otherwise similar parts of the country. Jiangsu's portion of the Yangtze River Delta (YRD) and Guangdong's portion of the Pearl River Delta (PRD) are both booming export hubs with large numbers of migrant workers. Yet, in the former region, authorities manage conflict with orthodoxy and coaxing; in the latter, with experimentation and coercion. Using interviews and government yearbooks, the article conceives of the YRD and PRD as ‘regional fields’ within the broader ‘field’ of Chinese labour politics. Greater worker militancy and organization is pushing the PRD field off‐balance, yielding more innovative but brutal policies. Although it has become common to explain governance in China from an elite perspective, grassroots contention is thus key. Bottom‐up pressures generate top‐down policy. This, the author contends, is true even under Xi Jinping.",https://doi.org/10.1111/bjir.12467,0.8992674
eer,2020,"Health care spending in the US vs UK: The roles of medical education costs, malpractice risk and defensive medicine",NA,https://doi.org/10.1016/j.euroecorev.2020.103401,0.89825094
bjir,2019,Understanding What Has Been Happening to the Public‐Sector Pay Premium in Great Britain: A Distributional Approach Based on the Labour Force Survey,"Abstract This article investigates what has been happening to the public‐sector wage differential in Great Britain over the period 1994–2017. The evidence indicates that apart from men in the lower part of the pay distribution, the public‐sector pay premium has declined for all public‐sector workers. This decline has coincided with a decline in the overall pay gap, which is associated with changes in the composition of public‐ and private‐sector workforces. As the relative pay disadvantage experienced by public‐sector workers at the top of the pay distribution has worsened over time this must raise serious concerns about the ability of the public sector to recruit and retain the staff it needs to deliver public services.",https://doi.org/10.1111/bjir.12474,0.8904299
jeea,2023,Time to Grow Up? Adult Children as Determinants of Parental Labor Supply,"Abstract As children transition to adulthood, do they remain a major determinant of parental labor supply? To answer this question, we examine how college costs affect the labor supply of mothers and fathers by exploiting the roll-out of nine generous state merit aid programs in the United States from 1993 to 2004, which made college more affordable. Mothers of college-age children decreased their annual hours of work after the introduction of these state-wide programs, while fathers did not adjust their labor supply. Mothers of college-going children were entirely responsible for the decline in hours of work, where mothers of children who did not go to college experienced no change in hours of work. The decline in labor supply was mainly due to adjustments among high-income, married, more educated, and white mothers, whose labor supply was more elastic to college costs.",https://doi.org/10.1093/jeea/jvad051,0.8809471
le,2022,Measurements of skill and skill-use using PIAAC,"We develop new indices of skill and skill use, drawing on the alley of skill and skill-use questions in the Programme for the International Assessment of Adult Competencies (PIAAC). We demonstrate that the proposed skill and skill use indices explain the wage gap between males and females, as well as the gap between immigrants and natives. We also show that the skill use index captures the side effect of parental-leave policies on females that conventional labor-market outcomes fail to capture. We discuss how the newly developed indices can be merged to conventional survey data.",https://doi.org/10.1016/j.labeco.2022.102197,0.87751716
aejp,2019,Reducing Medical Spending of the Publicly Insured: The Case for a Cash-Out Option,"Individuals’ medical spending has both necessary and discretionary components, which are not, however, separately observable. This paper studies ways to improve upon existing public health insurance policies by using a framework where both the discretionary and necessary components of medical spending are explicitly modeled. First, using a simple theoretical framework, the paper shows that the key to reducing discretionary medical spending is to introduce a trade-off between nonmedical and medical consumption. Next, using a rich quantitative life-cycle model, the paper shows that this trade-off can be successfully implemented by introducing an option to substitute public health insurance with cash transfers. (JEL D91, G22, H51, I13, I18, I38)",https://doi.org/10.1257/pol.20160433,0.86143446
jep,2023,America’s Continuing Struggle with Mental Illnesses: Economic Considerations,"Mental illnesses affect roughly 20 percent of the US population. Like other health conditions, mental illnesses impose costs on individuals; they also generate costs that extend to family members and the larger society. Care for mental illnesses has evolved quite differently from the rest of health care sector. While medical care in general has seen major advances in the technology of treatment this has not been the case to the same extent for the treatment of mental illnesses. Relative to other illnesses, the cost of care for mental illnesses has grown more slowly and the social cost of illness has grown more rapidly. In this essay we offer evidence about the forces underpinning these patterns and emphasize the challenges stemming from the heterogeneity of mental illnesses. We examine institutions and rationing mechanisms that affect the ability to make appropriate matches between clinical problems and treatments. We conclude with a review of implications for policy and economic research.",https://doi.org/10.1257/jep.37.2.153,0.8601855
bjir,2023,Collective bargaining and power: Wage premium of collective agreements in Europe 2002–2018,"Abstract This article uses the European Structure of Earnings Survey to describe the evolution of collective bargaining coverage in European countries during 2002–2018 and how this affected the pay premium associated with being covered. Pay premia are an outcome of negotiations, reflecting the bargaining power on behalf of employees as well as the system of coverage, separately for the public and private sector. Descriptively, we show a decline in collective bargaining coverage linked to a general reduction in the pay differences. This hides much variation though. In a multivariate analysis of changes over time, we show that centrally bargained agreements are associated with larger pay premia if more people are covered and in countries and sectors with stronger trade unions. As this power declines over time, so do wage premia. At higher rates of coverage, there can be a spillover effect where wages for all workers increase, thereby reducing the premia.",https://doi.org/10.1111/bjir.12777,0.86008066
el,2023,Education choices and job market characteristics,"We propose a simple three-stage model where heterogeneous schools compete via tuition fees, individuals with the ex-ante unknown ability make their education choices to (eventually) get a diploma and reveal their ability, and finally the job market determines the assignment of workers to firms and the equilibrium wages. In equilibrium, wages in the labor market and schools' fees and individuals' school choices are strongly related. We also analyze the effects of the existence of a public school or a subsidy on social welfare.",https://doi.org/10.1016/j.econlet.2023.110985,0.8516454
jce,2021,Wage and unemployment: Evidence from online job vacancy data,NA,https://doi.org/10.1016/j.jce.2021.05.003,0.849422
eer,2019,The impact of ECB policy on structural reforms,NA,https://doi.org/10.1016/j.euroecorev.2019.103361,0.83952606
le,2020,"Youth employment, academic performance and labour market outcomes: Production functions and policy effects","We use instrumental variables for teenage employment opportunities to identify the causal effects of part-time work during compulsory education in England on educational performance at age 16 and labour market outcomes to age 25. We identify the total 'policy effect', partly driven by resulting changes in other inputs, and the direct effect or 'production function parameter', which holds these constant. The total effects of an additional hour of part-time work per week at age 15 include reducing educational performance in school-leaving qualifications by males by 2.5% and females by 6.7% of a standard deviation, and increasing duration of unemployment experience before age 25 by two months. Direct effects on long-run outcomes are generally beneficial for women and less so for men. What human capital or signalling benefits there are to teenage part-time work are substantially offset by the effects of reduced educational investments.",https://doi.org/10.1016/j.labeco.2020.101806,0.838734
economica,2023,Stigma and take‐up of labour market assistance: Evidence from two field experiments,"Abstract Aversion to ‘stigma’—disutility associated with a programme or activity due to beliefs about how it is perceived—may affect labour market choices and utilization of social programmes, but empirical evidence of its importance is scarce. Using two randomized field experiments, we show that stigma can affect consequential labour market decisions. Treatments designed to alleviate stigma concerns about taking entry‐level jobs—such as how those jobs are perceived by society—had small average effects on take‐up of job assistance programmes. However, using compositional analysis and machine learning methods, we document large heterogeneity in the responses to our treatments. Stigma significantly affects the composition of who takes up a programme: the treatments were more successful in overcoming stigma for older, wealthier and working respondents. For other people, we show that our treatments merely increased the salience of the stigma without dispelling it. We conclude that social image concerns affect labour market decisions and that messaging surrounding programmes can have important effects on programme take‐up and composition.",https://doi.org/10.1111/ecca.12498,0.818939
obes,2019,Immigrants’ Wage Growth and Selective Out‐Migration,"Abstract This paper examines immigrant wage growth taking selective out‐migration into account using administrative data from the Netherlands. Addressing a limitation in the previous literature, we address the potential endogeneity of immigrants’ labour supply and out‐migration decisions on their earning profiles using a correlated competing risk model. We distinguish between labour and family migrants, given their different labour market and out‐migration behaviours. Our findings show that accounting for selective labour supply is as important as accounting for selective out‐migration. Controlling only for out‐migration selectivity would underestimate immigrants’ wage growth, whilst controlling only for labour market selectivity would overestimate their wage growth. This shows that different selections are important for different types of migrants.",https://doi.org/10.1111/obes.12295,0.8153282
jpub,2023,The consequences of job search monitoring for the long-term unemployed: Disability instead of employment?,NA,https://doi.org/10.1016/j.jpubeco.2023.104929,0.8146599
aejp,2022,Semesters or Quarters? The Effect of the Academic Calendar on Postsecondary Student Outcomes,"There exists a long-standing debate in higher education on which academic calendar is optimal. Using panel data on the near universe of four-year nonprofit institutions and leveraging quasi-experimental variation in calendars across institutions and years, we show that switching from quarters to semesters negatively impacts on-time graduation rates. Event study analyses show that the negative effects persist beyond the transition. Using transcript data, we replicate this analysis at the student level and investigate possible mechanisms. Shifting to a semester: (i) lowers first-year grades, (ii) decreases the probability of enrolling in a full course load, and (iii) delays the timing of major choice. (JEL I23, I28)",https://doi.org/10.1257/pol.20190589,0.8112039
restat,2021,Regime Stability and the Persistence of Traditional Practices,"Abstract I examine why the harmful tradition of female genital mutilation (FGM) persists in certain countries but in others it has been eradicated. People are more willing to abandon their traditions if they are confident that the government is durable enough to set up long-term replacements for them. Using a country-ethnicity panel data set spanning 23 countries from 1970 to 2013 and artificial partition of African ethnic groups by national borders, I show that a one-standard-deviation larger increase in political regime durability leads to a 0.1-standard-deviation larger decline in the share of newly circumcised women, conditional on the presence of an anti-FGM government policy.",https://doi.org/10.1162/rest_a_01078,0.8024729
jeea,2019,Endogenous Market Formation and Monetary Trade: An Experiment,"Abstract The theory of money assumes decentralized bilateral exchange and excludes centralized multilateral exchange. However, endogenizing the exchange process is critical for understanding the conditions that support the use of money. We develop a “traveling game” to study the emergence of decentralized and centralized exchange, theoretically and experimentally. Players located on separate islands can either trade locally, or pay a cost to trade elsewhere, so decentralized and centralized markets can both emerge in equilibrium. The former minimize trade costs through monetary exchange; the latter maximizes overall surplus through nonmonetary exchange. Monetary trade emerges when coordination is problematic, whereas centralized trade emerges otherwise. This shows that to understand the emergence of money it is important to amend standard theory such that the market structure is endogenized.",https://doi.org/10.1093/jeea/jvz020,0.8019757
ej,2019,"Can Helping the Sick Hurt the Able? Incentives, Information and Disruption in a Welfare Reform","Abstract The UK Jobcentre Plus reform sharpened bureaucratic incentives to help disability benefit recipients (relative to unemployment insurance recipients) into jobs. In the long run, the policy raised exits off diasability benefits by 10% and left unemployment outflows roughly unchanged, consistent with (i) beneficial effects of reorganising welfare offices for both groups, and (ii) a shift in bureaucrats' efforts towards getting disability benefit recipients into jobs relative to those on unemployment benefit. The policy accounted for about 30% of the decline in the aggregate disability rolls between 2003 and 2008. In the short run, however, we detect a reduction in unemployment exits and no effect on disability exits, suggesting important initial disruption effects from the big reorganisation. This highlights the difficulty of welfare reform as policymakers may focus on the short-run political costs rather than the long-run economic benefits.",https://doi.org/10.1093/ej/uez033,0.79977095
eer,2019,Immigrant wages and recessions: Evidence from undocumented Mexicans,NA,https://doi.org/10.1016/j.euroecorev.2019.02.004,0.7865044
bjir,2020,Planting Seeds for Social Dialogue: An Institutional Work Perspective,"Abstract How to get workplace social dialogue started at the bottom of Global Value Chains remains a difficult question. Drawing from institutional work literature, we investigate how local unions, supplier and buyer worked together to start the process of social dialogue in the anti‐union context of pineapple plantations in Costa Rica. The process unfolds along four phases each involving specific sets of institutional work. The study highlights the evolving brokerage role of the international buyer and the importance of balancing compliance and commitment approaches to build the foundation for workplace social dialogue.",https://doi.org/10.1111/bjir.12523,0.7854672
ee,2019,On the productivity effects of training apprentices in Hungary: evidence from a unique matched employer–employee dataset,NA,https://doi.org/10.1007/s00181-019-01817-y,0.78267163
jhr,2025,Fostering Soft Skills in Active Labor Market Programs,NA,https://doi.org/10.3368/jhr.0723-13013r1,0.7798362
bjir,2023,Pay transparency intervention and the gender pay gap: Evidence from research‐intensive universities in the UK,"Abstract This study investigates the impact of a pay transparency intervention in reducing the gender pay gap in the UK university sector. Introduced in 2007, the initiative enabled public access to average annual earnings disaggregated by gender in UK universities. We use a detailed matched employee‐employer administrative dataset that follows individuals over time, allowing us to adopt a quasi‐experimental approach based on event studies around the intervention. We find that the earnings of female academics increased by around 0.62 percentage points compared to their male counterparts as the control group, whose earnings remained constant after the pay transparency intervention, reducing the gender pay gap by 4.37 per cent. Further evidence suggests that the main mechanism for the fall in the pay gap is driven by female employees negotiating higher wages, particularly among senior female academics.",https://doi.org/10.1111/bjir.12778,0.7749578
ee,2021,Changing selection into full-time work and its effect on wage inequality in Germany,"Abstract To explore whether changes in the selection into full-time work among German men were a driver in the rise in wage inequality since the mid-1990s, we propose a modification of selection-corrected quantile regressions. Addressing Huber and Melly’s (J Appl Econom 30(7):1144–1168, 2015) concerns, this modification allows us to estimate the effects of selection with respect to both observables and unobservables. Our findings show that those employed in 1995 would have had lower wages in 2010 than those employed in 2010 and wage dispersion would have been higher, suggesting that full-time workers have become less heterogeneous over time.",https://doi.org/10.1007/s00181-021-02098-0,0.7723201
ir,2021,Does the Gender Mix Influence Collective Bargaining on Gender Equality? Evidence from France,"Gender equality at work has become in recent years a priority for governments. In France, collective bargaining is the main lever to achieve progress on gender equality issues. In a two‐tier bargaining framework, industries and firms are required by law to negotiate on the reduction of gender inequalities. Using firm‐level survey data on labor relations issues combined with administrative data, this paper seeks to better understand the dynamics of collective bargaining on gender equality at the firm level by questioning the role played by the gender mix. We find that gender diversity favors gender equality bargaining at the firm level. Underrepresentation and overrepresentation of women reduce the probability of firms negotiating an agreement on gender equality. The introduction of sanctions in the recent period has prompted low‐feminized firms to negotiate more on gender equality but had little impact on highly feminized firms.",https://doi.org/10.1111/irel.12290,0.76797515
jpe,2022,Index to Volume 130,"Previous articleNext article FreeIndex to Volume 130PDFPDF PLUSFull Text Add to favoritesDownload CitationTrack CitationsPermissionsReprints Share onFacebookTwitterLinked InRedditEmailQR Code SectionsMoreArticles and NotesAdhvaryu, Achyuta, Namrata Kala, and Anant Nyshadham. Management and Shocks to Worker Productivity…1Aguiar, Mark, Satyajit Chatterjee, Harold Cole, and Zachary Stangebye. Self-Fulfilling Debt Crises, Revisited…1147Alaoui, Larbi, and Antonio Penta. Cost-Benefit Analysis in Reasoning…881Andersen, Jørgen Juel, Niels Johannesen, and Bob Rijkers. Elite Capture of Foreign Aid: Evidence from Offshore Bank Accounts…388Anderson, Stephen J., and David McKenzie. Improving Business Practices and the Boundary of the Entrepreneur: A Randomized Experiment Comparing Training, Consulting, Insourcing, and Outsourcing…157Arqué-Castells, Pere, and Daniel F. Spulber. Measuring the Private and Social Returns to R&D: Unintended Spillovers versus Technology Markets…1860Bald, Anthony, Eric Chyn, Justine Hastings, and Margarita Machelett. The Causal Impact of Removing Children from Abusive and Neglectful Homes…1919Baley, Isaac, Ana Figueiredo, and Robert Ulbricht. Mismatch Cycles…2943Barr, Andrew, and Chloe R. Gibbs. Breaking the Cycle? Intergenerational Effects of an Antipoverty Program in Early Childhood…3253Bau, Natalie. Estimating an Equilibrium Model of Horizontal Competition in Education…1717Beach, Brian, Ryan Brown, Joseph Ferrie, Martin Saavedra, and Duncan Thomas. Reevaluating the Long-Term Impact of In Utero Exposure to the 1918 Influenza Pandemic…1963Beason, Tyler, and David Schreindorfer. Dissecting the Equity Premium…2203Bell, Brian, Rui Costa, and Stephen Machin. Why Does Education Reduce Crime?…732Bernard, Andrew B., Emmanuel Dhyne, Glenn Magerman, Kalina Manova, and Andreas Moxnes. The Origins of Firm Heterogeneity: A Production Network Approach…1765Bernard, Benjamin, Agostino Capponi, and Joseph E. Stiglitz. Bail-Ins and Bailouts: Incentives, Connectivity, and Systemic Stability…1805Bhattacharya, Vivek, Andrey Ordin, and James W. Roberts. Bidding and Drilling under Uncertainty: An Empirical Analysis of Contingent Payment Auctions…1319Bianchi, Nicola, and Michela Giorcelli. The Dynamics and Spillovers of Management Interventions: Evidence from the Training within Industry Program…1630Boehm, Johannes, Swati Dhingra, and John Morrow. The Comparative Advantage of Firms…3025Borowiecki, Karol Jan. Good Reverberations? Teacher Influence in Music Composition since 1450…991Broccardo, Eleonora, Oliver Hart, and Luigi Zingales. Exit versus Voice…3101Brown, Ryan. See Beach, Brian.Buffa, Andrea M., Dimitri Vayanos, and Paul Woolley. Asset Management Contracts and Equilibrium Prices…3146Callander, Steven, and Juan Carlos Carbajal. Cause and Effect in Political Polarization: A Dynamic Analysis…825Caplin, Andrew, Mark Dean, and John Leahy. Rationally Inattentive Behavior: Characterizing and Generalizing Shannon Entropy…1676Capponi, Agostino. See Bernard, Benjamin.Carbajal, Juan Carlos. See Callander, Steven.Carlson, Mark, Sergio Correia, and Stephan Luck. The Effects of Banking Competition on Growth and Financial Stability: Evidence from the National Banking Era…462Chaney, Thomas. The Gravity Equation in International Trade: A Response…1419Chatterjee, Satyajit. See Aguiar, Mark.Chowdhury, Shyamal, Matthias Sutter, and Klaus F. Zimmermann. Economic Preferences across Generations and Family Clusters: A Large-Scale Experiment in a Developing Country…2361Christensen, Peter, and Christopher Timmins. Sorting or Steering: The Effects of Housing Discrimination on Neighborhood Choice…2110Chyn, Eric. See Bald, Anthony.Coibion, Olivier, Yuriy Gorodnichenko, and Michael Weber. Monetary Policy Communications and Their Effects on Household Inflation Expectations…1537Cole, Harold, Daniel Neuhann, and Guillermo Ordoñez. Asymmetric Information and Sovereign Debt: Theory Meets Mexican Data…2055Cole, Harold. See Aguiar, Mark.Correia, Sergio. See Carlson, Mark.Costa, Rui. See Bell, Brian.Coviello, Decio, Erika Deserranno, and Nicola Persico. Minimum Wage and Individual Worker Productivity: Evidence from a Large US Retailer…2315Cullen, Zoë, and Ricardo Perez-Truglia. How Much Does Your Boss Make? The Effects of Salary Comparisons…766Dean, Mark. See Caplin, Andrew.de Clippel, Geoffroy, and Xu Zhang. Non-Bayesian Persuasion…2594Deserranno, Erika. See Coviello, Decio.Dessein, Wouter, and Andrea Prat. Organizational Capital, Corporate Leadership, and Firm Dynamics…1477Dewitte, Ruben. The Gravity Equation in International Trade: A Note…1412Dhingra, Swati. See Boehm, Johannes.Dhyne, Emmanuel. See Bernard, Andrew B.Doran, Kirk, Alexander Gelber, and Adam Isen. The Effects of High-Skilled Immigration Policy on Firms: Evidence from Visa Lotteries…2501Egan, Mark, Gregor Matvos, and Amit Seru. When Harry Fired Sally: The Double Standard in Punishing Misconduct…1184Fajgelbaum, Pablo, and Stephen J. Redding. Trade, Structural Transformation, and Development: Evidence from Argentina 1869–1914…1249Fé, Eduardo, David Gill, and Victoria Prowse. Cognitive Skills, Strategic Sophistication, and Life Outcomes…2643Fehr, Dietmar, Günther Fink, and B. Kelsey Jack. Poor and Rational: Decision-Making under Scarcity…2862Ferrie, Joseph. See Beach, Brian.Figueiredo, Ana. See Baley, Isaac.Fink, Günther. See Fehr, Dietmar.Fioretti, Michele. Caring or Pretending to Care? Social Impact, Firms’ Objectives, and Welfare…2898Foerster, Andrew T., Andreas Hornstein, Pierre-Daniel G. Sarte, and Mark W. Watson. Aggregate Implications of Changing Sectoral Trends…3286Foster, Andrew D., and Mark R. Rosenzweig. Are There Too Many Farms in the World? Labor Market Transaction Costs, Machine Capacities, and Optimal Farm Size…636Fudenberg, Drew, Jon Kleinberg, Annie Liang, and Sendhil Mullainathan. Measuring the Completeness of Economic Models…956Gelber, Alexander. See Doran, Kirk.Genicot, Garance. Tolerance and Compromise in Social Networks…94Gibbs, Chloe R. See Barr, Andrew.Gill, David. See Fé, Eduardo.Gillingham, Kenneth, Fedor Iskhakov, Anders Munk-Nielsen, John Rust, and Bertel Schjerning. Equilibrium Trade in Automobiles…2534Giorcelli, Michela. See Bianchi, Nicola.Gorodnichenko, Yuriy. See Coibion, Olivier.Grenet, Julien, YingHua He, and Dorothea Kübler. Preference Discovery in University Admissions: The Case for Dynamic Multioffer Mechanisms…1427Hart, Oliver. See Broccardo, Eleonora.Hartley, Robert Paul, Carlos Lamarche, and James P. Ziliak. Welfare Reform and the Intergenerational Transmission of Dependence…523Hastings, Justine. See Bald, Anthony.He, YingHua. See Grenet, Julien.Hornstein, Andreas. See Foerster, Andrew T.Hristakeva, Sylvia. Vertical Contracts with Endogenous Product Selection: An Empirical Analysis of Vendor Allowance Contracts…3202Isen, Adam. See Doran, Kirk.Iskhakov, Fedor. See Gillingham, Kenneth.Jack, B. Kelsey. See Fehr, Dietmar.Johannesen, Niels. See Andersen, Jørgen Juel.Jones, Charles I. Taxing Top Incomes in a World of Ideas…2227Jovanovic, Boyan, and Albert J. Menkveld. Equilibrium Bid-Price Dispersion…426Justiniano, Alejandro, Giorgio E. Primiceri, and Andrea Tambalotti. The Mortgage Rate Conundrum…121Kala, Namrata. See Adhvaryu, Achyuta.Kaur, Supreet, Michael Kremer, and Sendhil Mullainathan. Erratum: Self-Control at Work…2223Kawai, Kei, and Jun Nakabayashi. Detecting Large-Scale Collusion in Procurement Auctions…1364Kawai, Kei, Ken Onishi, and Kosuke Uetake. Signaling in Online Credit Markets…1585Kleinberg, Jon. See Fudenberg, Drew.Kovach, Matthew, and Gerelt Tserenjigmid. Behavioral Foundations of Nested Stochastic Choice and Nested Logit…2411Kremer, Michael. See Kaur, Supreet.Kübler, Dorothea. See Grenet, Julien.Lamarche, Carlos. See Hartley, Robert Paul.Leahy, John. See Caplin, Andrew.Lechene, Valérie, Krishna Pendakur, and Alex Wolf. Ordinary Least Squares Estimation of the Intrahousehold Distribution of Expenditure…681Liang, Annie. See Fudenberg, Drew.Lipnowski, Elliot, Doron Ravid, and Denis Shishkin. Persuasion via Weak Institutions…2705Loertscher, Simon, and Ellen V. Muir. Monopoly Pricing, Optimal Randomization, and Resale…566Luck, Stephan. See Carlson, Mark.Machelett, Margarita. See Bald, Anthony.Machin, Stephen. See Bell, Brian.Magerman, Glenn. See Bernard, Andrew B.Manova, Kalina. See Bernard, Andrew B.Martínez, Luis R. How Much Should We Trust the Dictator’s GDP Growth Estimates?…2731Matvos, Gregor. See Egan, Mark.Mayshar, Joram, Omer Moav, and Luigi Pascali. The Origin of the State: Land Productivity or Appropriability?…1091McKenzie, David. See Anderson, Stephen J.Menkveld, Albert J. See Jovanovic, Boyan.Moav, Omer. See Mayshar, Joram.Montero, Eduardo. Cooperative Property Rights and Development: Evidence from Land Reform in El Salvador…48Morrow, John. See Boehm, Johannes.Moxnes, Andreas. See Bernard, Andrew B.Muir, Ellen V. See Loertscher, Simon.Mullainathan, Sendhil. See Fudenberg, Drew.Mullainathan, Sendhil. See Kaur, Supreet.Munk-Nielsen, Anders. See Gillingham, Kenneth.Nakabayashi, Jun. See Kawai, Kei.Neuhann, Daniel. See Cole, Harold.Nyshadham, Anant. See Adhvaryu, Achyuta.Onishi, Ken. See Kawai, Kei.Ordin, Andrey. See Bhattacharya, Vivek.Ordoñez, Guillermo. See Cole, Harold.Orr, Scott. Within-Firm Productivity Dispersion: Estimates and Implications…2771Pascali, Luigi. See Mayshar, Joram.Pendakur, Krishna. See Lechene, Valérie.Penta, Antonio. See Alaoui, Larbi.Perez-Truglia, Ricardo. See Cullen, Zoë.Persico, Nicola. See Coviello, Decio.Plagborg-Møller, Mikkel, and Christian K. Wolf. Instrumental Variable Identification of Dynamic Variance Decompositions…2164Prat, Andrea. See Dessein, Wouter.Prendergast, Canice. The Allocation of Food to Food Banks…1993Primiceri, Giorgio E. See Justiniano, Alejandro.Prowse, Victoria. See Fé, Eduardo.Rao, Justin. See Simonov, Andrey.Ravid, Doron, Anne-Katrin Roesler, and Balázs Szentes. Learning before Trading: On the Inefficiency of Ignoring Free Information…346Ravid, Doron. See Lipnowski, Elliot.Redding, Stephen J. See Fajgelbaum, Pablo.Rijkers, Bob. See Andersen, Jørgen Juel.Roberts, James W. See Bhattacharya, Vivek.Roesler, Anne-Katrin. See Ravid, Doron.Rosenzweig, Mark R. See Foster, Andrew D.Rust, John. See Gillingham, Kenneth.Ryan, Nicholas, and Anant Sudarshan. Rationing the Commons…210Saavedra, Martin. See Beach, Brian.Sadler, Evan. Ordinal Centrality…926Salz, Tobias. Intermediation and Competition in Search Markets: An Empirical Case Study…310Sarte, Pierre-Daniel G. See Foerster, Andrew T.Schjerning, Bertel. See Gillingham, Kenneth.Schreindorfer, David. See Beason, Tyler.Seror, Avner. Child Development in Parent-Child Interactions…2462Seru, Amit. See Egan, Mark.Shishkin, Denis. See Lipnowski, Elliot.Sieg, Holger, and Chamna Yoon. Electoral Accountability and Control in US Cities…2985Simonov, Andrey, and Justin Rao. Demand for Online News under Government Control: Evidence from Russia…259Spulber, Daniel F. See Arqué-Castells, Pere.Stangebye, Zachary. See Aguiar, Mark.Stiglitz, Joseph E. See Bernard, Benjamin.Sudarshan, Anant. See Ryan, Nicholas.Sutter, Matthias. See Chowdhury, Shyamal.Szentes, Balázs. See Ravid, Doron.Tambalotti, Andrea. See Justiniano, Alejandro.Thomas, Duncan. See Beach, Brian.Timmins, Christopher. See Christensen, Peter.Tserenjigmid, Gerelt. See Kovach, Matthew.Uetake, Kosuke. See Kawai, Kei.Ulbricht, Robert. See Baley, Isaac.Vayanos, Dimitri. See Buffa, Andrea M.Waldinger, Maria. The Economic Effects of Long-Term Climate Change: Evidence from the Little Ice Age…2275Watson, Mark W. See Foerster, Andrew T.Weber, Michael. See Coibion, Olivier.Williamson, Stephen. Central Bank Digital Currency: Welfare and Policy Implications…2829Wolf, Alex. See Lechene, Valérie.Wolf, Christian K. See Plagborg-Møller, Mikkel.Woolley, Paul. See Buffa, Andrea M.Yoder, Nathan. Designing Incentives for Heterogeneous Researchers…2018Yoon, Chamna. See Sieg, Holger.Zhang, Xu. See de Clippel, Geoffroy.Ziliak, James P. See Hartley, Robert Paul.Zimmermann, Klaus F. See Chowdhury, Shyamal.Zingales, Luigi. See Broccardo, Eleonora. Previous articleNext article DetailsFiguresReferencesCited by Journal of Political Economy Volume 130, Number 12December 2022 Article DOIhttps://doi.org/10.1086/723279 Views: 153Total views on this site © 2022 The University of Chicago. All rights reserved.PDF download Crossref reports no articles citing this article.",https://doi.org/10.1086/723279,0.7629695
jep,2024,Care Provision and the Boundaries of Production,"Whether or not they provide subjective satisfaction to providers, unpaid services and non-market transfers typically contribute positively to total output, living standards, and the social climate. This essay describes some quantitative dimensions of care provision and reviews their implications for the measurement of economic growth and the explanation of relative earnings, including the gender wage differential. It also calls attention to under-explored aspects of collective conflict over legal rules and public policies that shape the distribution of the net costs of care provision.",https://doi.org/10.1257/jep.38.1.201,0.7621947
ee,2019,"Is there a low-pay no-pay cycle in Australia? A note on Fok, Scutella and Wilkins (2015)",NA,https://doi.org/10.1007/s00181-019-01663-y,0.75777787
labour,2021,The finance wage premium: Finnish evidence from a gender perspective,"Abstract The growth in finance wages has contributed to the increase in top incomes over the last decades. The finance wage premium has been studied from various viewpoints in recent years, however, not from the gender perspective. Studies have shown that the gender wage gap tends to increase at top incomes. As finance wages are increasing and if the benefits of working in finance are mostly claimed by men, the overall gender wage gap will persist. Using Finnish registry data from 1990 to 2014, this paper shows that the finance wage premium differs considerably between men and women. Overall, the finance premium has increased over time. The premium of men is larger than that of women at all hierarchy levels. Women at manager and expert positions in finance get a premium, but not at clerical level. Men on the other hand receive a premium at all hierarchy levels. The negative female effect is larger at higher points of the wage distribution, indicative of a glass ceiling effect. For men, the premium has increased especially at the top of the wage distribution.",https://doi.org/10.1111/labr.12203,0.7536481
ilr,2019,Cross-Border Merger and Acquisition Activity and Wage Dynamics,"Using detailed administrative data that link French firms and workers over the years 2002 to 2007, the authors document declines in worker-level wages ahead of the time their employer is acquired by a foreign firm that are more than offset by gains in wages that emerge after cross-border acquisition. Specifically, relative wages fall by an estimated 7.5% in the years just before foreign acquisition, and they rise by approximately 12.5% in the years afterward. Changes in workers’ earnings are evident in both wages and in-kind payments given to workers. Moreover, the authors provide theoretical foundations for the conditional mean independence assumption that underlies commonly applied empirical techniques.",https://doi.org/10.1177/0019793919839031,0.75230455
le,2019,Nonparental child care during nonstandard hours: Does participation influence child well-being?,NA,https://doi.org/10.1016/j.labeco.2019.01.006,0.74920267
ei,2019,RANK‐ORDER COMPETITION IN THE VOLUNTARY PROVISION OF IMPURE PUBLIC GOODS,"Publicly provided goods often create differential payoffs due to timely or spatial distances of group members. We design and test a provision mechanism which utilizes rank competition to mitigate free‐riding in impure public goods. In our Rank‐Order Voluntary Contribution Mechanism (Rank‐Order‐VCM) group members compete via observable contributions for a larger share of the public good; high contributors receive preferential access (a larger share), while low contributors receive restricted access (a lower share). In a laboratory experiment, Rank‐Order‐VCM elicits median contributions equal to the full endowment throughout the finitely played games with constant groups. In the control treatment, with randomly assigned ranks, the contributions are significantly lower and decline over time. We thus provide evidence of rank competition, in situations where discriminatory access to public goods is possible, being efficiency enhancing. ( JEL C91, H41)",https://doi.org/10.1111/ecin.12797,0.74637294
jpub,2021,The long-term spillover effects of changes in the return to schooling,NA,https://doi.org/10.1016/j.jpubeco.2021.104369,0.7366083
eer,2021,"On the political economy of industrial, labor and social reforms as complements",NA,https://doi.org/10.1016/j.euroecorev.2021.103789,0.7356588
jpam,2022,Can Financial Incentives Help Disadvantaged Schools to Attract and Retain High‐Performing Teachers? Evidence from Chile,"Abstract Extensive sorting of high‐performing teachers into the most advantaged schools contributes to the wide socioeconomic achievement gaps in many countries. The Chilean Pedagogical Excellence Assignment (AEP) pays bonuses to high‐performing teachers that are larger if they work at a disadvantaged school. Using a sharp regression discontinuity based on the program's eligibility rules, we estimate how the award affects where high‐performing teachers choose to work. The bonus, equivalent to 16 percent of an average annual salary, increased retention of high‐performing teachers in disadvantaged schools by 17 to 21 percentage points. In contrast, those teachers in more advantaged schools seem to use the award as a quality signal to stay or move to relatively high‐achieving schools. While the program accomplished its goal of retaining high‐performing teachers already working at disadvantaged schools, it did not achieve the objective of attracting better teachers from more advantaged schools.",https://doi.org/10.1002/pam.22375,0.7335281
le,2022,Occupational tasks and wage inequality in West Germany: A decomposition analysis,NA,https://doi.org/10.1016/j.labeco.2022.102284,0.7323116
jpam,2022,Providing Government Assistance Online: A Field Experiment with the Unemployed,"Abstract Welfare programs often consist of mandated in‐person assistance services. This feature can introduce an engagement barrier for some beneficiaries. Offering some of these services online can address this problem while also reducing administrative costs. In a field experiment with about 2,700 beneficiaries of unemployment benefits, we evaluate the effectiveness of a self‐directed website that supplements assistance traditionally delivered by job center staff. Tracking employment outcomes for nearly two years, we find that the intervention significantly increased job‐finding rates for some groups. Towards the end of the first year, the effect is still 7 percentage points (25 percent higher than in the control group) for prime‐age job seekers (35 to 50 years old) and 9 percentage points (35 percent higher than the control group) for women, reversing the job‐finding gender gap. We discuss opportunities for governments to scale up similar low‐cost interventions to assist social insurance and welfare beneficiaries online.",https://doi.org/10.1002/pam.22368,0.72849226
jpam,2020,One Stop Shops for Public Services: Evidence from Citizen Service Centers in Brazil,"Abstract Citizen Service Centers are government offices where different authorities are co‐located and where several public services are offered in the same physical location. The goal of implementing such One Stop Shops for public services is to solve problems with a malfunctioning government bureaucracy for frontline service delivery. In spite of reforms in at least 70 countries, however, there are few evaluations. This paper evaluates the impact of Poupatempo (“Savetime”), a Brazilian Citizen Service Center reform that has inspired similar programs in other countries. We collect data on one of the most common errands at the Brazilian bureaucracy, driver's license renewal, and evaluate the impact of Poupatempo on the time, number of trips, and payments needed to undertake the renewal, and on other variables representing transaction costs, red tape, and transparency in the citizen‐state interaction. Our difference‐in‐differences estimates indicate large reductions in the time expended by citizens and in proxies for transaction costs, but are less encouraging for the social quality of the licensing procedure, which we also evaluate. We discuss whether incentives to speed up processes prevailed where other steering instruments would have been more appropriate, and explore remedies. We also discuss limitations to establishing a true One Stop Shop.",https://doi.org/10.1002/pam.22255,0.7252583
economica,2022,Advanced Technologies and Worker Voice,"The interplay between labour institutions and firm‐level adoption of new technologies such as robotics and other advanced digital tools remains poorly understood. Using a cross‐sectional sample of more than 20,000 European establishments, we document a positive association between shop‐floor employee representation (ER) and utilization of emerging technologies. We explore mechanisms driving this correlation by exploiting rich information on the role played by ER in relation to well‐defined decision areas of management, such as work organization, dismissals, training and working time. In addition, we conduct a quantitative case study using a panel of Italian firms and exploiting size‐contingent policy rules governing the operation of ER bodies in the context of a local‐randomization regression discontinuity design. The analysis suggests a positive effect of ER on investments in advanced technologies around the firm size cut‐off, although results are sensitive to type of technology and specification choices. We also document positive effects on training and process innovation, and no evidence of changes in composition of employment. Our findings cast doubt on the idea that ER discourages technology adoption. Rather, ER seems to influence workplace practices that enhance the complementarity between labour and new advanced technologies.",https://doi.org/10.1111/ecca.12446,0.7240055
eer,2024,The role of payoff parameters for cooperation in the one-shot Prisoner's Dilemma,"The Prisoner's Dilemma is arguably the most important model of social dilemmas, but our knowledge about how its material payoff structure affects cooperation is incomplete. We investigate the effect of variation in material payoffs on cooperation in one-shot Prisoner's Dilemma games. We report results from three experiments (N = 1,993): in a preliminary experiment, we vary the payoffs over a large range. In our first main experiment (Study 1), we present a novel design that varies payoffs orthogonally in a within-subjects design. Our second main experiment, Study 2, investigates the orthogonal variation of payoffs in a between-subjects design. In a complementary analysis we also study the closely related payoff indices of normalized loss and gain, and the K-index. A robust finding of our experiments is that cooperation increases with the gains of mutual cooperation over mutual defection.",https://doi.org/10.1016/j.euroecorev.2024.104753,0.7232725
restat,2021,The Effects of State Business Taxes on Plant Closures: Evidence from Unemployment Insurance Taxation and Multiestablishment Firms,"Abstract This paper investigates the extent to which state-level differences in business taxes influence the location decisions of multiestablishment firms. Each state in the United States administers their own unemployment insurance program, and cross-state variation leads to significant tax differences across state lines. This decentralized administration creates opposing employment incentives on the intensive and extensive margins depending on the economic conditions. Studying the locations of multistate manufacturing firms, I find that firms are more likely to exit from high-tax states during economic downturns, but high-tax plants experience more stable employment during nonrecession years.",https://doi.org/10.1162/rest_a_01076,0.7219766
ee,2022,Show me the money! The impact of a conditional cash transfer on educational achievement,"Abstract During the global economic crisis, unemployment rates increased dramatically across Europe, especially among the least educated population groups. The picture in Spain in 2012, with unemployment rates running at over 20% and youth employment close to 45%, was discouraging. In face of this situation, the Spanish autonomous government of Extremadura launched a programme specifically aimed at motivating unemployed individuals without a school degree to return to education and earn the compulsory secondary education diploma. This paper applies a fuzzy regression discontinuity design to evaluate the impact of this conditional cash transfer programme using administrative data. The results show that the programme did not increase the likelihood of earning the lower secondary education diploma. This finding is a caveat emptor for governments considering similar policies, and remarks again the importance of testing innovations before generalization.",https://doi.org/10.1007/s00181-022-02211-x,0.7184863
jhr,2022,A Field Experiment on Labor Market Speeddates for Unemployed Workers,of Labor Economics is an independent economic research institute that conducts research in labor economics and offers evidence-,https://doi.org/10.3368/jhr.1021-11946r2,0.7138343
le,2020,Job polarization and the declining quality of knowledge workers: Evidence from the UK and Germany,NA,https://doi.org/10.1016/j.labeco.2020.101884,0.70631754
economica,2020,Collateral Damage? Labour Market Effects of Competing with China—at Home and Abroad,"The increasing range and quality of China's exports is a major development internationally with potentially far‐reaching effects. In this paper, on top of the direct labour market effects of imports from China studied in previous research, we also measure the indirect effects stemming from increased export competition in third markets. Our findings, based on matched employer–employee data of Portugal covering the period 1991–2008, indicate that workers’ earnings and employment are significantly negatively affected by China's competition, but only through the indirect ‘market‐stealing’ channel. In contrast to earlier evidence, the direct effects of Chinese imports are mostly non‐significant. The results are robust to a number of checks and also highlight particular groups more affected by indirect competition, including women, older and less educated workers, and workers in larger, older and domestic firms.",https://doi.org/10.1111/ecca.12355,0.6994734
le,2022,The effectiveness of fiscal stimuli for working parents,NA,https://doi.org/10.1016/j.labeco.2022.102152,0.6941161
labour,2021,The gender wage gap and the early‐career effect: the role of actual experience and education level,"Abstract This paper studies how the gender wage gap develops with work experience throughout the career. The contribution is twofold. First, the analysis applies matched employer‐employee register data with information on actual, rather than potential, experience. Second, the career effect of the gender wage gap is allowed to differ by workers’ education level. The male wage premium is small upon entry to the labor market, whereas it increases rapidly throughout the early career, before stabilizing. In contrast to the existing literature, the estimates reveal heterogeneity among high‐educated workers, where the widening of the wage gap is much smaller for postgraduates than other college graduates.",https://doi.org/10.1111/labr.12191,0.6925603
jeea,2022,<i>Marshall Lecture 2022:</i> The Economics of Women’s Rights,"Abstract Two centuries ago, in most countries around the world, women were unable to vote, had no say over their own children or property, and could not obtain a divorce. Women have gradually gained rights in many areas of life, and this legal expansion has been closely intertwined with economic development. We aim to understand the drivers behind these reforms. To this end, we distinguish between four types of women’s rights—economic, political, labor, and body—and document their evolution over the past 50 years across countries. We summarize the political-economy mechanisms that link economic development to changes in women’s rights and show empirically that these mechanisms account for a large share of the variation in women’s rights across countries and over time.",https://doi.org/10.1093/jeea/jvac059,0.6868153
jhr,2022,Nudging Demand for Academic Support Services: Experimental and Structural Evidence from Higher Education,"Todd Pugatch and Nicholas Wilson* * School of Public Policy, Oregon State University, todd.pugatch{at}oregonstate.edu Department of Economics, Reed College, nwilson{at}reed.edu.",https://doi.org/10.3368/jhr.0221-11474r2,0.6760561
ej,2024,"<i>p</i>-Hacking, Data type and Data-Sharing Policy","Abstract This paper examines the relationship between p-hacking, publication bias and data-sharing policies. We collect 38,876 test statistics from 1,106 articles published in leading economic journals between 2002–20. We find that, while data-sharing policies increase the provision of data, they do not decrease the extent of p-hacking and publication bias. Similarly, articles that use hard-to-access administrative data or third-party surveys, as compared to those that use easier-to-access (e.g., author-collected) data, are not different in their p-hacking and publication extent. Voluntary provision of data by authors on their home pages offers no evidence of reduced p-hacking.",https://doi.org/10.1093/ej/uead104,0.67490315
ecta,2024,Walras–Bowley Lecture: Market Power and Wage Inequality,"We propose a theory of how market power affects wage inequality. We ask how goods and labor market power jointly determine the level of wages, the skill premium, and wage inequality. We then use detailed microdata from the U.S. Census Bureau between 1997 and 2016 to estimate the parameters of labor supply, technology, and the market structure. We find that a less competitive market structure lowers the average wage of high‐skilled workers by 11.3%, and of low‐skilled workers by 12.2%, contributes 8.1% to the rise in the skill premium, and accounts for 54.8% of the increase in between‐establishment wage variance.",https://doi.org/10.3982/ecta21157,0.6711862
ee,2020,“Who’ll take the chair?” Maternal employment effects of a Polish (pre)school reform,"Abstract This study examines the impact of preschool availability on the employment of mothers of preschool-aged children. We exploit a transitional phase of a 2009 Polish education reform that simultaneously lowered the primary school age from 7 to 6 and provided a statutory right to preschool to 5-year-olds. As a significant share of 6-year-old children moved into primary schools a year earlier, their preschool seats effectively became available for younger children. The reform thereby led to a substantial rise in the number of available preschool seats for 3- to 5-year-olds. Using regional variation in the degree of preschool expansion, we estimate the impact of the increased availability of preschool seats on maternal employment. Our results indicate a significant and sizable employment effect: a 10% points increase in the ratio of preschool seats to preschool-aged children increases maternal employment by around 4.2% points. The effect seems to be concentrated among highly educated mothers and mothers with a youngest child of age three.",https://doi.org/10.1007/s00181-020-01877-5,0.66823334
eer,2023,Expecting Brexit and UK migration: Should I go?,"This paper examines the impact of the 2016 UK referendum and expecting Brexit on migration flows and net migration in the UK. We employ a Difference-in-Differences strategy and compare EU migration to non-EU migration before and immediately after the UK referendum of June 2016. We also investigate the potential secondary effects of the referendum on non-EU migrants by using different methodologies and various robustness checks. Our results show that after the referendum (i) migration inflows from the EU declined, (ii) emigration of EU migrants increased and (iii) net migration flows from EU countries to the UK fell. Our results are not driven by the potential spillover impacts on non-EU migrant workers. Overall, the findings show that migration in the UK declined after the Brexit referendum, even before any policy change.",https://doi.org/10.1016/j.euroecorev.2023.104484,0.6512054
icc,2023,Routine-biased technological change and employee outcomes after mass layoffs: evidence from Brazil,"Abstract We investigate the impact of “routinization” on the labor outcomes of displaced workers. We use a rich Brazilian panel dataset and an occupation-task mapping to examine the effect of job displacement in different groups, classified according to their tasks. Our main result is that following a layoff, workers previously employed in routine-intensive occupations suffer a more significant decline in wages and more extended periods of unemployment. As expected, job displacement has a negative and lasting impact on wages. Still, workers in routine-intensive occupations are more impacted than those in non-routine occupations in terms of wages (an increase of one point in the routine-intensity index results in a further decline of 2% in workers’ relative wages) and employment. Furthermore, our results indicate that workers in routine-intensive occupations are more likely to change occupations after the shock, and those who do not switch occupational fields suffer a more significant decline in wages. Lastly, even though the loss of employer-specific wage premiums explains 13% of displaced workers’ drop in wages, it does not explain routine-intensive workers’ more substantial losses.",https://doi.org/10.1093/icc/dtad063,0.65061873
jlr,2019,Monopsony Power in Occupational Labor Markets,NA,https://doi.org/10.1007/s12122-019-09289-w,0.64538026
izajl,2021,Business Income Dynamics and Labor Market Fluidity,"Abstract The share of the U.S. population that receives business income has increased substantially in recent decades. At the same time, worker hire and separation rates declined, with worrying implications for productivity and wage growth. In this paper, we explore the relationship between business income (BI) receipt and labor reallocation. We show that BI recipients are largely excluded from existing measures of labor reallocation. Including BI recipients reduces the measured decline from 1994 to 2014 in the hire and separation rates by 8.3–8.7%, respectively, primarily among jobs that were secondary sources of income or short in duration. We present evidence that worker transitions between wage and salary jobs and BI represent labor reallocation, as opposed to reclassification of employees as independent contractors.",https://doi.org/10.2478/izajole-2021-0004,0.64311385
jhr,2022,Reducing Parent-School Information Gaps and Improving Education Outcomes: Evidence from High-Frequency Text Messages,"Samuel Berlinski, Matias Busso, Taryn Dinkelman and Claudia Martínez A. Berlinski: Inter-American Development Bank and IZA, samuelb{at}iadb.org. Busso: Inter-American Development Bank, mbusso{at}iadb.org. Dinkelman: University of Notre Dame, NBER, BREAD, CEPR and IZA, tdinkelm{at}nd.edu. Martínez A.: Pontificia Universidad Católica de Chile, J-PAL and Millennium Nucleus on Intergenerational Mobility: From Modelling to Policy (MOVI) [NCS2021072], clmartineza{at}uc.cl.",https://doi.org/10.3368/jhr.1121-11992r2,0.63861954
bjir,2022,Coordination versus organization: Diverging logics of firm cooperation in Denmark and Sweden,"Employers and their business associations have become increasingly important actors promoting market competition ? even in once highly coordinated and regulated European economies. Based on a comparison of the Danish and Swedish telecommunications industries, we ask how differences in business association structures relate to the ways firms cooperate in competitive markets. In Denmark, fragmented, competing business associations encouraged a more unstable logic of coordination, with firms predominately focussed on pursuing particularistic interests in public policy lobbying and exit-oriented strategies in employment relations. In contrast, the unified business association in Sweden encouraged a logic of organization, with firms predominately seeking collective good provision in public policy lobbying and engaging in mutual gains bargaining. Findings contribute to debates on the role of business associations in fostering firm cooperation and collective regulation.",https://doi.org/10.1111/bjir.12704,0.6381291
ej,2023,"Trade Shocks, Labour Markets and Migration in the First Globalisation","Abstract This paper studies the economic and political effects of a large trade shock in agriculture—the grain invasion from the Americas—in Prussia during the first globalisation (1870–913). We show that this shock led to a decline in the employment rate and overall income. However, we do not observe declining per capita income and political polarisation, which we explain by a strong migration response. Our results suggest that the negative and persistent effects of trade shocks we see today are not a universal feature of globalisation, but depend on labour mobility. For our analysis, we digitise data from Prussian industrial and agricultural censuses on the county level and combine them with national trade data at the product level. We exploit the cross-regional variation in cultivated crops within Prussia and instrument with Italian and United States trade data to isolate exogenous variation.",https://doi.org/10.1093/ej/uead068,0.6359773
jole,2022,The Effect of Changes in the Skill Premium on College Degree Attainment and the Choice of Major,"We study the impact of financial incentives on higher education decisions and the choice of major. We rely on a reform whereby Israeli kibbutzim shifted from their traditional policy of equal sharing to productivity-based wages, using for identification the staggered implementation of this reform. In this setting of very low initial returns to education, we find that the dramatic increase in the rate of return and its sharp variation across fields of study led to a large increase in the probability of receiving a bachelor's degree, especially in STEM fields of study that are expected to yield higher financial returns.",https://doi.org/10.1086/722565,0.6039962
jeea,2022,Housing Insecurity and Homelessness: Evidence from the United Kingdom,"Abstract Homelessness and precarious living conditions are on the rise across much of the Western world. This paper exploits quasi-exogenous variation in the affordability of rents due to a cut in rent subsidies for low-income households in the United Kingdom in April 2011. Using comprehensive district-level administrative data, we show that the affordability shock caused a significant increase in financial distress, evictions, property crimes, insecure temporary housing arrangements, statutory homelessness, and actual rough sleeping. The most notable rise in statutory homelessness is driven by families with children, lone parents, individuals with existing health conditions, and as a result of having been evicted. We estimate that the fiscal savings were low and shifted toward the local administration: Savings by the central government were partially offset by an increase in council spending to meet statutory obligations for homelessness.",https://doi.org/10.1093/jeea/jvac055,0.58769643
jhe,2022,Material resources and well-being — Evidence from an Ethiopian housing lottery,"Do better material conditions improve well-being and mental health? Or does any positive relationship merely reflect that well-being promotes economic success? We compare winners and losers from a large Ethiopian housing lottery in a preregistered analysis. Winners gain access to better housing, experience a substantial increase in wealth, and report higher levels of overall life satisfaction and lower levels of financial distress. However, we find no average effects of winning on psychological distress. Our results suggest that not all aspects of well-being and mental health are equally sensitive to economic conditions.",https://doi.org/10.1016/j.jhealeco.2022.102619,0.57980734
jlr,2022,Regulation Enforcement,"Abstract This paper compares the effectiveness of two mechanisms of regulation enforcement: (1) the frequency of inspections and (2) penalties for violations. Threat effects of increased penalties and inspection rates, rather than corrective effects upon receiving an inspection or penalty, are the focus of analysis. Mining industry data from 2004–2009 are used to analyze the responses of mines to separate increases in inspections and citation penalties regarding regulations of safety standards. Mines did not improve safety in response to increased penalties at the ex-ante inspecting rates; however, mines significantly reduced accidents under increased inspections when implemented at those higher penalty rates. The identification strategy results in a local average treatment effect that implies increasing inspection rates from current levels would likely increase social welfare. Results are shown to be robust to bandwidth changes and model specification. The interpretation of the estimated local effect in the context of selection is analyzed. Robustness checks regarding selection exploit staffing changes and restrict to similar samples of treated and non-treated mines, justifying that results are representative.",https://doi.org/10.1007/s12122-022-09332-3,0.5650058
ej,2024,On the Importance of Social Status for Occupational Sorting,"Abstract Models of self-selection predict that occupations with flat wage schedules attract workers of lower average ability. However, in certain prominent occupations such as academia and the civil service, wages are flat yet the average skill level is high. In this paper, I examine whether social status concerns can explain this puzzle. I find that within-occupation status allows flat wage occupations to attract predominantly high-skilled workers, but only at the cost of attracting few workers overall. If, however, workers care about both within- and between-occupation status then occupations paying flat wages can be arbitrarily large and attract workers of high average skill. I conclude that within- and between-occupation status concerns act as complements.",https://doi.org/10.1093/ej/uead119,0.56485516
oep,2024,Concentration and mergers: evidence from Italian labor markets,"Abstract This article investigates the effects of labor market concentration on employment, job security, and wages. By constructing a flow-based index, I find that concentration is generally low across markets but varies across industries. Then, I use a Two-Stage Least Squares (TSLS) strategy based on the different exposures of industries to horizontal mergers. I find that mergers increase concentration, which in turn reduces wages by −0.14 and −0.07 and hires by −0.77 and −0.68%age points. I also find that (1) concentration does not affect the likelihood of a permanent hire but increases the probability that, when a temporary worker is renewed, the contract is again temporary; (2) men are affected by concentration only through wages, while women are less affected but also through job security; (3) estimates magnitude increases in concentration levels.",https://doi.org/10.1093/oep/gpae050,0.5534774
labour,2021,Access and returns to unpaid graduate work experience,"Abstract We use longitudinal data on graduates from UK universities to evaluate whether unpaid work experience is a stepping stone into paid or stable employment. We document the characteristics and occupations of recent graduates taking unpaid work experience and then use propensity score matching to estimate the treatment effect of unpaid work experience on outcomes 3.5 years after graduation. We find negative treatment effects compared with initially being in paid work, on annual salary (£2900), job security and attainment of a professional occupation (both 9% pts). We find no evidence of a benefit to salary or job attributes compared with initially being out of the labour force.",https://doi.org/10.1111/labr.12196,0.5504818
labour,2019,Hit and Run? Income Shocks and School Dropouts in Latin America,"Abstract How do labor income shocks affect household investment in upper secondary and tertiary schooling? Using longitudinal data from 2005 to 2015 for Argentina, Brazil, and Mexico, this paper explores the effect of a negative household income shock on the enrollment status of youth ages 15–25. The findings suggest that negative income shocks significantly increase the relative risk of students exiting upper secondary and tertiary education in Argentina and Brazil, but not in Mexico. For the three countries, the analysis finds evidence that youth who exit school due to a household income shock have worse employment outcomes than similar youth who exit without a household income shock. Differences in labor markets and safety net programs likely play an important role in the decision to exit school as well as the employment outcomes of those who exit across these three countries.",https://doi.org/10.1111/labr.12156,0.5386111
ir,2021,The relative importance of industrial relations ideas in politics: A quantitative analysis of political party manifestos across 54 countries,"Abstract Ideas are important but hard to quantify, making large‐scale, quantitative analyses difficult. Political parties are important ideational contributors, and their election year manifestos provide explicit compilations of their ideas. Using Comparative Manifesto Project data, we propose three channels through which ideas enter into manifestos and examine the fraction of manifesto content devoted to pro‐worker and anti‐union statements to measure the importance of these ideas. Multivariate analyses across 54 countries, 75 years, and 1132 parties uniquely uncover predictors of industrial relations ideas, including party characteristics, responses to other parties, and economic and political conditions. Further, pro‐worker ideas matter to voters during elections.",https://doi.org/10.1111/irel.12296,0.49309883
le,2023,Residential location and the male-female gap in labor market outcomes—a lesson from newcomers to israel,NA,https://doi.org/10.1016/j.labeco.2022.102320,0.48538306
jlr,2020,The Effect of Industry-Level Aggregate Demand on Earnings: Evidence from the US,"Abstract Economic theory suggests that workers’ pay is mainly determined by their marginal product and that industry wage differentials may result either from the structure of the industry (demand type factors) or human capital characteristics of the employed labour force (supply type factors). This study uses a major data set from the US that allows the investigation of the effects of these demand and supply type factors on average earnings across industries. Importantly, this paper shows that aggregate demand relevant to the particular industry has a strong positive effect on the industry’s average earnings in addition to the previously established results regarding the significance of the effects of worker and firm characteristics. Consequently, labour market policies crafted without due consideration of macroeconomic demand may be ineffective as a solution to the proliferation of low pay employment.",https://doi.org/10.1007/s12122-020-09299-z,0.48091054
bjir,2024,The micro‐foundations of employment systems: An empirical case study of Britain and France,"Abstract Building on existing studies of national employment systems, we undertake a comparative analysis of the micro‐foundations of employment relations in Britain and France. Our analysis utilizes harmonized, linked employer‐employee survey data for the two countries and takes a multi‐dimensional approach in which the national level remains meaningful but within‐country variance is also emphasized. Our analysis contrasts the British model characterized by variability and heterogeneity with a French model characterized by stability and uniformity. We discuss ways in which these systems are shaped by differences in employer and employee networks, the financial and organizational links between firms and macro‐institutions.",https://doi.org/10.1111/bjir.12812,0.47643453
ee,2021,The marital earnings premium: an IV approach,NA,https://doi.org/10.1007/s00181-021-02021-7,0.45603406
le,2021,Pension reform and the efficiency-equity trade-off: Impacts of removing an early retirement subsidy,"We provide empirical evidence that the removal of work disincentives embedded in retirement earnings tests can increase old-age labor supply considerably, but it does so at the cost of more income inequality. To identify causal effects, we exploit a reform of the Norwegian early retirement program, which entailed that adjacent birth cohorts faced completely different work incentives from the age of 62. The reform removed a strict retirement earnings test such that pension wealth was redistributed from early to late retirees. Given pre-existing employment and earnings patterns, this implied a considerable rise in old-age income inequality. In theory, this direct increase in inequality could be either amplified or offset by changes in labor supply. We estimate that the reform triggered a 42% increase in average hours worked during the period covered by early retirement options; however, as labor supply responses were of similar magnitudes across the earnings distribution, they did little to modify the rise in inequality. As measured by the Gini coefficient, inequality in overall old-age income rose by approximately 0.03 (21%).",https://doi.org/10.1016/j.labeco.2021.102050,0.45562407
oep,2021,"Job search, unemployment protection, and informal work","Abstract Informal work is a significant feature of labour markets in many developed countries, despite having unemployment protection (UP) programmes. We use a model of job search over the duration of unemployment to study how the structure of these programmes influences the incentive of the unemployed to engage in informal work while searching for formal jobs. Accounting for informality enables the model to jointly explain three known features on job search dynamics: a temporary re-employment spike, low search effort, and negative duration dependence. The quantitative analysis finds that both informality and unemployment can be reduced by redistributing (across either workers or programmes), rather than increasing, the overall UP budget.",https://doi.org/10.1093/oep/gpab063,0.41859907
bjir,2024,On the emergence of cooperative industrial and labour relations,"Abstract We explore the long‐run determinants of current differences in the degree of co‐operative labour relations at the local level. We do this by estimating the effect of the medieval communes –that were established in certain cities in Centre‐Northern Italy towards the end of the 11th century – and that contributed to the emergence of a co‐operative attitude in the population on various proxies for current co‐operative labour relations. Conditional on a large set of firm and municipality level controls, as well as a full set of province fixed effects, we find that firms located in municipalities that had been a free medieval commune in the past have higher current probabilities to adopt two‐tier bargaining structures and to be unionized. We also report instrumental variables (IV) and propensity score estimates that confirm our main results.",https://doi.org/10.1111/bjir.12800,0.41010565
ee,2024,"Unraveling wage inequality: tangible and intangible assets, globalization and labor market regulations","Abstract In this paper, we study the asymmetric effects of different types of capital-embodied technological change, as proxied by tangible and intangible assets, on relative wages (high- to medium-skilled, high- to low-skilled and medium- to low-skilled workers), relying upon the technology-skill complementarity and polarization of the labor force frameworks. We also consider two additional major channels that contribute to shaping wage differentials: globalization (in terms of trade openness and global value chains participation) and labor market institutions. The empirical analysis is carried out using a panel dataset comprising 17 mostly advanced European economies and 5 industries, with annual observations spanning the period 2008–2017. Our findings suggest that software and databases—as a proxy for intangible technologies—exert downward pressure on low-skilled wages, while robotics is associated with a polarization of the wage distribution at the expense of middle-skilled labor. Additionally, less-skilled workers’ relative wages are negatively affected by trade openness and global value chain participation, but positively influenced by sector-specific labor market regulations.",https://doi.org/10.1007/s00181-024-02587-y,0.36240023
jole,2023,Dynamic Effort Choice in High School: Costs and Benefits of an Academic Track,"I investigate high school tracking policies using a dynamic discrete choice model of study programs and unobserved effort.I estimate the model using data from Flanders (Belgium) and perform an ex-ante evaluation of a policy that encourages underperforming students to switch to less academically oriented programs.This reduces grade retention by a third and dropout by 11%.Although it decreases college enrollment, the decrease in college graduation is small and insignificant.I also show that modeling effort is important, otherwise we would predict smaller decreases in grade retention and dropout and larger decreases in college enrollment and graduation.",https://doi.org/10.1086/726702,0.3578022
oep,2023,Introduction to the special issue on ‘new directions in understanding philanthropic activities’,"Abstract The papers in this Special Issue contribute to a rich literature on the economics of charitable giving. They address several novel questions covering a wide range of open issues in the philanthropic realm. For example, many of our papers study what works and what does not work for a charitable organization to boost giving money or time. Other papers examine fundraising mechanisms and possible underlying motives shaping donors’ giving behaviour. Our papers combine multiple methodologies, such as theory, observational data as well as laboratory and field experiments, to address these issues. Taken together, our Special Issue offers novel insights and approaches in the field of charitable giving that will be of interest to academics and policymakers alike.",https://doi.org/10.1093/oep/gpad035,0.30114812
bjir,2021,"International and comparative employment relations global crises and institutional responses. G. J.Bamber, F. L.Cooke, V.Doellgast and C.Wright. Sage Publications, 2021. ISBN‐978‐1‐5264‐9965‐3 (paperback) £39.24.",NA,https://doi.org/10.1111/bjir.12636,0.28408203
bjir,2021,"Japan's Far More Female Future, by BillEmmott. 224 pp. ISBN: 9780198865551, Price $40.00","Japan's Far More Female Future addresses gender inequality through the lens of twenty-one female leaders in respective fields in Japan and its impact on the country's economic and social future.The book acknowledges a steadily rising number of women accessing education and taking up prominent positions, and argues that despite the fact that Japan's future will be far more female than its past (p.vii), greater equality calls on big changes for a country historically operating with remarkedly gendered roles.This speaks to the ongoing debate of whether the progress made on gender equality legislation equates equality laws actually being implemented in a fair, just and transparent manner.This book is of interest to readers who are interested in understanding gender discrimination women face in a particularly ""male-dominated, misogynistic society"" in Japan (p.32).",https://doi.org/10.1111/bjir.12599,0.23580553
labour,2023,The birthplace bias of teleworking: Consequences for working conditions,"Abstract The massive shift towards teleworking during the COVID pandemic relatively deteriorated working conditions of people occupying positions that could not be teleworked because they were more exposed to the risk of infection. Exploiting French data, we analyse the differential changes in sorting across occupations of immigrants and natives during years preceding the pandemic. Immigrants sorted relatively more into occupations intensive in non‐routine manual tasks. These occupations cannot be teleworked. We find an increase in immigrants' sorting into occupations intensive in non‐routine interactive and analytical tasks. However, in contrast with natives, immigrants were moving away from occupations intensively using new technologies.",https://doi.org/10.1111/labr.12243,0.21541634
ilr,2019,Book Review: <i>Workers without Borders: Posted Work and Precarity in the EU</i> by Ines Wagner,NA,https://doi.org/10.1177/0019793918818177,0.19738537
jpam,2023,Selective exercise of discretion in disability insurance awards,"Abstract Variation in assessor stringency in awarding benefits leaves applicants exposed to uninsured risk that could be systematic if discretion were exercised selectively. Using administrative data on disability insurance (DI) applications in the Netherlands, we show that even in one of the most rule‐based DI programs, there is still between assessor variation in awards, and there is systematic variation in assessment across applicants. Discretion is exercised in favor of lower‐wage applicants relatively more than it is used to benefit higher‐wage applicants. This is evident indirectly from downward discontinuities in pre‐disability wages just above benefit entitlement thresholds and directly from wage‐related differences in the extent to which assessors intervene in the semi‐automated calculation of earnings capacity. While lower‐wage applicants benefit on average, they are exposed to greater risk from between assessor variation in the exercise of discretion. Rule‐based disability evaluation can reduce, but not eliminate, between‐applicant variation in awards.",https://doi.org/10.1002/pam.22560,0.1813635
le,2024,Home work: Exploring the labor market effects of subsidizing domestic services,"This paper analyzes subsidies for the domestic services sector, an increasingly popular policy to create employment opportunities for low-skilled workers. Using Belgian administrative data, a differences-in-differences approach, and a shift-share instrumental variable, we estimate the local effects of the policy in targeted industries as well as overall effects on the labor market. We find that domestic service subsidies can increase female employment in the subsidized industries as well as the overall employment rate. This increase in employment is primarily driven by an increase in (formal) labor market participation and, to a lesser extent, a reduction in the rate of participation in unemployment insurance and in other social welfare programs. We also find that these subsidies can lead to an increase in the rate of work incapacity, likely due to the fact they broaden the population that can access the social safety net.",https://doi.org/10.1016/j.labeco.2024.102595,0.15649146
icc,2024,"Hierarchical consumption preferences, redistribution, and structural transformation","Abstract In low- and middle-income economies, consumption preferences are hierarchical and the production structure is dualistic. Wage demand correspondingly articulates with the domestic industrial sector in a limited fashion. Where capital accumulation is directed at this modern/industrial sector, downward redistributions are less expansionary than commonly outlined, even if capacity utilization is an adjusting variable influencing investment decisions. Insofar as economic development is underpinned by structural transformation, policies aligned with downward redistributions have important sectoral ramifications neglected in one-sector frameworks. This paper explores these and related propositions formally, drawing from the analysis of a two-sector growth and distribution model.",https://doi.org/10.1093/icc/dtae004,0.13875581
ee,2019,The impact of earnings gaps and networks on migration decisions: an empirical study of undocumented Mexican migrants,NA,https://doi.org/10.1007/s00181-019-01768-4,0.13274632
cje,2023,Mandatory minimum sentencing and its effect on sentencing distributions: Evidence from Canada,"Abstract Whether judges and prosecutors should be given full discretionary power in sentencing or mandatory minimum sentences be imposed remains a fiercely debated topic. In this paper, we examine the impact of Canada's 2005 introduction of minimum sentences on sexual offences against children and child pornography on the distribution of sentence lengths using administrative data containing the universe of these offences that occurred between 2003 and 2007. We find that the average sentence length for affected crimes at times increased by substantially more than the newly imposed minimum, and effects of the policy appear even in the middle and upper portions of the sentencing distribution. These increases occur immediately following the policy change, signalling that judges and prosecutors quickly change their sentencing behaviour after the implementation of mandatory minimum sentences. These lengthier sentences have significant implications for the estimation of the fiscal costs of minimum sentencing policies.",https://doi.org/10.1111/caje.12696,0.11903176
ir,2023,Do supplementary jobs for welfare recipients increase the chance of welfare exit? Evidence from Germany,"Abstract Welfare recipients in Germany are allowed to take up supplementary jobs while receiving welfare. In the present study, we use the German Panel Study “Labour Market and Social Security” (PASS) for the years 2006–2014 to analyze the impact of these supplementary jobs on the chances of welfare exit. Dynamic multinomial logit models controlling for unobserved heterogeneity and endogenous initial conditions reveal that full‐time employed men and women are more likely to exit welfare into employment than their non‐employed counterparts. For supplementary part‐time jobs, however, we find no or (only in some specifications for men) much smaller stepping stone effects.",https://doi.org/10.1111/irel.12339,0.10044052
le,2023,Filling in the blanks: How does information about the Swedish EITC affect labour supply?,"We investigate the role of information about tax incentives for the labour–leisure choice. We randomize 37,000 leaflets about the Swedish EITC, and then study the effects with pre-registered analyses and administrative data. Our focus is on the household decision to allocate between labour income and parental leave payments. The EITC and its interactions with the parental leave system is not well-known. Despite the substantial incentives involved, and the flexibility with which a person may earn labour income, we find that information about the EITC has a precisely estimated zero impact on labour supply on the extensive and the intensive margin.",https://doi.org/10.1016/j.labeco.2023.102435,0.09380579
ee,2024,Import shock and local labour market outcomes: A Sino-Indian case study,"Abstract Focusing on Sino-Indian trade, this paper uses detailed district-level data, exploits India’s drastic increase in imports from China since 2001, and uses the instrumental variables approach to examine the impact of trade shock on the local labour market outcomes. Through a matching procedure, the geographical coverage of the paper is significantly improved compared with prior studies. The range of labour market outcome variables examined is also much broader, including wage, residual wage fluctuation, employment, unemployment and underemployment as shares of the working-age population. The paper finds that the import competition from China had a negative impact on the districts’ average wages but a positive impact on districts’ shares of employment. Moreover, the paper allows heterogeneous effects across consumption, age, gender, occupation and industrial groups. The results confirm that the effect of import shock is not uniformly distributed within the districts. Rather, it varies with respect to specific socio-economic characteristics. The wage effect, for example, is positive for those from the lower consumption basket.",https://doi.org/10.1007/s00181-024-02650-8,0.089795515
