journal,year,title,abstract,doi,relevance_score
restat,2010,Minimum Wage Effects Across State Borders: Estimates Using Contiguous Counties,We use policy discontinuities at state borders to identify the effects of minimum wages on earnings and employment in restaurants and other low-wage sectors. Our approach generalizes the case study method by considering all local differences in minimum wage policies between 1990 and 2006. We compare all contiguous county pairs in the United States that straddle a state border and find no adverse employment effects. We show that traditional approaches that do not account for local economic conditions tend to produce spurious negative effects due to spatial heterogeneities in employment trends that are unrelated to minimum wage policies. Our findings are robust to allowing for long-term effects of minimum wage changes.,https://doi.org/10.1162/rest_a_00039,1130.174
jhr,2015,Effects of the Minimum Wage on Employment Dynamics,"Abstract The voluminous literature on minimum wages offers little consensus on the extent to which a wage floor impacts employment. We argue that the minimum wage will impact employment over time through changes in growth rather than an immediate drop in relative employment levels. We show that commonly used specifications in this literature, especially those that include state-specific time trends, will not accurately capture these effects. Using three separate state panels of administrative employment data, we find that the minimum wage reduces job growth over a period of several years. This finding is supported using several empirical specifications.",https://doi.org/10.3368/jhr.51.2.0414-6298r1,805.42816
ilr,2014,Revisiting the Minimum Wage—Employment Debate: Throwing Out the Baby with the Bathwater?,"The authors revisit the long-running minimum wage–employment debate to assess new studies claiming that estimates produced by the panel data approach commonly used in recent minimum wage research are flawed by that approach's failure to account for spatial heterogeneity. The new studies use research designs intended to control for this heterogeneity and conclude that minimum wages in the United States have not reduced employment. The authors explore the ability of the new research designs to isolate reliable identifying information, and they test the designs' untested assumptions about the construction of better control groups. Their analysis reveals problems with the new research designs. Moreover, using methods that let the data identify the appropriate control groups, their results reaffirm the evidence of disemployment effects, with teen employment elasticities near −0.15. This evidence, they conclude, still shows that minimum wages pose a tradeoff of higher wages for some against job losses for others.",https://doi.org/10.1177/00197939140670s307,768.00574
aeja,2011,Minimum Wages and Firm Profitability,"We study the impact of minimum wages on firm profitability, exploiting the changes induced by the introduction of a UK national minimum wage in 1999. We use pre-policy information on the distribution of wages to implement a difference-in-differences approach. Minimum wages raise wages, but also significantly reduce profitability (especially in industries with relatively high market power). This is consistent with a simple model where wage gains from minimum wages map directly into profit reductions. There is some suggestive evidence of longer run adjustment to the minimum wage through falls in net entry rates. (JEL J31, J38, L25)",https://doi.org/10.1257/app.3.1.129,748.4563
ir,2011,Do Minimum Wages Really Reduce Teen Employment? Accounting for Heterogeneity and Selectivity in State Panel Data,"Traditional estimates that often find minimum wage disemployment effects include controls for state unemployment rates and state- and year-fixed effects. Using CPS data on teens for the period 1990–2009, we show that such estimates fail to account for heterogeneous employment patterns that are correlated with selectivity among states with minimum wages. As a result, the estimates are often biased and not robust to the source of identifying variation. Including controls for long-term growth differences among states and for heterogeneous economic shocks renders the employment and hours elasticities indistinguishable from zero and rules out any but very small disemployment effects. Dynamic evidence further shows the nature of bias in traditional estimates, and it also rules out all but very small negative long-run effects. In addition, we do not find evidence that employment effects vary in different parts of the business cycle. We also consider predictable versus unpredictable changes in the minimum wage by looking at the effects of state indexation of the minimum wage.",https://doi.org/10.1111/j.1468-232x.2011.00634.x,639.27264
aeja,2015,The Contribution of the Minimum Wage to US Wage Inequality over Three Decades: A Reassessment,"We reassess the effect of minimum wages on US earnings inequality using additional decades of data and an IV strategy that addresses potential biases in prior work. We find that the minimum wage reduces inequality in the lower tail of the wage distribution, though by substantially less than previous estimates, suggesting that rising lower tail inequality after 1980 primarily reflects underlying wage structure changes rather than an unmasking of latent inequality. These wage effects extend to percentiles where the minimum is nominally nonbinding, implying spillovers. We are unable to reject that these spillovers are due to reporting artifacts, however. (JEL J22, J31, J38, K31)",https://doi.org/10.1257/app.20140073,575.77795
jole,2016,"Minimum Wage Shocks, Employment Flows, and Labor Market Frictions","We provide the first estimates of the effects of minimum wages on employment flows in the US labor market, identifying the impact by using policy discontinuities at state borders. We find that minimum wages have a sizable negative effect on employment flows but not on stocks. Separations and accessions fall among affected workers, especially those with low tenure. We do not find changes in the duration of nonemployment for separations or hires. This evidence is consistent with search models with endogenous separations.",https://doi.org/10.1086/685449,514.54065
aer,2012,The Spending and Debt Response to Minimum Wage Hikes,"Immediately following a minimum wage hike, household income rises on average by about $250 per quarter and spending by roughly $700 per quarter for households with minimum wage workers. Most of the spending response is caused by a small number of households who purchase vehicles. Furthermore, we find that the high spending levels are financed through increases in collateralized debt. Our results are consistent with a model where households can borrow against durables and face costs of adjusting their durables stock. (JEL D12, D14, D91, J38)",https://doi.org/10.1257/aer.102.7.3111,464.68134
ej,2013,The Impact of Minimum Wages on Labour Market Transitions,"We investigate differences in labour market transition rates between high and low minimum wage regimes using Canadian data spanning 1979–2008. We find that higher minimum wages result in lower hiring rates but also lower job separation rates. Importantly, the reduced separation rates are due mainly to reductions in layoffs, occur in the first six months of a job and are present for unskilled workers of all ages. Thus, jobs in higher minimum wage regimes are more stable but harder to get. For older workers, these effects are almost exactly offsetting, resulting in little impact on the employment rate.",https://doi.org/10.1111/ecoj.12032,455.04614
sej,2010,Minimum Wages and Poverty: Will a $9.50 Federal Minimum Wage Really Help the Working Poor?,"Using data drawn from the March Current Population Survey, we find that state and federal minimum wage increases between 2003 and 2007 had no effect on state poverty rates. When we then simulate the effects of a proposed federal minimum wage increase from $7.25 to $9.50 per hour, we find that such an increase will be even more poorly targeted to the working poor than was the last federal increase from $5.15 to $7.25 per hour. Assuming no negative employment effects, only 11.3% of workers who will gain live in poor households, compared to 15.8% from the last increase. When we allow for negative employment effects, we find that the working poor face a disproportionate share of the job losses. Our results suggest that raising the federal minimum wage continues to be an inadequate way to help the working poor.",https://doi.org/10.4284/sej.2010.76.3.592,440.53247
ilr,2017,Credible Research Designs for Minimum Wage Studies,"The authors assess the critique by Neumark, Salas, and Wascher (2014) of minimum wage studies that found small effects on teen employment. Data from 1979 to 2014 contradict NSW; the authors show that the disemployment suggested by a model assuming parallel trends across U.S. states mostly reflects differential pre-existing trends. A data-driven LASSO procedure that optimally corrects for state trends produces a small employment elasticity (–0.01). Even a highly sparse model rules out substantial disemployment effects, contrary to NSW’s claim that the authors discard too much information. Synthetic controls do place more weight on nearby states—confirming the value of regional controls—and generate an elasticity of −0.04. A similar elasticity (−0.06) obtains from a design comparing contiguous border counties, which the authors show to be good controls. NSW’s preferred matching estimates mix treatment and control units, obtain poor matches, and find the highest employment declines where the relative minimum wage falls. These findings refute NSW’s key claims.",https://doi.org/10.1177/0019793917692788,437.81598
aeja,2010,Minimum Wages and Earnings Inequality in Urban Mexico,"This paper analyzes the contribution of the minimum wage to the well documented rise in earnings inequality in Mexico between the late 1980s and the early 2000s. We find that a substantial part of the growth in inequality, and essentially all of the growth in inequality in the bottom end of the distribution, is due to the steep decline in the real value of the minimum wage. (JEL J31, J38, O15, O17, O18, R23)",https://doi.org/10.1257/app.2.4.128,400.40387
ir,2015,Minimum Wage Channels of Adjustment,"We analyze the effects of minimum wage increases in 2007–2009 using a sample of restaurants from Georgia and Alabama. Store‐level payroll records provide precise measures of compliance costs. We examine multiple adjustment channels. Exploiting variation in compliance costs across restaurants, we find employment and hours responses to be variable and in most cases statistically insignificant. Channels of adjustment to wage increases and to changes in nonlabor costs include prices, profits, wage compression, turnover, and performance standards.",https://doi.org/10.1111/irel.12091,399.3688
ilr,2011,Does a Higher Minimum Wage Enhance the Effectiveness of the Earned Income Tax Credit?,"The authors estimate the effects of the interactions between the Earned Income Tax Credit (EITC) and minimum wages on labor market outcomes. They use information on policy variation from the Department of Labor's Monthly Labor Review, reports published by the Center on Budget and Policy Priorities, and data on individuals and families from the Current Population Survey to assess the economic impact of minimum wages and the EITC on families. Their results indicate that for single women with children, the EITC boosts employment and earnings, and coupling the EITC with a higher minimum wage enhances this positive effect. Conversely, for less-skilled minority men and for women without children, employment and earnings are more adversely affected by the EITC when the minimum wage is higher. Turning from individuals to families, for very poor families with children a higher minimum wage increases the positive impact of the EITC on incomes, so that a higher minimum wage appears to enhance the effects of the EITC. Whether the policy combination of a high EITC and a high minimum wage is viewed as favorable or unfavorable depends in part on whom policymakers are trying to help.",https://doi.org/10.1177/001979391106400405,395.36316
jpe,2015,How Effective Is the Minimum Wage at Supporting the Poor?,"This study investigates the antipoverty efficacy of minimum wage policies. Proponents of these policies contend that employment impacts are negligible and suggest that consumers pay for higher labor costs through imperceptible increases in goods prices. Adopting this empirical scenario, the analysis demonstrates that an increase in the national minimum wage produces a value-added tax effect on consumer prices that is more regressive than a typical state sales tax and allocates benefits as higher earnings nearly evenly across the income distribution. These income-transfer outcomes sharply contradict portraying an increase in the minimum wage as an antipoverty initiative.",https://doi.org/10.1086/679626,393.0461
restat,2011,Minimum Wages and Alcohol-Related Traffic Fatalities among Teens,"Using cross-state variation in minimum wages, we observe a positive relationship between the minimum wage and the number of alcohol-related accidents involving teen drivers. A similar effect is not observed when examining accidents among adults. The results are consistent with a positive income elasticity for alcoholic beverages and driving activities among young people, in particular for consumption out of discretionary income accorded by higher minimum wages. Evidence of a sizable impact of beer taxes on alcohol-related accidents among youths suggests that beer taxes are one avenue for policymakers to consider in counteracting this unintended consequence of minimum wages.",https://doi.org/10.1162/rest_a_00199,371.4401
jpam,2017,Do Higher Minimum Wages Benefit Health? Evidence From the UK,"This study examines the link between minimum wages and health outcomes by using the introduction of the National Minimum Wage (NMW) in the United Kingdom in 1999 as an exogenous variation of earned income. A test for health effects by using longitudinal data from the British Household Panel Survey for a period of ten years was conducted. It was found that the NMW significantly improved several measures of health, including self-reported health status and the presence of health conditions. When examining potential mechanisms, it was shown that changes in health behaviors, leisure expenditures, and financial stress can explain the observed improvements in health.",https://doi.org/10.1002/pam.22006,342.17117
ilr,2010,Institutional Economics and the Minimum Wage: Broadening the Theoretical and Policy Debate,"Debate among labor economists on the pros and cons of a minimum wage law has come to focus on whether labor markets are competitive or monopsonistic. Using principles and concepts of institutional economics, the author argues that this perspective on minimum wages is too narrow. In particular, he uses institutional theory to develop four theoretical rationales for minimum wage legislation: setting a floor on wages to offset imperfect competition and inequality of bargaining power; promote macroeconomic stabilization and full employment; contribute to long-term efficiency and growth; and incorporate labor market externalities and social costs of labor. One revisionist implication is that a minimum wage under plausible conditions may increase economic efficiency even in a purely competitive labor market.",https://doi.org/10.1177/001979391006300304,334.59283
ilr,2015,The Consequences of Increased Enforcement of Legal Minimum Wages in a Developing Country,"In August 2010, the Costa Rican government implemented a comprehensive program to increase compliance with legal minimum wages, the Campaña Nacional de Salarios Mínimos (National Campaign for Minimum Wages). To evaluate the impact of the Campaign, the authors use a regression discontinuity (RD) approach, which compares what happened to workers who before the Campaign had been earning below the minimum wage to those who before the Campaign had been earning above the minimum wage. They analyze a panel data set with information on workers from before the Campaign began (July 2010) and after the Campaign had been in operation for some time (July 2011). The evidence supports the conclusion that the Campaign led to an increase in compliance with minimum wage laws in Costa Rica; the mean earnings of those being paid less than the minimum wage in 2010 increased by approximately 10% more than the earnings of those being paid more than the minimum wage. The Campaign led to the largest increases in the wages of women, younger workers, and less-educated workers. The authors find no evidence that the Campaign had a negative impact on the employment of full-time workers whose wages were increased. Weak evidence suggests that the Campaign had a negative impact on the employment of part-time private-sector employees. Although increased inspections mainly targeted minimum wage violations, the authors also observe an increase in compliance with a broader set of labor standards and a positive spillover effect relative to other violations of labor laws. Specifically, the analysis provides evidence that the Campaign had a positive impact on the probability that workers receive legally mandated nonwage benefits such as Social Security (which includes pension and health insurance), overtime pay, sick leave, and paid vacations.",https://doi.org/10.1177/0019793915575703,331.81042
bjir,2010,The Effect of Minimum Wages on Labour Market Outcomes: County‐Level Estimates from the Restaurant‐and‐Bar Sector,"Abstract We use US county‐level data on employment and earnings in the restaurant‐and‐bar sector to evaluate the impact of minimum‐wage changes in low‐wage labour markets. Our estimated models are consistent with a simple competitive model in which supply‐and‐demand factors affect both the equilibrium outcome and the probability of the minimum wage being binding. Our evidence does not suggest that minimum wages reduce employment once controls for trends in county‐level sectoral employment are incorporated. Rather, employment appears to exhibit an independent downward trend in states that have increased their minimum wages relative to states that have not, thereby predisposing estimates towards reporting negative outcomes.",https://doi.org/10.1111/j.1467-8543.2010.00819.x,320.2106
jole,2017,Minimum Wages and Firm Value,"How does firm value change in response to a minimum wage hike? This paper exploits the announcement of a big change in the UK minimum wage that was both totally unanticipated and free of uncertainty. The stock market response to this is examined in an event study setting. The analysis uncovers significant falls in the stock market value of low-wage firms. In light of this finding, the paper concludes by discussing magnitudes of response, including longer-term modes of firm adjustment to the cost shock induced by the minimum wage hike.",https://doi.org/10.1086/693870,314.40085
ei,2017,DO MINIMUM WAGE INCREASES INFLUENCE WORKER HEALTH?,"This study investigates whether minimum wage increases impact worker health in the United States. We consider self‐reported measures of general, mental, and physical health. We use data on lesser‐skilled workers from the 1993 to 2014 Behavioral Risk Factor Surveillance Survey. Among men, we find no evidence that minimum wage increases improve health; instead, we find that such increases lead to worse health outcomes, particularly among unemployed men. We find both worsening general health and improved mental health following minimum wage increases among women. These findings broaden our understanding of the full impacts of minimum wage increases on lesser‐skill workers. ( JEL I1, I11, I18)",https://doi.org/10.1111/ecin.12453,306.94702
ilr,2017,Reply to “Credible Research Designs for Minimum Wage Studies”,"The authors make three points in this reply to the article by Allegretto, Dube, Reich, and Zipperer (ADRZ 2017). First, ADRZ shed no new light on the sensitivity of estimated minimum wage employment effects to the treatment of trends in state-level panel data, and they make some arguments in this context that are misleading or simply wrong. Second, the key issue ADRZ emphasize—using “close controls” to account for shocks that are correlated with minimum wage changes—does not generate large differences in findings, and ADRZ do not address evidence from Neumark, Salas, and Wascher (NSW 2014a) that questions the validity of the close controls used in Allegretto, Dube, and Reich’s (ADR 2011) and Dube, Lester, and Reich’s (DLR 2010) work. Third, ADRZ ignore or dismiss a growing number of studies that address in various ways the same issue of potential correlations between minimum wages and shocks to low-skill labor markets that ADRZ argue generate spurious evidence of disemployment effects, yet often find rather large negative effects of minimum wages on low-skilled employment.",https://doi.org/10.1177/0019793917698429,303.56155
ilr,2012,Are the Effects of Minimum Wage Increases Always Small? New Evidence from a Case Study of New York State,"The authors estimate the effect of the 2004–6 New York State (NYS) minimum wage increase from $5.15 to $6.75 per hour on the employment rates of 16- to 29-year-olds who do not have a high school diploma. Using data drawn from the 2004 and 2006 Current Population Survey, they employ difference-in-difference estimates to show that the NYS minimum wage increase is associated with a 20.2% to 21.8% reduction in the employment of less-skilled, less-educated workers, with the largest effects on those aged 16 to 24. Their estimates imply a median employment elasticity with respect to the minimum wage of around −0.7, large relative to previous researchers' estimates. The authors' findings are robust to their choice of geographically proximate comparison states, the use of a more highly skilled within-state comparison group, and a synthetic control design approach. Moreover, their results provide plausible evidence that state minimum wage increases can have substantial adverse labor demand effects for low-skilled individuals that are outside previous elasticity estimates, ranging from −0.1 to −0.3.",https://doi.org/10.1177/001979391206500207,303.5387
jeea,2011,CIVIL SOCIETY AND THE STATE: THE INTERPLAY BETWEEN COOPERATION AND MINIMUM WAGE REGULATION,"Journal Article Civil Society and the State: The Interplay between Cooperation and Minimum Wage Regulation Get access Philippe Aghion, Philippe Aghion 1Harvard University Search for other works by this author on: Oxford Academic Google Scholar Yann Algan, Yann Algan 2Sciences Po Search for other works by this author on: Oxford Academic Google Scholar Pierre Cahuc Pierre Cahuc 3Ecole Polytechnique Search for other works by this author on: Oxford Academic Google Scholar Journal of the European Economic Association, Volume 9, Issue 1, 1 February 2011, Pages 3–42, https://doi.org/10.1111/j.1542-4774.2010.01004.x Published: 01 February 2011",https://doi.org/10.1111/j.1542-4774.2010.01004.x,302.59726
jole,2012,"Minimum Wage Effects on Employment, Substitution, and the Teenage Labor Supply: Evidence from Personnel Data","Using personnel data from a large US retail firm, I examine the firm’s response to the 1996 federal minimum wage increase. Compulsory increases in average wages had negative but statistically insignificant effects on overall employment. However, increases in the relative wages of teenagers led to significant increases in the relative employment of teenagers, especially younger and more affluent teenagers. Further analysis suggests a pattern consistent with noncompetitive models. Where the legislation affected mainly the wages of teenagers and so was only moderately binding, it led both to higher teenage labor market participation and to higher absolute employment of teenagers.",https://doi.org/10.1086/666921,295.60956
aer,2016,The Distributional and Efficiency Effects of Increasing the Minimum Wage: A Simulation,"The generally accepted goal of minimum wage laws is to alter the distribution of income in favor of low-income households. However, since a minimum wage will also disrupt low-wage labor markets, causing inefficiencies and imposing costs on some of the same workers the law is intended to help, an evaluation of the policy requires a weighing of the distributional benefits against the efficiency costs. Quantification of these benefits and costs is clearly important to this evaluation. While much effort has been devoted to estimating the employment effects of minimum wage laws, relatively little work has been done to estimate the distributional benefits. Our simulations focus on this efficiency-equity tradeoff by developing estimates of the impact of an increase in the minimum wage on the level and distribution of real income across households. Previous work has concluded that minimum wages are not as beneficial in their distributional impact as generally supposed.'",NA,291.2541
oep,2012,"Wage inequality, minimum wage effects, and spillovers","This paper investigates possible spillover effects of the UK minimum wage. The halt in the growth in inequality in the lower half of the wage distribution (as measured by the 50:10 percentile ratio) since the mid-1990s, in contrast to the continued inequality growth in the upper half of the distribution, suggests the possibility of a minimum wage effect and spillover effects on wages above the minimum. This paper analyses individual wage changes, using both a difference-in-differences estimator and a specification involving comparisons across minimum wage upratings, and concludes that there have not been minimum wage spillovers. Since the UK minimum wage has always been below the 10 th percentile, this lack of spillovers implies that minimum wage changes have not had an effect on the 50:10 percentile ratio measure of inequality in the lower half of the wage distribution.",https://doi.org/10.1093/oep/gps003,282.79126
ir,2015,Who Is Affected by the Minimum Wage?,"Prior surveys of empirical research on the minimum wage have been organized around the question “What does the minimum wage affect?” This survey is organized around the question “Who is affected by the minimum wage?” We review the consequences of the minimum wage for teens and young workers, men and women, African Americans and Hispanics, the less educated, workers in low‐wage industries, and low‐wage/low‐income populations. Although there is almost universal agreement that the minimum wage boosts earnings, evidence for a negative employment effect varies between mixed and nonexistent. An important gap in the literature is the paucity of research on low‐wage/low‐income groups.",https://doi.org/10.1111/irel.12107,282.4397
le,2016,Raising the standard: Minimum wages and firm productivity,NA,https://doi.org/10.1016/j.labeco.2016.11.010,270.04718
le,2018,People versus machines: The impact of minimum wages on automatable jobs,NA,https://doi.org/10.1016/j.labeco.2018.03.006,264.6283
jpub,2012,Optimal minimum wage policy in competitive labor markets,NA,https://doi.org/10.1016/j.jpubeco.2012.06.001,262.68613
ilr,2012,"Minimum Wages, Labor Market Institutions, and Female Employment: A Cross-Country Analysis","The authors investigate the employment consequences of minimum wage regulation for women in 16 OECD countries during 1970 to 2008. The treatment follows that of Neumark and Wascher's (2004) cross-country study using panel methods to estimate minimum wage effects among teenagers and young adults, although they focus on prime-age females—a group often neglected in the minimum wage literature. Moreover, their analysis covers a longer time interval and deploys time-varying policy and institutional regressors. They report average effects consistent with minimum wages causing material employment losses among the target group and, less conclusively, elevated joblessness as well. Their cross-country findings agree with Neumark and Wascher on the role of some individual labor market institutions and policies, but the authors do not observe the same patterns in the institutional data: specifically, prime-age females do not exhibit stronger employment losses in countries with the least regulated markets.",https://doi.org/10.1177/001979391206500402,260.87564
bjir,2013,Minimum Wages and Collective Bargaining: What Types of Pay Bargaining Can Foster Positive Pay Equity Outcomes?,"Abstract Using data from interviews and collective agreements in five E uropean countries, this article analyses the relationship between collective bargaining and the minimum wage. In a context of changing minimum wage policy and competing government objectives, the findings illuminate how pay bargaining strategies of trade unions and employers shape the pay equity effects of minimum wage policy. Two general forms are identified: direct responses to a changing national minimum wage, and responses to the absence or weakness of a national minimum wage. The article explains how particular intersections of minimum wage policy and collective bargaining, together with country and sector contingencies, shape the form of pay bargaining and pay equity outcomes.",https://doi.org/10.1111/bjir.12021,260.42676
bjir,2013,Does the <scp>UK</scp> Minimum Wage Reduce Employment? A Meta‐Regression Analysis,"Abstract The employment effect from raising the minimum wage has long been studied but remains in dispute. Our meta‐analysis of 236 estimated minimum wage elasticities and 710 partial correlation coefficients from 16 UK studies finds no overall practically significant adverse employment effect. Unlike US studies, there seems to be little, if any, overall reporting bias. Multivariate meta‐regression analysis identifies several research dimensions that are associated with differential employment effects. In particular, the residential home care industry may exhibit a genuinely adverse employment effect.",https://doi.org/10.1111/bjir.12031,256.5728
ei,2017,THE EFFECT OF MINIMUM WAGES ON EMPLOYMENT: A FACTOR MODEL APPROACH,"This paper uses factor model methods to resolve issues in the minimum wage‐employment debate. Factor model methods provide a more flexible way of addressing concerns related to unobserved heterogeneity that are robust to critiques from either side of the debate. The factor model estimators produce minimum wage‐employment elasticity estimates that are much smaller than the traditional ordinary least squares ( OLS ) results and are not statistically different from zero. These results hold for many specifications and datasets from the minimum wage‐employment literature. A simulation shows that unobserved common factors can explain the different estimates seen across methodologies in the literature. ( JEL C23, J21, K31)",https://doi.org/10.1111/ecin.12472,248.6734
labour,2017,Do minimum wages increase job satisfaction? Micro‐data evidence from the new German minimum wage,"Abstract On January 1, 2015, a new statutory minimum wage of € 8.50 per hour of work was introduced in Germany. Using a difference‐in‐differences approach, we estimate effects on worker‐level outcomes of continuing employees. The results reveal a meaningful absolute increase in the affected workers' pay satisfaction. The increase in job satisfaction is modest and predominantly driven by changes in pay satisfaction implying only a small effect on all other dimensions of job satisfaction. Moreover, effects from the minimum wage on work engagement and turnover intention are virtually zero.",https://doi.org/10.1111/labr.12117,242.5294
ir,2011,"Minimum Wages, Employer-Provided Health Insurance, and the Non-discrimination Law","This article exploits cross-state variation in minimum wages to investigate the impact of minimum wage changes on employer-provided health insurance. In contrast to the existing empirical literature, this article considers an environment where some firms are constrained by non-discrimination laws that govern the provision of health insurance. For these firms, minimum wage changes do not reduce the probability that workers will receive employer-provided health insurance. For firms not covered by the non-discrimination law, and free to tailor their fringe benefits, low-skilled workers experience a disproportionate reduction in the availability and generosity of health insurance after a minimum wage increase.",https://doi.org/10.1111/j.1468-232x.2011.00635.x,233.78615
obes,2011,"Employment, Inequality and the UK National Minimum Wage over the Medium‐Term<sup>*</sup>","Abstract We assess the impact of the national minimum wage (NMW) on employment and inequality in the UK over the decade since its introduction. We evaluate its effects in each year, using an incremental differences‐in‐differences (IDiD) estimator. Identification is based on variation in the bite of the NMW across local labour markets and the different sized year on year up‐ratings. We find that an increased bite of the NMW is associated with falls in lower tail wage inequality. While the average employment effect over the entire period is broadly neutral, there are small but significant positive NMW effects from 2003 onwards.",https://doi.org/10.1111/j.1468-0084.2011.00653.x,233.51208
le,2012,Setting the minimum wage,NA,https://doi.org/10.1016/j.labeco.2012.01.001,231.42206
jole,2015,The Minimum Wage and Inequality: The Effects of Education and Technology,"In the past 30 years, wage inequality has increased steeply while real minimum wages have fallen. This paper demonstrates that a general equilibrium model with endogenous skill choice is required to correctly evaluate the implications of minimum wage changes. The minimum wage not only truncates the wage distribution but also affects skill prices and therefore changes the incentives that people face when making educational decisions. The calibrated model suggests—in line with recent empirical literature—that even though minimum wages affect the bottom end of the wage distribution more, their impact on the top end is significant as well.",https://doi.org/10.1086/682346,230.02858
restat,2012,"Wage Rigidity, Collective Bargaining, and the Minimum Wage: Evidence from French Agreement Data","Abstract Using data sets on wage agreements at both industry and firm levels in France, we document stylized facts on wage stickiness. The average duration of wages is a little less than one year, and 10% of wages are modified each month by a wage agreement. The frequency of wage change agreements is staggered over the year, but the frequency of effective wage changes is seasonal. The national minimum wage has a significant impact on the probability and the seasonality of wage changes. Negotiated wage increases are correlated with inflation, minimum wage increases, and firm profitability.",https://doi.org/10.1162/rest_a_00329,228.02486
jbes,2010,The Distributional Impacts of Minimum Wage Increases When Both Labor Supply and Labor Demand Are Endogenous,"We develop and estimate a one-shot search model with endogenous firm entry, and therefore zero expected profits, and endogenous labor supply. Positive employment effects from a minimum wage increase can result as the employment level depends upon both the numbers of searching firms and workers. Welfare implications are similar to the classical analysis: workers who most want the minimum wage jobs are hurt by the minimum wage hike with workers marginally interested in minimum wage jobs benefiting. We estimate the model using CPS data on teenagers and show that small changes in the employment level are masking large changes in labor supply and demand. Teenagers from well-educated families see increases in their employment probabilities and push out their less-privileged counterparts from the labor market. This article has supplementary material online.",https://doi.org/10.1198/jbes.2010.07076,227.04088
labour,2015,Impact of the Minimum Wage on Youth Labor Markets,"Abstract We study the effect of the minimum wage on labor market outcomes for young workers using US county‐level panel data from the first quarter of 2000 to the first quarter of 2009. We go beyond the usual estimates of earnings and employment effects to consider how differences across states in the minimum wage affect worker turnover via separations and accessions and job turnover through new job creation and job losses. We find that a higher minimum wage level is associated with higher earnings, lower employment and reduced worker turnover for those in the 14–18 age group. For workers aged 19–21 and 22–24, we find less consistent evidence of minimum wage effects on earnings and employment. But, even for these age groups, a higher minimum wage is found to reduce accessions, separations and the turnover rate.",https://doi.org/10.1111/labr.12071,223.78146
ir,2015,The Effects of Minimum Wages on Food Stamp Enrollment and Expenditures,"We provide the first causal analysis of how minimum wages affects enrollments and expenditures in the Supplemental Nutrition Assistance Program ( SNAP ). Exploiting state‐ and federal‐level variation in minimum‐wage policy between 1990 and 2012, and incorporating local controls in our specifications, we find that a 10 percent minimum wage increase reduces SNAP enrollment between 2.4 and 3.2 percent, and reduces program expenditures an estimated 1.9 percent. If the federal minimum wage were increased from $7.25 to $10.10, enrollment would fall between 7.5 and 8.7 percent (3.1 to 3.6 million persons) relative to 2012 levels, and annual expenditures would decrease 6 percent ($4.6 billion).",https://doi.org/10.1111/irel.12110,223.41989
le,2017,Minimum wage effects on firm-provided and worker-initiated training,"This study examined the effects of minimum wages on formal and informal firm-provided training and worker-initiated training in Japan. Economic theory predicts that a minimum wage increase will adversely affect firm-provided training, and while we found that this effect was indeed observed on formal training, with a 1% increase in the minimum wage causing a 2.8% decline in the formal training of workers affected by minimum wage increases, no statistically significant decrease occurred with informal training. Further, although workers can potentially increase their self-learning activities to compensate for any decrease in skill development opportunities in the workplace, we found that an increase in the minimum wage did not increase worker-initiated training. Therefore, the overall effect of an increase in the minimum wage was a decrease in skill development among those workers affected by minimum wages.",https://doi.org/10.1016/j.labeco.2017.05.011,221.76682
izajl,2015,On the robustness of minimum wage effects: geographically-disparate trends and job growth equations,"Abstract Recent attempts to incorporate spatial heterogeneity in minimum-wage employment models have been targeted for using overly simplistic trend controls and for neglecting the potential impact of wage minima on employment growth. This paper investigates whether such considerations call into question findings of statistically insignificant employment effects reported in the literature for an archetypal low-wage sector in the United States: restaurants and bars. Understanding this relationship goes to the heart of the policy debate surrounding minimum wages and, hence, is critical to investigate carefully. Our results conclude that a focus on employment levels is appropriate for this sector and, further, that the deployment of nonlinear trend controls does not dislodge prior research which finds weak support for the existence of adverse minimum-wage employment effects on employment. JEL Classification: J23, J38",https://doi.org/10.1186/s40172-015-0039-z,220.0669
eer,2013,Minimum wages and youth unemployment,NA,https://doi.org/10.1016/j.euroecorev.2013.08.004,219.20857
ir,2015,Explaining the Small Employment Effects of the Minimum Wage in the United States,"This paper reviews the most recent wave of research—roughly since 2000—on the employment effects of the U.S. minimum wage and concludes that the weight of evidence points to little or no employment response to modest increases. The paper then examines eleven possible adjustments to minimum‐wage increases that may explain why the measured employment effects are consistently small. Given the relatively low cost to employers of modest increases in the minimum wage, these adjustment mechanisms appear to be sufficient to avoid employment losses, even for employers with a large share of low‐wage workers.",https://doi.org/10.1111/irel.12106,218.34724
ilr,2017,Are Local Minimum Wages Absorbed by Price Increases? Estimates from Internet-Based Restaurant Menus,"The authors analyze 884 Internet-based restaurant menus from inside and outside San Jose, California, which they collected before and after the city implemented a 25% minimum wage increase in 2013. Their findings suggest that nearly all of the cost increase was passed through to consumers, as prices rose 1.45% on average. Minimum wage price elasticities averaged 0.058 for all restaurants and ranged from 0.044 to 0.109, depending on the type of restaurant. The authors’ estimate of payroll cost increases net of turnover savings is consistent with these findings. Equally important, border effects for restaurants are smaller than is often conjectured. Price differences among restaurants that are one-half mile from either side of the policy border are not competed away, indicating that restaurant demand is spatially inelastic. These results imply that citywide minimum wage policies need not result in substantive negative employment effects nor shifts of economic activity to nearby areas.",https://doi.org/10.1177/0019793917713735,217.59785
le,2013,Minimum wage increases in a recessionary environment,NA,https://doi.org/10.1016/j.labeco.2013.02.004,213.73528
sej,2013,The Effect of the Tipped Minimum Wage on Employees in the U.S. Restaurant Industry,"According to federal law in 2013, employers can take a credit of up to $5.12 for tips received by workers in satisfying the minimum‐wage requirement of $7.25. This article uses interstate variation in laws regarding tip credits and minimum wages to identify the effects of reducing or eliminating the tip credit on employment, hours, and earnings in the U.S. restaurant industry. Using data from the Quarterly Census of Employment and Wages and the Current Population Survey, we find that a reduction in the tip credit increases weekly earnings but reduces employment in the full‐service restaurant industry and for tipped workers. The results are robust to controls for spatial heterogeneity in employment trends and are supported by a series of falsification tests.",https://doi.org/10.4284/0038-4038-2012.283,212.96559
ilr,2014,Is the Minimum Wage a Pull Factor for Immigrants?,"In this article, the author studies the effects of the minimum wage on immigration. He develops an analytical framework in which immigration is a function of the expected wage in the region of destination. In the analysis, the author exploits the state variation in expected wages stemming from the changes in the U.S. federal minimum wage during 1996–1997 and 2007–2009. The author addresses endogeneity between immigration and the expected wage using an instrumental variable approach. His results provide consistent evidence that the policy induced a sizeable flow of low-skilled immigrants to the United States in both periods. This pull is attributable to the minimum wage increasing immigrants' wages without harming their potential employment outcomes. The author corroborates these findings by showing that the policy did not have any impact on the flow of high-skilled immigrants. The effect on low-skilled immigration is also found when the interstate mobility of immigrants is considered. Finally, changes in the minimum wage only attracted legal immigrants, while undocumented immigrants were not affected.",https://doi.org/10.1177/00197939140670s308,204.85895
jae,2017,Estimating the effects of the minimum wage in a developing country: A density discontinuity design approach,"Summary This paper proposes a framework to identify the effects of the minimum wage on the joint distribution of sector and wage in a developing country. I show how the discontinuity of the wage distribution around the minimum wage identifies the extent of noncompliance with the minimum wage policy, and how the conditional probability of sector given wage recovers the relationship between latent sector and wages. I apply the method in the “PNAD,” a nationwide representative Brazilian cross‐sectional dataset for the years 2001–2009. The results indicate that the size of the informal sector is increased by around 39% compared to what would prevail in the absence of the minimum wage, an effect attributable to (i) unemployment effects of the minimum wage on the formal sector and (ii) movements of workers from the formal to the informal sector as a response to the policy.",https://doi.org/10.1002/jae.2586,201.9636
le,2018,The short-run employment effects of the German minimum wage reform,NA,https://doi.org/10.1016/j.labeco.2018.07.002,194.27573
bjir,2014,Sharp Teeth or Empty Mouths? <scp>E</scp>uropean Institutional Diversity and the Sector‐Level Minimum Wage Bite,"Abstract The article explores the link between different institutional features of minimum wage systems and the minimum wage bite. We notably address the striking absence of studies on sectoral‐level minima and exploit unique data covering 17 E uropean countries and information from more than 1,100 collective bargaining agreements. Results provide evidence for a neglected trade‐off: systems with bargained sectoral‐level minima are associated with higher K aitz indices than systems with statutory floors, but also with more individuals actually paid below prevailing minima. Higher collective bargaining coverage can, to some extent, reduce this trade‐off between sharp teeth (high wage floors) and empty mouths (non‐compliance/non‐coverage).",https://doi.org/10.1111/bjir.12104,194.13211
ilr,2017,Do Minimum Wages Lead to Job Losses? Evidence from OECD Countries on Low-Skilled and Youth Employment,"The author investigates effects of minimum wage rates on low-skilled, female low-skilled, and youth employment. The sample consists of 19 Organisation for Economic Co-operation and Development (OECD) countries from 1997 to 2013 for low-skilled workers and from 1983 to 2013 for young workers. Six different static or dynamic estimation approaches are applied on different versions of the specifications, controlling for up to quadratic time trends. The author further investigates the effects over the long run and over the business cycle as well as the effects of high minimum wages and of institutional complementarities. The findings provide little evidence of substantial disemployment effects for low-skilled, female low-skilled, or young workers. The estimated employment elasticities are small and statistically indistinguishable from zero. The author then considers why his results on youth employment differ from those of Neumark and Wascher (2004), showing that they overstate precision and that small changes in their specifications lead to minimum wage effects close to zero.",https://doi.org/10.1177/0019793917741259,193.10216
aeja,2014,Distortions in the International Migrant Labor Market: Evidence from Filipino Migration and Wage Responses to Destination Country Economic Shocks,"We use an original panel dataset of migrant departures from the Philippines to identify the responsiveness of migrant numbers and wages to GDP shocks in destination countries. We find a large, significant response of migrant numbers to GDP shocks at destination, but no significant wage response. This is consistent with binding minimum wages for migrant labor. This result implies that labor market imperfections that make international migration attractive also make migrant flows more sensitive to global business cycles. Difference-in-differences analysis of a minimum wage change for maids confirms that minimum wages bind and demand is price sensitive without these distortions. (JEL F22, J31, J38, J61, O15)",https://doi.org/10.1257/app.6.2.49,192.1842
le,2011,"The impact of minimum wages on wages, work and poverty in Nicaragua",NA,https://doi.org/10.1016/j.labeco.2011.06.010,191.80551
labour,2013,A Note on Measuring the Depth of Minimum Wage Violation,"Abstract In the empirical literature on minimum wage enforcement, the standard approach is to measure the number of violations, not their depth. In this paper we present a family of violation indices that, by analogy with poverty indices, can emphasize the depth of violation to different degrees. The standard measure is a special case of this family of indices, but other members of the family highlight the depth of violation. We present an application to S outh A frica to show that the depth of violation matters, and is not captured by the standard measure in actual situations.",https://doi.org/10.1111/labr.12010,189.18025
jpub,2011,Minimum wage and tax evasion: Theory and evidence,NA,https://doi.org/10.1016/j.jpubeco.2011.04.005,188.74748
el,2018,The regional effects of Germany’s national minimum wage,NA,https://doi.org/10.1016/j.econlet.2018.08.032,184.9658
izajl,2017,Training and minimum wages: first evidence from the introduction of the minimum wage in Germany,"Abstract We analyze the short-run impact of the introduction of the new statutory minimum wage in Germany on further training at the workplace level. Applying difference-in-difference methods to data from the IAB Establishment Panel, we do not find a reduction in the training incidence but a slight reduction in the intensity of training at treated establishments. Effect heterogeneities reveal that the negative impact is mostly driven by employer-financed training. On the worker level, we observe a reduction of training for medium- and high-skilled employees but no significant effects on the training of low-skilled employees.",https://doi.org/10.1186/s40172-017-0058-z,179.4002
restat,2018,Are Minimum Wages a Silent Killer? New Evidence on Drunk Driving Fatalities,"Abstract In volume 94 of this REVIEW, Adams, Blackburn, and Cotti (ABC), using Fatal Accident Reporting System data from 1998 to 2006, find that a 10% increase in the minimum wage is associated with a 7% to 11% increase in alcohol-related fatal traffic accidents involving teen drivers. We find this result does not hold when the analysis period is expanded to include 1991 through 2013. In addition, auxiliary analyses provide no support for income-driven increases in alcohol consumption, the primary mechanism posited by ABC. Together, our results suggest that minimum wage increases are not a silent killer.",https://doi.org/10.1162/rest_a_00761,177.89127
ir,2014,The Impact of Living‐Wage Ordinances on Urban Crime,"We examine the impact of living wages on crime. Past research has found that living wages appear to increase unemployment while providing greater returns to market work. The impact on crime, therefore, is unclear. Using data on annual crime rates for large cities in the United States, we find that living‐wage ordinances are associated with notable reductions in property‐related crime and no discernable impact on nonproperty crimes.",https://doi.org/10.1111/irel.12065,175.92578
aer,2016,Federal Minimum Wage Laws and the Employment of Minority Youth,"Numerous studies have emerged over the past decade dealing with the employment effects of minimum wage legislation (for example, see Jacob Mincer and Edward Gramlich). These studies uniformly show that some amount of disemployment results from the imposition of a minimum wage above a wage that would prevail in the absence of such legislation; though there is considerable dispute concerning the magnitude of the effect. In addition, most if not all of the recent studies indicate a greater employment sensitivity to changes in the minimum wage on the part of teenagers, nonwhites, and the low-skilled, generally, than is true for other groups. Job losses due to higher minimum wages may contribute to high unemployment rates among youth in general, and minority youth in particular. This paper presents no direct evidence on the impact of the minimum wage on teenage unemployment. Its results do suggest, however, that previous studies of the impact of the minimum wage on employment loss were probably biased towards overstatement of the effect of the minimum wage. In the case of nonwhite teenagers, the results presented here indicate that over the period 1954 to 1979, cyclical factors affected nonwhite teenage employment to a far greater extent than did changes in the minimum wage.",NA,175.32372
ilr,2016,Who Benefits from a Minimum Wage Increase?,"The authors address the question of how a minimum wage increase affects the wages of low-wage workers relative to the wage the worker would have if there had been no minimum wage increase. The authors’ method allows for the effect to depend not only on the initial wage of the worker but also nonlinearly on the size of the minimum wage increase. Results indicate that low-wage workers who experience a small increase in the minimum wage tend to have lower wage growth than if there had been no minimum wage increase. A large increase to the minimum wage not only increases the wages of those workers who previously earned less than the new minimum wage but also spills over to workers with moderately higher wages. Finally, the authors find little evidence of heterogeneity in the effect by age, gender, income, and race.",https://doi.org/10.1177/0019793916653595,170.48268
le,2010,"Teen employment, poverty, and the minimum wage: Evidence from Canada",NA,https://doi.org/10.1016/j.labeco.2010.06.003,162.03564
obes,2012,Efficiency Wages and the Economic Effects of the Minimum Wage: Evidence from a Low‐Wage Labour Market*,"Abstract This article exploits a natural experiment provided by the 1999 introduction of the UK National Minimum Wage (NMW) to test for efficiency wage considerations in a low‐wage sector, the UK residential care homes industry. The empirical results provide support to the wage‐supervision trade‐off prediction of the shirking model and suggest that the NMW may have operated as an efficiency wage in the care homes sector, leading to a reduction in supervision costs. These findings can explain earlier evidence suggesting that although the NMW introduction increased wages dramatically in the care homes sector, it generated only moderate negative employment effects.",https://doi.org/10.1111/j.1468-0084.2012.00713.x,159.50403
economica,2015,A Re‐examination of the Impact of the <scp>UK</scp> National Minimum Wage on Employment,"Early work on the national minimum wage ( NMW ) suggested that policymakers in the UK had succeeded in raising the pay of low‐paid workers without impairing their employment prospects. This paper shows that when we focus on the most vulnerable workers, part‐time females, the NMW appears to be associated with reductions in employment retention. These negative impacts were evident when the NMW was introduced and also when it was increased faster than average wages in the mid‐2000s. We also show that these falls in employment among part‐time females are exacerbated by the recession.",https://doi.org/10.1111/ecca.12158,154.69514
labour,2016,Dynamic Effects of the Minimum Wage on Informality in Colombia,"Abstract Informality is a common phenomenon in developing countries and is not uncommon in industrialized societies. Although persistent aggregate rates of informal employment for a certain period of time may be indicative of low rates of employment status change among individuals, more intensive studies regarding persistent individual informal employment are needed. We used a reduced‐form dynamic pseudo panel data model approach that accounted for unobserved heterogeneity and initial conditions to present empirical evidence of the extent of persistent informality in a developing country, where education is the primary force of mitigating permanent informality. Using data from Colombia, we also provide results on the complex effect of minimum wage levels on informality. An increase in the minimum wage resulted in increased informality and increased the persistence of informality. Our results may be a basis with which to discuss the persistence of informality in other developing countries.",https://doi.org/10.1111/labr.12087,153.15916000000001
le,2015,Identifying the employment effect of invoking and changing the minimum wage: A spatial analysis of the UK.,NA,https://doi.org/10.1016/j.labeco.2015.09.002,151.4465
jae,2010,Job and wage mobility with minimum wages and imperfect compliance,"Abstract We propose a job search model with minimum wage regulations and imperfect compliance to explain the doubling of the mean and variance of hourly earnings of white males during the first 18 years of labor market experience. The model encompasses job mobility and on‐the‐job wage growth as sources of wage dynamics, and is estimated by simulated generalized method of moments using data from the National Longitudinal Survey of Youths 1979. Our estimates provide a good fit for the observed levels and trends of the main job and wage mobility data, and for the increase in the mean and variance of wages over the life cycle, as well as for the fall in the fraction of workers paid below the minimum wage. Job mobility explains 40–50% of the observed wage growth. Increases in the minimum wage and/or compliance deliver small effects on the wage distribution and the nonemployment rate. Copyright © 2010 John Wiley &amp; Sons, Ltd.",https://doi.org/10.1002/jae.1142,151.3832
labour,2014,Minimum Wages as a Barrier to Entry: Evidence from <scp>G</scp>ermany,"Abstract This study analyses employers' support for the introduction of industry‐specific minimum wages as a cost‐raising strategy in order to deter market entry. Using a unique data set consisting of 800 firms in the G erman service sector, we show that high‐productivity employers support minimum wages. We further find some evidence that minimum wage support is higher in industries and regions with low barriers to entry. This is particularly the case in E ast G ermany, where the perceived threat of low‐wage competition from C entral and E astern E uropean countries is relatively high. In addition, firms paying collectively agreed wages are more strongly in favour of minimum wages.",https://doi.org/10.1111/labr.12034,150.35887
ilr,2012,The Effects of Social Security Taxes and Minimum Wages on Employment: Evidence from Turkey,"Using worker-level panel data for the period from 2002 to 2005, the author analyzes the separate employment effects of increases in the social security taxes paid by employers and increases in the minimum wage in Turkey. Variation over time among low-wage workers in the ratio of total labor costs to the gross wage gives rise to a natural experiment. The author's regression estimates indicate that a given increase in social security taxes has a larger negative effect on the probability of a worker remaining employed in the next quarter than an equal size increase in the minimum wage. This result is incompatible with the textbook model of labor supply and demand, and it suggests that workers may increase effort in response to an increase in wages. The author's comparison of the employment responses of workers in different demographic groups provides some indirect evidence that the central finding is consistent with this explanation.",https://doi.org/10.1177/001979391206500309,143.75461
el,2018,The heterogeneous effects of the minimum wage on employment across states,NA,https://doi.org/10.1016/j.econlet.2018.11.002,139.5003
bjir,2010,Minimum Wages and Employment: Reconsidering the Use of a Time Series Approach as an Evaluation Tool,"Abstract The time series approach used in the minimum wage literature essentially aims to estimate a treatment effect of increasing the minimum wage. In this article, we employ a novel approach based on aggregate time series data that allows us to determine if minimum wage changes have significant effects on employment. This involves the use of tests for structural breaks as a device for identifying discontinuities in the data, which potentially represent treatment effects. In an application based on Australian data, the tentative conclusion is that the introduction of minimum wage legislation in Australia in 1997 and subsequent minimum wage increases appear not to have had any significant negative employment effects for teenagers.",https://doi.org/10.1111/j.1467-8543.2010.00799.x,136.41231
ilr,2015,"Are the Effects of Minimum Wage Increases Always Small? A Reanalysis of Sabia, Burkhauser, and Hansen","In a 2012 article, Sabia, Burkhauser, and Hansen reported very large negative effects of the 2004 to 2006 increase in the New York State minimum wage on the employment of young, less-educated workers. Hoffman reexamines their estimates using data from the full Current Population Survey (CPS), rather than the smaller CPS-MORG files they used, and finds no evidence of a negative employment impact. The full CPS, which is the source of U.S. official labor market statistics, is certainly the more appropriate and reliable data source. Furthermore, when Hoffman repeats the analysis using three states and the District of Columbia, which also had a substantial increase in the state minimum wage in the same time period, he finds evidence of a small positive employment effect. Together, the two findings are consistent with other, more recent research that reports very weak or zero employment effects of the minimum wage.",https://doi.org/10.1177/0019793915610558,134.64949
ir,2010,The Impact of Minimum Wages on Unemployment Duration: Estimating the Effects Using the Displaced Worker Survey,"This paper examines the impact of minimum wages on unemployment duration. Our estimates suggest that higher minimum wages are associated with shorter unemployment duration for older males and those with at least a high school diploma, but longer unemployment spells for male high school dropouts and females who are older and in lower-skilled occupations. The results are consistent with other studies in generating concerns about the distributional impact of minimum wages.",https://doi.org/10.1111/j.1468-232x.2010.00625.x,131.6942
jlr,2014,The Effects of Minimum Wages over the Business Cycle,NA,https://doi.org/10.1007/s12122-014-9180-x,131.30841
ir,2015,Tipped Wage Effects on Earnings and Employment in Full‐Service Restaurants,"We exploit more than 20 years of changes in state‐level tipped wage policy and estimate earnings and employment effects of the tipped wage using county‐level panel data on full‐service restaurants ( FSR ). We extend earlier work by Dube, Lester, and Reich ( ) and compare outcomes between contiguous counties that straddle a state border. We find a 10‐percent increase in the tipped wage increases earnings in FSR s about 0.4 percent. Employment elasticities are sensitive to the inclusion of controls for unobserved spatial heterogeneity. In our preferred models, we find small, insignificant effects of the tipped wage on FSR employment.",https://doi.org/10.1111/irel.12108,126.71766
economica,2014,A Pareto‐improving Minimum Wage,"This paper shows that a graduated minimum wage, in contrast to a constant minimum wage, can provide a strict Pareto improvement over what can be achieved with an optimal income tax. The reason is that a graduated minimum wage requires high‐productivity workers to work more to earn the same income as low‐productivity workers, which makes it more difficult for the former to mimic the latter. In effect, a graduated minimum wage allows the low‐productivity workers to benefit from second‐degree price discrimination, which increases their income.",https://doi.org/10.1111/ecca.12119,125.70417
le,2010,The ambiguous effect of minimum wages on hours,NA,https://doi.org/10.1016/j.labeco.2010.09.004,123.64976
jpam,2014,MINIMUM WAGES: AN ANTIQUATED AND INEFFECTIVE ANTIPOVERTY TOOL,NA,https://doi.org/10.1002/pam.21796,122.452065
cje,2013,"Teen families, welfare transfers, and the minimum wage: evidence from Canada","Abstract This study evaluates the impacts of welfare transfers and the minimum wage on teen family formation by pooling provincial data from Canada between 1990 and 2005. OLS estimates suggest that welfare transfers have had limited impact on teen births. On the other hand, a 10% increase in the minimum wage is significantly correlated with a 3%–5% rise in teen birth rates. This finding is explained by further regressions, which reveal that an increase in the minimum wage is significantly associated with (1) higher earnings among male teens, (2) an increase in teen marriage rates, and (3) an increase in fertility among married teens but not among unmarried females. Finally, estimates based on the 2003 and 2005 waves of the Canadian Community Health Surveys demonstrate that married teens are more likely to engage in sex as well as unprotected intercourse in comparison with single teens.",https://doi.org/10.1111/caje.12004,116.34725
qje,2013,“Last-Place Aversion”: Evidence and Redistributive Implications *,"Abstract We present evidence from laboratory experiments showing that individuals are “last-place averse.” Participants choose gambles with the potential to move them out of last place that they reject when randomly placed in other parts of the distribution. In modified dictator games, participants randomly placed in second-to-last place are the most likely to give money to the person one rank above them instead of the person one rank below. Last-place aversion suggests that low-income individuals might oppose redistribution because it could differentially help the group just beneath them. Using survey data, we show that individuals making just above the minimum wage are the most likely to oppose its increase. Similarly, in the General Social Survey, those above poverty but below median income support redistribution significantly less than their background characteristics would predict.",https://doi.org/10.1093/qje/qjt035,115.76783
le,2013,"Minimum wage in a deflationary economy: The Japanese experience, 1994–2003",NA,https://doi.org/10.1016/j.labeco.2013.09.005,114.25588
jhr,2018,Does Employment Respond Differently to Minimum Wage Increases in the Presence of Inflation Indexing?,Peter Brummund and Michael R. Strain Peter Brummund is an associate professor of economics at the University of Alabama (peter.brummund{at}ua.edu). Michael R. Strain is a resident scholar at the American Enterprise Institute (AEI) (michael.strain{at}aei.org).,https://doi.org/10.3368/jhr.55.2.1216.8404r2,112.67943
el,2010,Minimum wages and excessive effort supply,NA,https://doi.org/10.1016/j.econlet.2010.06.004,112.020096
izajl,2018,Deserving poor and the desirability of a minimum wage,"This paper provides a normative justification for the use of a minimum wage as a redistributive tool in a competitive labor market. We show that a government interested in improving the wellbeing of the deserving poor, while being less concerned with their undeserving counterparts, can use a minimum wage to enhance the efficiency of the tax-and-transfer system in attaining this goal.",https://doi.org/10.1186/s40172-018-0066-7,111.80628
el,2014,The minimum wage from a two-sided perspective,NA,https://doi.org/10.1016/j.econlet.2014.06.020,109.073265
le,2017,The effects of minimum wages on firm-financed apprenticeship training,NA,https://doi.org/10.1016/j.labeco.2017.05.002,106.08377
le,2017,"Search intensity, wage dispersion and the minimum wage",NA,https://doi.org/10.1016/j.labeco.2017.04.003,105.14787
ee,2015,Minimum wages and youth binge drinking,NA,https://doi.org/10.1007/s00181-015-0998-8,105.05947
jlr,2012,The (Non) Impact of Minimum Wages on Poverty: Regression and Simulation Evidence for Canada,NA,https://doi.org/10.1007/s12122-012-9139-8,103.1581
jce,2017,Child labor and the minimum wage: Evidence from India,NA,https://doi.org/10.1016/j.jce.2017.09.001,99.82654
eer,2017,"The macroeconomic consequences of raising the minimum wage: Capital accumulation, employment and the wage distribution",NA,https://doi.org/10.1016/j.euroecorev.2017.09.012,99.11402
el,2015,Minimum wage introduction and employment: Evidence from South Korea,NA,https://doi.org/10.1016/j.econlet.2015.12.014,96.015274
jlr,2016,Does the Minimum Wage Bite into Fast-Food Prices?,NA,https://doi.org/10.1007/s12122-016-9224-5,95.715836
ilr,2010,Enforcement and Compliance with Labor Regulations in Argentina,"The author analyzes the effect of government enforcement on compliance with labor regulations in Argentina, a country where only half of the workforce receives all the benefits to which they are legally entitled. Constructing panel data for the period 1995–2002 across provinces and using the number of labor inspectors per capita as a proxy for enforcement, he estimates the effect of enforcement on compliance with six employment and social security regulations: minimum wage, maximum hours, paid vacation time, annual extra monthly wage, workers compensation insurance, and health insurance. Because of potential simultaneity between enforcement and compliance, the author explores instrumenting enforcement by electoral years. Two-stage least squares estimates suggest enforcement increases compliance.",https://doi.org/10.1177/001979391006300409,90.60504
ir,2015,The History of Economic Thought on the Minimum Wage,NA,https://doi.org/10.1111/irel.12104,90.41926
le,2012,"The effect of the minimum wage for tipped workers on firm strategy, employees and social welfare",NA,https://doi.org/10.1016/j.labeco.2012.07.002,88.33042
jpam,2014,THE MINIMUM WAGE: A CRUCIAL LABOR STANDARD THAT IS WELL TARGETED TO LOW‐ AND MODERATE‐INCOME HOUSEHOLDS,NA,https://doi.org/10.1002/pam.21791,86.594536
jlr,2017,Minimum Wages in a Segmented Labor Market: Evidence from South Africa,NA,https://doi.org/10.1007/s12122-017-9241-z,84.65791
eer,2016,Tracing the impact of large minimum wage changes on household welfare in Indonesia,NA,https://doi.org/10.1016/j.euroecorev.2016.05.008,83.21508
ee,2013,Building the minimum wage: the distributional impact of Germany’s first sectoral minimum wage on wages and hours across different wage bargaining regimes,NA,https://doi.org/10.1007/s00181-013-0726-1,82.74934
ir,2011,The Employment Effects of Lower Minimum Wage Rates for Young Workers: Canadian Evidence,NA,https://doi.org/10.1111/j.1468-232x.2011.00655.x,81.71095
ilr,2015,Getting Handcuffs on an Octopus,"Theoretical work on minimum wage policy emphasizes labor market dynamics, but the resulting implications for worker mobility remain largely untested. The authors show that in the teenage labor market, higher minimum wage standards reduce worker flows and increase job stability. Furthermore, they find that the employment effects of a relatively higher minimum wage vary considerably across markets with different levels of turnover and labor market tightness. Results help to explain the small effects of minimum wage standards on employment commonly found in the aggregate data and are consistent with labor market models that involve search frictions.",https://doi.org/10.1177/0019793915623519,79.97699
jlr,2016,Spillover Bias in Cross-Border Minimum Wage Studies: Evidence from a Gravity Model,NA,https://doi.org/10.1007/s12122-016-9234-3,79.73277
labour,2010,The Effect of Legislated Minimum Wage Increases on Employment and Hours: A Dynamic Analysis,NA,https://doi.org/10.1111/j.1467-9914.2010.00468.x,79.0613
le,2016,"Monopsony, minimum wages and migration",NA,https://doi.org/10.1016/j.labeco.2016.09.004,77.979706
labour,2010,Minimum Wages and Trainers' Dilemma,"Abstract This paper examines how a minimum wage, viewed as an incentive to trainers, would affect the informal help provided through on‐the‐job training. In the work environment, experienced employees play a significant role in training new employees. However, the more help they provide to trainees, the less likely that the trainers themselves will be promoted. This is the trainer's dilemma: help trainees or work for promotion. We show that a minimum wage alleviates the trainer's dilemma, as it increases the earnings of non‐promoted workers and reduces the net benefit of promotion for experienced employees. Hence, minimum wage regulation encourages informal help and enhances welfare, although it reduces the firm's profit.",https://doi.org/10.1111/j.1467-9914.2010.00476.x,77.53744
ilr,2016,Reinforcing the State,"Research on global programs to regulate labor standards has emphasized interactions between transnational and state regulatory institutions. If transnational initiatives can make state institutions more relevant, they have the potential to reinforce, rather than displace, state labor regulation. Through a study of the Indonesia-based program of a leading initiative to improve working conditions in the garment industry, Better Work, this article identifies the conditions under which transnational regulations reinforce domestic ones. Drawing on two case studies comparing regulations governing fixed-term contracts and minimum wage renegotiations in four Indonesian districts, the authors find that reinforcement is likely when two conditions jointly occur: unions mobilize to activate state institutions, and transnational regulators have support to resolve ambiguities in formal rules in ways that require firms to engage with constraining institutions. The authors further test the findings through a quantitative analysis of factory participation in state-supervised wage renegotiations. The findings reveal opportunities and constraints to designing global programs that can both improve factory-level standards and support the functioning of state labor market institutions.",https://doi.org/10.1177/0019793916654927,76.44556
labour,2015,Price Effects of the Minimum Wage: A Survey Data Analysis for the <scp>G</scp>erman Construction Sector,"Abstract Utilizing the link between employment and price changes as a result of minimum wages, we use firm‐level data to evaluate the effect of minimum wage introduction in the G erman construction sector. In East G ermany we find significant positive price effects that exclude the possibility of rising employment. Rather, the results indicate the existence of a competitive sector‐specific labour market, and thus declining employment. In contrast, we cannot find any significant price reaction for W est G ermany. This suggests that the implemented minimum wage in W est G ermany is too low in comparison to the predominantly paid wages and is hence not binding.",https://doi.org/10.1111/labr.12058,75.0073
restat,2013,Do Crises Catalyze Creative Destruction? Firm-level Evidence from Indonesia,"Abstract Using Indonesian manufacturing census data (1991–2001), this paper rejects the hypothesis that the East Asian crisis unequivocally improved the reallocative process. The correlation between productivity and employment growth did not strengthen, and the crisis induced the exit of relatively productive firms. The attenuation of the relationship between productivity and survival was stronger in provinces with comparatively lower reductions in minimum wages, but not due to reduced entry, changing loan conditions, or firms connected to the Suharto regime suffering disproportionately. On the bright side, firms that entered during the crisis were relatively more productive, which helped mitigate the reduction in aggregate productivity.",https://doi.org/10.1162/rest_a_00407,73.55395
restat,2016,Do Wage Subsidies Provide a Stepping-Stone to Employment for Recent College Graduates? Evidence from a Randomized Experiment in Jordan,"This study examines the impact of a randomized experiment in Jordan in which female community college graduates were assigned to receive a wage subsidy voucher. The wage voucher led to a 38 percentage point increase in employment in the short run, but the average effect is much smaller and no longer statistically significant after the voucher period has expired. The extra job experience gained as a result of the wage subsidy does not provide a stepping-stone to new jobs for these recent graduates, which appears to be due to productivity levels not rising above a binding minimum wage.",https://doi.org/10.1162/rest_a_00584,73.17035
jlr,2018,Where Does the Minimum Wage Bite Hardest in California?,NA,https://doi.org/10.1007/s12122-018-9281-z,69.24462
cje,2015,Changes in wage inequality in Canada: An interprovincial perspective,"Abstract This paper uses the Canadian Labour Force Survey to understand why the level and dispersion of wages have evolved differently across provinces from 1997 to 2013. The faster increase in the level of wages and the decline in wage dispersion in Newfoundland, Saskatchewan and Alberta are the starkest interprovincial differences. We find that they are accounted for by the growth in the extractive resources sectors, which benefited less‐educated and younger workers the most. Increases in minimum wages since 2005 are found to be the main reason why wages at the very bottom grew more than those in the middle of the distribution.",https://doi.org/10.1111/caje.12140,68.49597
el,2015,Divided opinion on the Fair Minimum Wage Act of 2013: Random or systematic differences?,NA,https://doi.org/10.1016/j.econlet.2015.09.020,68.187584
el,2010,A politico-economic analysis of minimum wages and wage subsidies,NA,https://doi.org/10.1016/j.econlet.2010.11.029,67.7385
ei,2018,LOBBYING FOR MINIMUM WAGES,"Using a common agency lobbying framework, this paper illustrates how the minimum wage set reflects the interaction between economic and political factors and under what circumstances will the policymaker be induced, through lobbying, to change the minimum wage. Specifically, when the labor demand elasticity is large, lobbying is successful in inducing the policymaker to set the minimum wage in accordance with her political ideology. However, the paper also shows the conditions under which lobbying will reverse the ideological preference and induce a business‐friendly government to increase the minimum wage. Empirical analysis on a panel data for ten Canadian provinces gives considerable support for theoretical predictions. The real minimum wage decreases in skill‐adjusted union density and political ideology, while larger labor demand elasticity reinforces the influence of political ideology in the presence of lobbying. ( JEL J38, D72, D78)",https://doi.org/10.1111/ecin.12692,67.46308
bjir,2018,Collective Bargaining and the Evolution of Wage Inequality in Italy,"Abstract Italian male wage inequality has increased at a relatively fast pace from the mid‐1980s until the early 2000s, while it has been persistently flat since then. We analyse this trend, focusing on the period of most rapid growth in pay dispersion. By accounting for worker and firm fixed effects, it is shown that workers' heterogeneity has been a major determinant of increased wage inequalities, while variability in firm wage policies has declined over time. We also show that the growth in pay dispersion has entirely occurred between livelli di inquadramento , that is, job titles defined by national industry‐wide collective bargaining institutions, for which specific minimum wages apply. We conclude that the underlying market forces determining wage inequality have been largely channelled into the tight tracks set by the centralized system of industrial relations.",https://doi.org/10.1111/bjir.12444,66.38888
ilr,2013,Employers Gone Rogue: Explaining Industry Variation in Violations of Workplace Laws,"Drawing on an innovative, representative survey of workers in Chicago, Los Angeles, and New York City, the authors analyze minimum wage, overtime, and other workplace violations in the low-wage labor market. They document significant interindustry variation in both the mix and the prevalence of violations, and they show that while differences in workforce composition are important in explaining that variation, differences in job and employer characteristics play the stronger role. The authors suggest that industry noncompliance rates are shaped by both product market and institutional characteristics, which together interact with labor supply and the current weak penalty and enforcement regime in the United States. They close with a research agenda for this still-young field, framing noncompliance as an emerging strategy in the reorganization of work and production at the bottom of the U.S. labor market.",https://doi.org/10.1177/001979391306600404,64.981636
jlr,2013,The Effect of the Minimum Wage on Covered Teenage Employment,NA,https://doi.org/10.1007/s12122-013-9160-6,64.80839
jlr,2015,Effects of Minimum Wages on Total Employment: Evidence from Cyprus,NA,https://doi.org/10.1007/s12122-015-9205-0,64.11004
jpam,2014,"THE MINIMUM WAGE: NO FEATURE, ALL BUGS",NA,https://doi.org/10.1002/pam.21788,63.420494
labour,2010,Economic Growth and Welfare in a Neoclassical Overlapping Generations Growth Model with Minimum Wages and Consumption Taxes,"Abstract We examine the effects of minimum wages on both the long‐run per worker GDP and welfare in the textbook Diamond style overlapping generations economy. In addition, we assume the existence of unemployment benefits financed at a balanced budget with consumption taxes. Under suitable conditions, it is shown that a regulated‐wage economy with unemployment performs better than a competitive‐wage economy with full employment in the long run. Moreover, a welfare‐maximizing minimum wage exists. Our findings may have interesting policy implications.",https://doi.org/10.1111/j.1467-9914.2010.00486.x,61.83165
jlr,2016,Adam Smith’s Economics and the Modern Minimum Wage Debate:The Large Distance Separating Kirkcaldy from Chicago,NA,https://doi.org/10.1007/s12122-016-9220-9,61.000816
ej,2017,Wage Shocks and the Technological Substitution of Low‐wage Jobs,"We extend the task‐based empirical framework used in the job polarisation literature to analyse the susceptibility of low‐wage employment to technological substitution. We find that increases in the cost of low‐wage labour, via minimum wage hikes, lead to relative employment declines at cognitively routine occupations but not manually‐routine or non‐routine low‐wage occupations. This suggests that low‐wage routine cognitive tasks are susceptible to technological substitution. While the short‐run employment consequence of this reshuffling on individual workers appears to be economically small, due to concurrent employment growth in other low‐wage jobs, workers previously employed in cognitively routine jobs experience relative wage losses.",https://doi.org/10.1111/ecoj.12529,60.93837
el,2015,Does a high minimum wage spur low-skilled emigration?,NA,https://doi.org/10.1016/j.econlet.2015.10.027,59.24971
aer,2018,In Search of Labor Demand,"We propose and estimate a novel specification of labor demand which encompasses search frictions and the role of entrepreneurs in new firm creation. Using city-industry variation over four decades, we estimate the wage elasticity of employment demand to be close to −1 at the industry-city level and −0.3 at the city level. We argue that the difference between these estimates reflects the congestion externalities predicted by the search literature. Our estimates also indicate that entrepreneurship should be treated as a scarce factor in the determination of labor demand. We use our estimates to evaluate the impact of large changes in the minimum wage on employment. (JEL J23, J31, J38, L26, M13, R23)",https://doi.org/10.1257/aer.20141374,58.90489
ir,2015,"Underwork, Work‐Hour Insecurity, and A New Approach to Wage and Hour Regulation","When it was passed in 1938, the Fair Labor Standards Act ( FLSA ) sought to address the “evils” of underpay and overwork by establishing an hourly minimum wage and requiring premium overtime pay. However, today's low‐wage, hourly workers more often face underwork than overwork, as well as fluctuating, unstable schedules, neither of which is addressed by the FLSA . This paper presents and assesses the effectiveness of an alternative approach to wage and hour regulation, the “reporting pay” guarantee. We begin by examining the problem of work‐hour insecurity, particularly employers’ practice of sending workers home early from scheduled shifts. We then move to a detailed assessment of state laws that require reporting pay, as well as reporting pay guarantees in union contracts and private‐employer practices that attempt to address the problem of work‐hour insecurity. We conclude by considering paths for strengthening such protections in law.",https://doi.org/10.1111/irel.12111,56.668827
ilr,2015,The Impact of Franchising on Labor Standards Compliance,"Recent studies document pervasive noncompliance with basic labor standards in industries with high concentrations of low-wage workers. The authors examine how franchising, a common form of business organization in low-wage industries, affects compliance. They estimate the effect of franchise ownership on compliance with federal minimum wage and overtime standards in the fast food industry using unique data on Top 20 branded restaurants. Franchised outlets have far higher levels of noncompliance than comparable company-owned establishments. The authors argue that observed differences arise from internal incentives facing franchisees versus franchisors rather than from external enforcement pressures facing the parties.",https://doi.org/10.1177/0019793915586384,56.274155
jpam,2011,Labor market policy: A comparative view on the costs and benefits of labor market flexibility,"Abstract I review theories and evidence on wage‐setting institutions and labor market policies in an international comparative context. These include collective bargaining, minimum wages, employment protection laws, unemployment insurance (UI), mandated parental leave, and active labor market policies (ALMPs). Since it is unlikely that an unregulated private sector would provide the income insurance these institutions do, these policies may enhance economic efficiency. However, to the extent that unemployment or resource misallocation results from such measures, these efficiency gains may be offset. Overall, Scandinavia and Central Europe follow distinctively more interventionist policies than the English‐speaking countries in the Northern Hemisphere. Possible explanations for such differences include vulnerability to external market forces and ethnic homogeneity. I then review evidence on the impacts of these policies and institutions. While the interventionist model appears to cause lower levels of wage inequality and high levels of job security to incumbent workers, it also in some cases leads to the relegation of new entrants (disproportionately women, youth, and immigrants) as well as the less skilled to temporary jobs or unemployment. Making labor markets more flexible could bring these groups into the regular labor market to a greater extent, at the expense of higher levels of economic insecurity for incumbents and higher levels of wage inequality. © 2011 by the Association for Public Policy Analysis and Management.",https://doi.org/10.1002/pam.20602,55.833652
ilr,2017,Book Review: The Effects of Minimum Wages on Employment: The Legacy of <i>Myth and Measurement</i>,"This essay offers a critical review of the path taken by U.S. minimum wage research in the years since the publication of Myth and Measurement from which it is clear that Card and Krueger's challenging book has continued to inform debate and shape research strategies.A shift in the locus of research is likely in the future, however, focusing on new wage floors in Germany and Britain and U.S. cities.Although the empirical issues addressed and methodologies used in this new literature will continue to build on Myth and Measurement these innovations can also be expected to set their own stamp on the path of minimum wage research.",https://doi.org/10.1177/0019793917696309a,53.95331
ej,2012,Book Review Feature: Two Book Reviews of the Minimum Wage and Labor Market Outcomes,"Should the minimum wage be raised? In this book, Christopher Flinn attempts to answer this question. He uses a search and matching model to show that the answer involves more than knowledge of whether the minimum wage cuts employment. The answer also depends on For addressing all the issues listed above in a coherent framework we need models. Flinn takes a standard search and matching model, augmented with an exogenously set minimum wage, to answer the following questions: Flinn shows that the search and matching model can do a good job of matching labour force participation rates, unemployment rates and the distribution of earnings both before and after the minimum wage hike. It does so with a limited number of arguably plausible parameters. Flinn finds that whether the minimum wage should be increased or reduced depends critically on how the rate of job offers (the ‘contact rate’) is affected by the change. If the contact rate is exogenous then we should raise the minimum wage. If it is a function of the equilibrium unemployment rate and firms’ optimal number of posted vacancies, we should reduce the minimum wage.",https://doi.org/10.1111/j.1468-0297.2011.02491.x,53.765274
restud,2018,Frictional Labour Mobility,"Abstract We build a dynamic model of migration where, in addition to standard relocation costs, workers face spatial frictions that decrease their ability to compete for distant job opportunities. We estimate the model on a matched employer–employee panel dataset describing labour market transitions within and between the 100 largest French cities. Our identification strategy is based on the premise that frictions affect the frequency of job transitions, while mobility costs impact the distribution of accepted wages. We find that: (1) controlling for spatial frictions reduces mobility cost estimates by one order of magnitude; (2) the urban wage premium is driven by better opportunities for local job-to-job transitions in larger cities; (3) migration reduces lifetime inequalities by providing insurance against unsatisfactory initial location draws; (4) labour mobility policies based on relocation subsidies are inefficient, unlike switching from nationwide to local minimum wages.",https://doi.org/10.1093/restud/rdy056,53.764393
jlr,2015,Dale Belman and Paul J. Wolfson: What Does the Minimum Wage Do?,NA,https://doi.org/10.1007/s12122-015-9213-0,51.158768
aer,2017,Relational Knowledge Transfers,"We study how relational contracts mitigate Becker's classic problem of providing general human capital when training contracts are incomplete. The firm's profit-maximizing agreement is a multiperiod apprenticeship in which the novice is trained gradually over time and eventually receives all knowledge. The firm adopts a 1/e rule, whereby at the beginning of the relationship the novice is trained, for free, just enough to produce a fraction 1/e of the efficient output. After that, the novice earns all additional knowledge with labor. This rule causes inefficiently lengthy relationships that grow longer the more patient the players. A minimum wage is welfare enhancing. (JEL D82, D86, J24, M53)",https://doi.org/10.1257/aer.20160194,49.903267
el,2011,Distributional impacts of a local living wage increase with ability sorting,NA,https://doi.org/10.1016/j.econlet.2011.05.035,49.47158
oep,2018,Diverging trends of wage inequality in Europe,"Abstract Since the middle/end of the 2000s wage inequality has increased in some European countries (such as Portugal or the UK) and decreased in others (especially in Hungary and Poland). In this article, we analyse the role of the minimum wage and of workers’ and firms’ observed characteristics behind these diverging trends in wage inequality. Our findings indicate that compositional changes as regards education are a key factor pushing up inequality in the majority of the countries, but particularly in Italy and Portugal. Other factors either contribute to increased or decreased inequality, specifically minimum wage changes, the percentage of non-native employees and native wage premiums. Minimum wage changes seem to be of crucial importance in Greece, Hungary and Poland. Finally, the presence of non-natives in the labour market is a key determinant in the UK, but also to some extent in Austria and Hungary.",https://doi.org/10.1093/oep/gpy072,48.227585
ilr,2015,When Good Measurement Goes Wrong,"Hoffman’s (2015) replication of Sabia, Burkhauser, and Hansen (SBH 2012) suggests that “unlucky” measurement error in low-skilled employment in the Current Population Survey Outgoing Rotation Groups (CPS-ORG) led SBH to produce upwardly biased estimates of the labor demand effects of the 2005 to 2006 New York State minimum wage increase. This study replicates Hoffman’s preferred policy estimates from the full CPS and finds evidence that the parallel trends assumption underlying his difference-in-difference approach is violated. When a synthetic control state with pretreatment employment trends similar to those in New York is constructed, this study estimates a relatively large negative employment elasticity with respect to the minimum wage for low-skilled individuals (–0.5), similar to the estimate SBH obtained using the CPS-ORG (–0.6).",https://doi.org/10.1177/0019793915610557,45.039425
ilr,2017,The Perfect Storm: Graduating during a Recession in a Segmented Labor Market,"Using Spanish Social Security data merged with Labor Force Survey data, this article analyzes the effects of entry labor market conditions on workers’ careers two to three decades after graduating in Spain, a country well known for its highly segmented labor market and rigid labor market institutions. In contrast to more flexible labor markets such as in the United States or Canada, the authors find that following a recession the annual earnings losses of individuals without a university degree are greater and more persistent than those of college graduates. For workers without a college degree, the effect is driven by a lower likelihood of employment. For college graduates, the negative impact on earnings is driven by both a higher probability of non-employment and employment in jobs with fixed-term contracts. Although a negative shock increases mobility of college graduates across firms and industries, no earnings recovery occurs for the individual, just secondary labor market job churning. Results are consistent with the tight regulations of the Spanish labor market, such as binding minimum wages and downward wage rigidity caused by collective bargaining agreements.",https://doi.org/10.1177/0019793917714205,44.329365
obes,2017,Low Paid Employment in Britain: Estimating State‐Dependence and Stepping Stone Effects,"Abstract Using 18 waves of the British Household Panel Study, this paper examines state‐dependence and stepping stone effects of low pay. The results show that both state‐dependence and stepping stone effects of low pay are present. However, there is no evidence to support a low‐pay no‐pay cycle. The introduction of the national minimum wage does not appear to have affected state‐dependence and stepping stone effects of low pay.",https://doi.org/10.1111/obes.12197,43.81671
ilr,2010,Enforcement and Compliance with Labor Regulations,"The author empirically analyzes the effect of government enforcement on compliance with labor regulations in Argentina, a country where only half of the workforce receives all the benefits to which they are legally entitled. Constructing a panel data set of the period 1995?2002 across provinces and using the number of labor inspectors per capita as a proxy for enforcement, he investigates the extent to which employers comply with six employment and social security regulations: minimum wage, maximum hours, paid vacation time, annual extra monthly wage, workers? compensation insurance, and health insurance. Because of potential simultaneity between enforcement and compliance, the author explores whether the electoral cycle affects enforcement. Two-stage least squares estimates suggest enforcement increases compliance.",NA,41.039104
jae,2011,Reconciling the evidence of Card and Krueger (1994) and Neumark and Wascher (2000),"We employ the original Card and Krueger (American Economic Review 1994; 84: 772–793) and Neumark and Wascher (American Economic Review 2000; 90: 1362–1396) data together with the changes-in-changes estimator to re-examine the evidence for the effect of minimum wages on employment. Our study reconciles the controversial positive average employment effect reported by the former study and the negative average employment effect reported by the latter study. Our main finding, which is supported by both datasets, is that the controversial result remains valid only for small fast-food restaurants. Copyright © 2011 John Wiley & Sons, Ltd.",https://doi.org/10.1002/jae.1258,40.94292
ilr,2010,Book Review: Labor Economics: Minimum Wages,NA,https://doi.org/10.1177/001979391006400111,40.733727
ilr,2012,"Wage Theory, New Deal Labor Policy, and the Great Depression: Were Government and Unions to Blame?","A growing number of economists blame the length and severity of the Great Depression on factors that rigidified wage rates, raised production costs, and interfered with the market allocation of labor. The target of their critique is President Franklin Roosevelt's New Deal labor program, which they portray as creating a series of large negative supply shocks through encouragement of unions, minimum wages, unemployment insurance, and other anticompetitive industrial relations practices. The author uses a combination of institutiognal and Keynesian theory to present the other side of the story. Drawing principally from the works of J. R. Commons and J. M. Keynes, he develops both a spending and a productivity rationale for stable wages during the Great Depression and demonstrates that the New Deal's interventionist labor program was on balance necessary and beneficial. He also highlights the neglected macro-economic dimension of industrial relations theory and policy.",https://doi.org/10.1177/001979391206500302,40.491783
jbes,2016,Estimation and Inference of Distributional Partial Effects: Theory and Application,"This article considers nonparametric and semiparametric estimation and inference of the effects of a covariate, either discrete or continuous, on the conditional distribution of a response outcome. It also proposes various uniform tests following estimation. This type of analysis is useful in situations where the econometrician or policy-maker is interested in knowing the effect of a variable or policy on the whole distribution of the response outcome conditional on covariates and is not willing to make parametric functional form assumptions. Monte Carlo experiments show that the proposed estimators and tests are well-behaved in small samples. The empirical section studies the effect of minimum wage hikes on household labor earnings. It is found that the minimum wage has a heterogenous impact on household earnings in the U.S. and that small hikes in the minimum wage are more effective in improving the household earnings distribution.",https://doi.org/10.1080/07350015.2016.1272458,40.11564
ir,2015,The Ups and Downs of Minimum Wage Policy: The Fair Labor Standards Act in Historical Perspective,NA,https://doi.org/10.1111/irel.12105,39.653713
ilr,2010,Minimum Wages. By David Neumark and William L. Wascher.,NA,NA,38.39787
bjir,2016,‘Fair Work’ and the Modernization of Australian Labour Standards: A Case of Institutional Plasticity Entrenching Deepening Wage Inequality,"Abstract Australia was long recognized for its relatively compressed wage structure. From the 1940s to the 1970s this was associated with a comprehensive regime of ‘award‐based’ minimum wages. Since the 1980s, this has been subjected to comprehensive ‘modernization’. After three decades of reform and in the most supportive economic environment in the OECD, Australian wage inequality has deepened. Although multiple political‐economic forces have been at play, the evolution of Australia's labour standards regime is an example of ‘institutional plasticity’ whereby the purpose and operations of wage‐setting institutions not only evolves but can actually be inverted over time.",https://doi.org/10.1111/bjir.12215,36.770386
ilr,2017,Book Review: The Long-Run Impact of Minimum Wage Research: A Case Study of <i>Myth and Measurement</i>,NA,https://doi.org/10.1177/0019793917696309b,35.118626
ej,2014,"Contractual Dualism, Market Power and Informality","We develop a search‐theoretic model of contractual dualism in formal and informal labour markets. The model (i) provides the micro‐underpinnings for endogenous determination of employer market power in the formal and informal sectors, (ii) offers a unified and coherent set‐up whereby a host of salient features of developing country labour markets can be explained together and (iii) places for the first time the Stiglerian prescription of the optimal (unemployment minimising) minimum wage in the broader context of labour markets where formal job creation is costly, where employer market power is endogenous and where formal employment, informal employment and unemployment coexist.",https://doi.org/10.1111/ecoj.12222,34.51223
jole,2016,The Employment Dynamics of Disadvantaged Women: Evidence from the SIPP,"Understanding the employment dynamics of disadvantaged families is increasingly important. We estimate duration models describing these dynamics for disadvantaged single mothers and use them to conduct a rich set of counterfactual analyses. We use a misreporting model to correct for ""seam bias,"" the problem that too many transitions are reported between reference periods in panel data. We find effects of demographics, minimum wages, unemployment rates, and maximum welfare benefits, but not policy changes introduced through state welfare waivers, on employment dynamics. We find that two commonly used ad hoc methods of addressing seam bias perform substantially worse than our approach.",https://doi.org/10.1086/686274,31.727837
ilr,2015,Do Large Modern Retailers Pay Premium Wages?,"With malls, franchise strips, and big-box retailers increasingly dotting the landscape, many are concerned that U.S. middle-class jobs in manufacturing are being replaced by minimum-wage jobs in retail. Retail jobs have spread, whereas manufacturing jobs have shrunk in number. The authors show that wage rates in the retail sector rise markedly with firm size and with establishment size. These increases are halved when they control for worker fixed effects, suggesting that better workers are sorted into larger firms. Also, higher-ability workers are promoted to the position of manager, which is associated with higher pay. The authors conclude that the growth in modern retail, characterized by larger chains of larger establishments with more levels of hierarchy, is raising wage rates relative to traditional mom-and-pop retail stores.",https://doi.org/10.1177/0019793915570877,31.110838
ir,2014,Minimum Pay Scale and Career Length in the NBA,"We use data from the National Basketball Association (NBA) to analyze the impact of minimum salaries on an employee's career length. The NBA has a salary structure in which the minimum salary a player can receive increases with the player's years of experience. The NFL has a similar minimum wage policy; research suggests that the introduction of this system shortened career length in the NFL. Using duration analysis, we fail to find evidence that the new multi‐tiered minimum wage scale in the NBA increased the probability of exit.",https://doi.org/10.1111/irel.12071,26.396637
aer,2016,Differences in Unemployment Experience Between Blacks and Whites,"twice as likely as whites to be unemployed, almost irregardless of the level of overall economic activity. Among the various explanations given for the black-white unemployment rate differential are racial discrimination, differences in the level of educational attainment, differences in the quality of education, differences in the minimum wage acceptable for employment, and differences in job search patterns and job retention. Using data for a low unemployment period (1969-70), my analysis indicates that among inner-city residents of New York City a racial disparity existed in unemployment experience and that while factors such as schooling, age, previous training, and other demographic characteristics mattered, they accounted for less than twofifths of the variations in unemployment experience. My results also indicate that the distinction between the number of spells of unemployment and the length of unemployment is an important one, and that the experience of blacks and whites differ substantially by either measure.",NA,23.442167
cje,2011,Viewpoint: Innovations in the theory and practice of redistribution policy,"Abstract We present a survey of key results from second‐best optimal redistribution theory and their implications for tax‐transfer policy. The core results include the Corlett‐Hague theorem, the Deaton conditions, the production‐efficiency theorem, the Atkinson‐Stiglitz theorem, and the Mirrlees‐Saez characterization of the optimal non‐linear income tax system. These have been augmented in recent years by optimal participation tax rates, the implications of involuntary unemployment, the use of unconventional instruments, such as minimum wages, in‐kind transfer, and workfare, and the optimal taxation of capital income and bequests.",https://doi.org/10.1111/j.1540-5982.2011.01670.x,23.175623
aer,2013,The Growth of Low-Skill Service Jobs and the Polarization of the US Labor Market,"We offer a unified analysis of the growth of low-skill service occupations between 1980 and 2005 and the concurrent polarization of US employment and wages. We hypothesize that polarization stems from the interaction between consumer preferences, which favor variety over specialization, and the falling cost of automating routine, codifiable job tasks. Applying a spatial equilibrium model, we corroborate four implications of this hypothesis. Local labor markets that specialized in routine tasks differentially adopted information technology, reallocated low-skill labor into service occupations (employment polarization), experienced earnings growth at the tails of the distribution (wage polarization), and received inflows of skilled labor. (JEL J24, J31, R23)",https://doi.org/10.1257/aer.103.5.1553,21.046377
ilr,2017,In Search of the High Road: Meaning and Evidence,"This article is the first in a series to celebrate the 70th anniversary of the ILR Review. We will be highlighting important research themes that have been featured in the journal over its many years of publication. In this article, Paul Osterman reviews research on the quality of jobs and recent debates over “High Road” and “Low Road” approaches to employment practices. Scholars and policy advocates frequently utilize the distinction between High Road and Low Road firms as a framework for efforts to improve the quality of work in low-wage employers. This article assesses the logic and evidence that underlies this construct. The author provides a definition of the concept and examines the evidence behind the assumption that firms have a choice in how they design their employment policies. He then takes up the assertion that firms that adopt a High Road model can “do well by doing good” and adds precision to this claim by reviewing the evidence that a profit-maximizing firm would benefit from following the High Road path. The article concludes by suggesting a research agenda and providing a framework for policy that flows from the conclusions drawn from the existing research base.",https://doi.org/10.1177/0019793917738757,20.635895
labour,2012,Heterogeneous Firm Responses to Rising Teenage Wages,"Abstract. Substantial youth minimum wage changes in N ew Z ealand between 2000 and 2007 raised teenage average wages by 5–10 per cent relative to those for adults. We use S tatistics N ew Z ealand's L inked E mployer– E mployee D atabase ( LEED ) to examine whether firms' teenage labour demand responses to these changes are greater for firms with higher teenage‐employment share. We find evidence that high teen‐employers reduced their teen employment relative to other firms and had lower survival rates over the period. However, firms that entered the main teen‐employment industries had higher teen‐employment shares than continuing firms. The results are consistent with endogenous technology adoption in response to non‐marginal changes in relative wages.",https://doi.org/10.1111/labr.12000,20.439358
jep,2017,"From “Made in China” to “Innovated in China”: Necessity, Prospect, and Challenges","After more than three decades of high growth based on its low-wage advantage and relatively favorable demographics—in combination with market-oriented reforms and openness to the world economy—China is at a crossroads with a much higher wage and a shrinking work force. Future growth will depend, by necessity, more on the generation of increased productivity, and domestic innovation will play an important part in this. In this paper, we assess the likelihood that China can make the necessary transition. Using data on expenditure on research and development, and patent applications, receipts, and citations, we show that the Chinese economy has become increasingly innovative. We will argue that rising wages and expanding markets are among the important drivers of China's growth in innovation. On the other hand, we find evidence of resource misallocation in the innovation area: while state-owned firms receive more subsidies, private firms exhibit more innovation results. Innovation can presumably progress even faster if resource misallocation can be tackled.",https://doi.org/10.1257/jep.31.1.49,19.436794
aer,2012,The Impact of Pollution on Worker Productivity,"This paper assesses the impact of pollution on worker productivity by relating exogenous daily variations in ozone with productivity of agricultural workers as recorded under piece rate contracts. We find robust evidence that ozone levels well below federal air quality standards have a significant impact on productivity. These results suggest that, in contrast to common characterizations of environmental protection as a tax on producers, environmental protection can also be viewed as an investment in human capital, and thus a tool for promoting economic growth.",https://doi.org/10.1257/aer.102.7.3652,18.943964
aer,2016,Monetary Growth and the Long-Run Rate of Inflation,"Arthur Okun invited me to join this panel, one presumes, to present a monetarist view of inflation. This I shall do. In my judgment the current worldwide inflWtion, like virtually all of its predecessors throughout history, stems from excessive expansion of the money supply. I believe that this could have been prevented, at least in the United States, without either loss of jobs in the long run or danger of financial collapse. The only hope of restoring reasonable price stability is to cut monetary growth to the rate of growth of full employment output and to hold it there indefinitely. Implementing such a policy will not be easy but it is our only hope. Most recent literature on inflation suffers from two serious faults: it fails to examine the problem in a sufficiently long-term perspective and it takes inadequate account of delays between causal disturbances and inflationary consequences. On the first point, most writers on inflation are preoccupied with ephemeral symptoms or temporary disturbances. Events such as a rise in the minimum wage, a poor corn crop, the formation of an international oil cartel, devaluation of the dollar vis-a-vis other major currencies -the list could on and on are capable of moving the inflation indicators upward, at least temporarily. However, such alleged causes of inflation operate only sporadically; they cannot explain a sustained rise in prices. One could write a history of inflation that would explain it as a series of unrelated accidents. As social",NA,16.28948
aer,2015,Wages and Informality in Developing Countries,"We develop an equilibrium wage-posting model with heterogeneous firms that decide to locate in the formal or the informal sector and workers who search randomly on and off the job. We estimate the model on Brazilian labor force survey data. In equilibrium, firms of equal productivity locate in different sectors, a fact observed in the data. Wages are characterized by compensating differentials. We show that tightening enforcement does not increase unemployment and increases wages, total output, and welfare by enabling better allocation of workers to higher productivity jobs and improving competition in the formal labor market. (JEL E26, J24, J31, J46, O15, O17)",https://doi.org/10.1257/aer.20121110,15.692839
aejp,2016,Particulate Pollution and the Productivity of Pear Packers,"We study the effect of outdoor air pollution on the productivity of indoor workers at a pear-packing factory. Increases in fine particulate matter (PM 2.5 ), a pollutant that readily penetrates indoors, leads to significant decreases in productivity, with effects arising at levels below air quality standards. In contrast, pollutants that do not travel indoors, such as ozone, have little, if any, effect on productivity. This effect of outdoor pollution on indoor worker productivity suggests an overlooked consequence of pollution. Back-of-the-envelope calculations suggest the labor savings from nationwide reductions in PM 2.5 generated a sizable fraction of total welfare benefits. (JEL D24, J24, L66, Q13, Q51, Q53)",https://doi.org/10.1257/pol.20150085,13.306059
ej,2012,Book Review Feature: Two Book Reviews of the Minimum Wage and Labor Market Outcomes,"One might legitimately wonder what there is new to say about the minimum wage – after all, the subject has generated an amount of research that is probably out of all proportion to the institution’s economic importance. But there is something new and distinctive about this book – as it says on the inside cover, the book ‘argues that in assessing the effects of the minimum wage (in the US and elsewhere) a behavioural framework is invaluable in guiding empirical work and the interpretation of results’. So, in contrast to much research on the minimum wage that is very empirical and with little theory behind it, this book provides a structural model of the labour market (based on assuming there are frictions and that wages are determined by Nash bargaining between employers and workers) and the estimates of that model are taken seriously for answering policy questions such as the optimal level of the minimum wage.",https://doi.org/10.1111/j.1468-0297.2011.02493.x,13.183149
aer,2014,A Grand Gender Convergence: Its Last Chapter,"The converging roles of men and women are among the grandest advances in society and the economy in the last century. These aspects of the grand gender convergence are figurative chapters in a history of gender roles. But what must the “last” chapter contain for there to be equality in the labor market? The answer may come as a surprise. The solution does not (necessarily) have to involve government intervention and it need not make men more responsible in the home (although that wouldn't hurt). But it must involve changes in the labor market, especially how jobs are structured and remunerated to enhance temporal flexibility. The gender gap in pay would be considerably reduced and might vanish altogether if firms did not have an incentive to disproportionately reward individuals who labored long hours and worked particular hours. Such change has taken off in various sectors, such as technology, science, and health, but is less apparent in the corporate, financial, and legal worlds. (JEL J3, J16, J22, J24, J31, J33, N3)",https://doi.org/10.1257/aer.104.4.1091,13.069261
eer,2014,Returns to skills around the world: Evidence from PIAAC,NA,https://doi.org/10.1016/j.euroecorev.2014.10.006,12.800804
jep,2014,From Sick Man of Europe to Economic Superstar: Germany's Resurgent Economy,"In the late 1990s and into the early 2000s, Germany was often called “the sick man of Europe.” Indeed, Germany's economic growth averaged only about 1.2 percent per year from 1998 to 2005, including a recession in 2003, and unemployment rates rose from 9.2 percent in 1998 to 11.1 percent in 2005. Today, after the Great Recession, Germany is described as an “economic superstar.” In contrast to most of its European neighbors and the United States, Germany experienced almost no increase in unemployment during the Great Recession, despite a sharp decline in GDP in 2008 and 2009. Germany's exports reached an all-time record of $1.738 trillion in 2011, which is roughly equal to half of Germany's GDP, or 7.7 percent of world exports. Even the euro crisis seems not to have been able to stop Germany's strengthening economy and employment. How did Germany, with the fourth-largest GDP in the world transform itself from “the sick man of Europe” to an “economic superstar” in less than a decade? We present evidence that the specific governance structure of the German labor market institutions allowed them to react flexibly in a time of extraordinary economic circumstances, and that this distinctive characteristic of its labor market institutions has been the main reason for Germany's economic success over the last decade.",https://doi.org/10.1257/jep.28.1.167,12.405498
jpe,2010,When Does Labor Scarcity Encourage Innovation?,"This paper studies whether labor scarcity encourages technological advances, that is, technology adoption or innovation, for example, as claimed by Habakkuk in the context of nineteenth-century United States. I define technology as strongly labor saving if technological advances reduce the marginal product of labor and as strongly labor complementary if they increase it. I show that labor scarcity encourages technological advances if technology is strongly labor saving and will discourage them if technology is strongly labor complementary. I also show that technology can be strongly labor saving in plausible environments but not in many canonical macroeconomic models.",https://doi.org/10.1086/658160,12.390483
aeja,2012,Enforcement of Labor Regulation and Informality,"Enforcement of labor regulations in the formal sector may drive workers to informality because they increase the costs of formal labor. But better compliance with mandated benefits makes it attractive to be a formal employee. We show that, in locations with frequent inspections, workers pay for mandated benefits by receiving lower wages. Wage rigidity prevents downward adjustment at the bottom of the wage distribution. As a result, lower paid formal sector jobs become attractive to some informal workers, inducing them to want to move to the formal sector. (JEL J31, J63, J88, K31, O15)",https://doi.org/10.1257/app.4.3.64,12.0021515
jep,2013,Why Hasn't Democracy Slowed Rising Inequality?,"During the past two generations, democratic forms have coexisted with massive increases in economic inequality in the United States and many other advanced democracies. Moreover, these new inequalities have primarily benefited the top 1 percent and even the top .01 percent. These groups seem sufficiently small that economic inequality could be held in check by political equality in the form of “one person, one vote.” In this paper, we explore five possible reasons why the US political system has failed to counterbalance rising inequality. First, both Republicans and many Democrats have experienced an ideological shift toward acceptance of a form of free market capitalism that offers less support for government provision of transfers, lower marginal tax rates for those with high incomes, and deregulation of a number of industries. Second, immigration and low turnout of the poor have combined to make the distribution of voters more weighted to high incomes than is the distribution of households. Third, rising real income and wealth has made a larger fraction of the population less attracted to turning to government for social insurance. Fourth, the rich have been able to use their resources to influence electoral, legislative, and regulatory processes through campaign contributions, lobbying, and revolving door employment of politicians and bureaucrats. Fifth, the political process is distorted by institutions that reduce the accountability of elected officials to the majority and hampered by institutions that combine with political polarization to create policy gridlock.",https://doi.org/10.1257/jep.27.3.103,11.676859
bjir,2018,Economic Integration and State Responses: Change in European Industrial Relations since Maastricht,"Abstract The article analyses industrial relations change in the six largest EU countries since 1992 in relation to increased internationalization pressures. Based on qualitative and quantitative analysis, it distinguishes between associational and state governance, and detects that despite a predominant, but not universal, trend of weakening trade unions and collective bargaining, no overall liberalization has occurred in the political regulation of employment (employment policies, welfare state, labour law, state support to collective bargaining, public sector). Rather than converging towards neoliberalism, industrial relations emerge as more politically contingent and dependent on multiple forms of power, which are affected by internationalization in different ways.",https://doi.org/10.1111/bjir.12307,11.635116
ilr,2017,"Corrigendum: Credible Research Designs for Minimum Wage Studies: A Response to Neumark, Salas, and Wascher","First published February 1, 2017 | Correction Original article: Sylvia Allegretto, Arindrajit Dube, Michael Reich, and Ben Zipperer. 2017. Credible Research Designs for Minimum Wage Studies: A Response to Neumark, Salas, and Wascher. ILR Review 70(3): 559–592. doi: 10.1177/0019793917692788 Arindrajit Dube received financial support from the Russell Sage Foundation for this research. This information was inadvertently omitted from the original article’s acknowledgment section.",https://doi.org/10.1177/0019793917751885,11.485846
jeea,2015,FAMILY VALUES AND THE REGULATION OF LABOR,"Journal Article Family Values and the Regulation of Labor Get access Alberto Alesina, Alberto Alesina 1Harvard University and IGIER Bocconi Search for other works by this author on: Oxford Academic Google Scholar Yann Algan, Yann Algan 2Science Po Search for other works by this author on: Oxford Academic Google Scholar Pierre Cahuc, Pierre Cahuc 3Ecole Polytechnique, CREST Search for other works by this author on: Oxford Academic Google Scholar Paola Giuliano Paola Giuliano 4UCLA Search for other works by this author on: Oxford Academic Google Scholar Journal of the European Economic Association, Volume 13, Issue 4, 1 August 2015, Pages 599–630, https://doi.org/10.1111/jeea.12121 Published: 01 August 2015",https://doi.org/10.1111/jeea.12121,11.206176
restud,2013,"Rent-sharing, Holdup, and Wages: Evidence from Matched Panel Data","Journal Article Rent-sharing, Holdup, and Wages: Evidence from Matched Panel Data Get access David Card, David Card UC Berkeley and NBER Search for other works by this author on: Oxford Academic Google Scholar Francesco Devicienti, Francesco Devicienti Università degli Studi di Torino and LABORatorio Ricardo Revelli, Collegio Carlo Alberto Search for other works by this author on: Oxford Academic Google Scholar Agata Maida Agata Maida Università degli Studi di Milano and LABORatorio Ricardo Revelli, Collegio Carlo Alberto Search for other works by this author on: Oxford Academic Google Scholar The Review of Economic Studies, Volume 81, Issue 1, January 2014, Pages 84–111, https://doi.org/10.1093/restud/rdt030 Published: 01 October 2013 Article history Received: 01 October 2011 Accepted: 01 June 2013 Published: 01 October 2013",https://doi.org/10.1093/restud/rdt030,10.645388
bjir,2015,Determinants of the Wage Share: A Panel Analysis of Advanced and Developing Economies,"Abstract Wage shares have declined substantially in all OECD countries and most developing economies since 1980. This study uses a new ILO/IILS dataset on adjusted wage shares for a panel of up to 43 developing and 28 advanced economies (1970–2007) to explain changes in wage shares and assess the relative contributions of technological change, financialization, globalization and welfare state retrenchment. We find strong negative effects of financialization as well as negative effects of welfare state retrenchment. Globalization has (in production) robust negative effects in advanced as well as in developing economies, which is at odds with the Stolper–Samuelson theorem. We find small, and for developing countries positive effects of technological change. Our results support a Political Economy approach to explaining income distribution.",https://doi.org/10.1111/bjir.12165,10.441753
qje,2010,Regulation and Distrust<sup>*</sup>,"We document that, in a cross section of countries, government regulation is strongly negatively correlated with measures of trust. In a simple model explaining this correlation, distrust creates public demand for regulation, whereas regulation in turn discourages formation of trust, leading to multiple equilibria. A key implication of the model is that individuals in low-trust countries want more government intervention even though they know the government is corrupt. We test this and other implications of the model using country- and individual-level data on trust and beliefs about the role of government, as well as on changes in beliefs during the transition from socialism.",https://doi.org/10.1162/qjec.2010.125.3.1015,10.243267
bjir,2010,Minimum Wages – By David Neumark and William L. Wascher,NA,https://doi.org/10.1111/j.1467-8543.2010.00796_2.x,10.084712
jep,2014,The Economics of Fair Trade,"Fair Trade is a labeling initiative aimed at improving the lives of the poor in developing countries by offering better terms to producers and helping them to organize. Although Fair Trade–certified products still comprise a small share of the market—for example, Fair Trade–certified coffee exports were 1.8 percent of global coffee exports in 2009— growth has been very rapid over the past decade. Whether Fair Trade can achieve its intended goals has been hotly debated in academic and policy circles. In particular, debates have been waged about whether Fair Trade makes “economic sense” and is sustainable in the long run. The aim of this article is to provide a critical overview of the economic theory behind Fair Trade, describing the potential benefits and potential pitfalls. We also provide an assessment of the empirical evidence of the impacts of Fair Trade to date. Because coffee is the largest single product in the Fair Trade market, our discussion here focuses on the specifics of this industry, although we will also point out some important differences with other commodities as they arise.",https://doi.org/10.1257/jep.28.3.217,10.054635
jep,2015,Why Are There Still So Many Jobs? The History and Future of Workplace Automation,"In this essay, I begin by identifying the reasons that automation has not wiped out a majority of jobs over the decades and centuries. Automation does indeed substitute for labor—as it is typically intended to do. However, automation also complements labor, raises output in ways that leads to higher demand for labor, and interacts with adjustments in labor supply. Journalists and even expert commentators tend to overstate the extent of machine substitution for human labor and ignore the strong complementarities between automation and labor that increase productivity, raise earnings, and augment demand for labor. Changes in technology do alter the types of jobs available and what those jobs pay. In the last few decades, one noticeable change has been a “polarization” of the labor market, in which wage gains went disproportionately to those at the top and at the bottom of the income and skill distribution, not to those in the middle; however, I also argue, this polarization and is unlikely to continue very far into future. The final section of this paper reflects on how recent and future advances in artificial intelligence and robotics should shape our thinking about the likely trajectory of occupational change and employment growth. I argue that the interplay between machine and human comparative advantage allows computers to substitute for workers in performing routine, codifiable tasks while amplifying the comparative advantage of workers in supplying problem-solving skills, adaptability, and creativity.",https://doi.org/10.1257/jep.29.3.3,10.015442
jep,2011,When and Why Incentives (Don't) Work to Modify Behavior,"First we discuss how extrinsic incentives may come into conflict with other motivations. For example, monetary incentives from principals may change how tasks are perceived by agents, with negative effects on behavior. In other cases, incentives might have the desired effects in the short term, but they still weaken intrinsic motivations. To put it in concrete terms, an incentive for a child to learn to read might achieve that goal in the short term, but then be counterproductive as an incentive for students to enjoy reading and seek it out over their lifetimes. Next we examine the research literature on three important examples in which monetary incentives have been used in a nonemployment context to foster the desired behavior: education; increasing contributions to public goods; and helping people change their lifestyles, particularly with regard to smoking and exercise. The conclusion sums up some lessons on when extrinsic incentives are more or less likely to alter such behaviors in the desired directions.",https://doi.org/10.1257/jep.25.4.191,9.940757
aer,2010,Multinationals and Anti-Sweatshop Activism,"During the 1990s, anti-sweatshop activists campaigned to improve conditions for workers in developing countries. This paper analyzes the impact of anti-sweatshop campaigns in Indonesia on wages and employment. Identification is based on comparing the wage growth of workers in foreign-owned and exporting firms in targeted regions or sectors before and after the initiation of anti-sweatshop campaigns. We find the campaigns led to large real wage increases for targeted enterprises. There were some costs in terms of reduced investment, falling profits, and increased probability of closure for smaller plants, but we fail to find significant effects on employment. (JEL F23, J31, J81, L67, O14, O15)",https://doi.org/10.1257/aer.100.1.247,9.78848
jlr,2014,The $10.10 Minimum Wage Proposal: An Evaluation across States,NA,https://doi.org/10.1007/s12122-014-9190-8,9.688444
restat,2010,Self-Selection Patterns in Mexico-U.S. Migration: The Role of Migration Networks,"This paper examines the role of migration networks in determining self-selection patterns of Mexico-U.S. migration. A simple theoretical framework shows the impact of networks on migration incentives at different education levels and how this affects the composition of migrant skills. Empirically, we find positive or education-neutral selection in communities with weak migrant networks but negative self-selection in communities with stronger networks. This is consistent with high migration costs driving positive or intermediate self-selection, as advocated by Chiquiar and Hanson (2005), and with negative self-selection being driven by lower returns to education in the United States than in Mexico, as advocated by Borjas (1987).",https://doi.org/10.1162/rest_a_00032,9.41304
qje,2014,Trade Adjustment: Worker-Level Evidence *,"Abstract We analyze the effect of exposure to international trade on earnings and employment of U.S. workers from 1992 through 2007 by exploiting industry shocks to import competition stemming from China’s spectacular rise as a manufacturing exporter paired with longitudinal data on individual earnings by employer spanning close to two decades. Individuals who in 1991 worked in manufacturing industries that experienced high subsequent import growth garner lower cumulative earnings, face elevated risk of obtaining public disability benefits, and spend less time working for their initial employers, less time in their initial two-digit manufacturing industries, and more time working elsewhere in manufacturing and outside of manufacturing. Earnings losses are larger for individuals with low initial wages, low initial tenure, and low attachment to the labor force. Low-wage workers churn primarily among manufacturing sectors, where they are repeatedly exposed to subsequent trade shocks. High-wage workers are better able to move across employers with minimal earnings losses and are more likely to move out of manufacturing conditional on separation. These findings reveal that import shocks impose substantial labor adjustment costs that are highly unevenly distributed across workers according to their skill levels and conditions of employment in the pre-shock period.",https://doi.org/10.1093/qje/qju026,9.222233
jole,2016,Analysis of Wage Compression Effect of the Minimum Wage within Establishment,NA,NA,8.952546
restat,2010,$100 Bills on the Sidewalk: Suboptimal Investment in 401(k) Plans,"We identify employees at seven companies whose 401(k) investment choices are dominated because they are contributing less than the employer matching contribution threshold despite being vested in their match and being able to make penalty-free 401(k) withdrawals for any reason because they are older than 59½. At the average firm, 36% of match-eligible employees over age 59½ forgo arbitrage profits that average 1.6% of their annual pay, or $507. A survey educating employees about the free lunch they are forgoing raised contribution rates by a statistically insignificant 0.67% of income among those completing the survey.",https://doi.org/10.1162/rest_a_00100,8.950813
izajl,2015,Testing the importance of search frictions and matching through a randomized experiment in Jordan,"Abstract We test the role of search and matching frictions in explaining the high unemployment of tertiary-educated youth in Jordan through a randomized experiment. Firms and job candidates were provided with a job-matching service based on educational backgrounds and psychometric assessments. Although more than 1,000 matches were made, youth rejected the opportunity of an interview in 28 percent of cases, and when a job offer was received, they rejected this offer or quickly quit the job 83 percent of the time. The results suggest voluntary unemployment in this context arises from preferences over non-wage job attributes.",https://doi.org/10.1186/s40172-015-0022-8,8.892625
le,2010,The effectiveness of European active labor market programs,NA,https://doi.org/10.1016/j.labeco.2010.02.004,8.856322
aer,2016,Firm Size Distortions and the Productivity Distribution: Evidence from France,"We show how size-contingent laws can be used to identify the equilibrium and welfare effects of labor regulation. Our framework incorporates such regulations into the Lucas (1978) model and applies it to France where many labor laws start to bind on firms with 50 or more employees. Using population data on firms between 1995 and 2007, we structurally estimate the key parameters of our model to construct counterfactual size, productivity, and welfare distributions. We find that the cost of these regulations is equivalent to that of a 2.3 percent variable tax on labor. In our baseline case with French levels of partial real wage inflexibility, welfare costs of the regulations are 3.4 percent of GDP ( falling to 1.3 percent if real wages were perfectly flexible downward). The main losers from the regulation are workers—and to a lesser extent, large firms—and the main winners are small firms. (JEL L11, L51, J8)",https://doi.org/10.1257/aer.20130232,8.769033
eer,2011,Trade and unemployment: What do the data say?,NA,https://doi.org/10.1016/j.euroecorev.2011.02.003,8.68875
ilr,2010,The Living Wage: Lessons from the History of Economic Thought,NA,NA,8.597698
jep,2014,The Role of Entrepreneurship in US Job Creation and Economic Dynamism,"An optimal pace of business dynamics—encompassing the processes of entry, exit, expansion, and contraction—would balance the benefits of productivity and economic growth against the costs to firms and workers associated with reallocation of productive resources. It is difficult to prescribe what the optimal pace should be, but evidence accumulating from multiple datasets and methodologies suggests that the rate of business startups and the pace of employment dynamism in the US economy has fallen over recent decades and that this downward trend accelerated after 2000. A critical factor in accounting for the decline in business dynamics is a lower rate of business startups and the related decreasing role of dynamic young businesses in the economy. For example, the share of US employment accounted for by young firms has declined by almost 30 percent over the last 30 years. These trends suggest that incentives for entrepreneurs to start new firms in the United States have diminished over time. We do not identify all the factors underlying these trends in this paper but offer some clues based on the empirical patterns for specific sectors and geographic regions.",https://doi.org/10.1257/jep.28.3.3,8.424285
bjir,2013,Union Campaigns as Countermovements: Mobilizing Immigrant Workers in <scp>F</scp>rance and the <scp>U</scp>nited <scp>K</scp>ingdom,"Abstract In this article, we compare recent innovative union campaigns: the ‘ sans papiers ’ campaign in F rance and the ‘Justice for Cleaners’ campaign in the U nited K ingdom, both based on a sustained grass‐roots mobilization of immigrant workers. Rather than focusing on the ‘usual suspect’ explanatory factors, such as contrasting national settings, union power structures or traditions, our cross‐national comparison highlights important underlying similarities in unions' strategic responses to a growing precarious immigrant workforce. In the absence of established channels of representation, both unions decided to act like social movements fighting for social protection. Using Polanyi's framework, we view both case studies as examples of countermovements against heightened levels of global liberalization and precarious employment.",https://doi.org/10.1111/bjir.12035,8.060466
ilr,2014,The Changing Nature of Labor Unrest in China,"A qualitative shift is underway in the nature of labor protest in China. Contrary to prior literature that characterized strikes as being largely defensive in nature, the authors suggest that since 2008, Chinese workers have been striking offensively for more money, better working conditions, and more respect from employers. They explain these developments using a “political process” model that suggests economic and political opportunities are sending “cognitive cues” to workers that they have increased leverage, leading them to be more assertive in their demands. Such cues include a growing labor shortage, new labor laws, and new media openness. Their argument is supported by a unique data set of strikes that the authors collected, two case studies of strikes in aerospace factories, and interviews with a variety of employment relations stakeholders.",https://doi.org/10.1177/001979391406700207,7.9027576
ilr,2013,Convergence in Industrial Relations Institutions: The Emerging Anglo-American Model?,"At the outset of the Thatcher/Reagan era, the employment and labor law systems across six Anglo-American countries could be divided into three pairings: the Wagner Act model of the United States and Canada; the Voluntarist system of collective bargaining and strong unions in the United Kingdom and Ireland; and the highly centralized, legalistic Award systems of Australia and New Zealand. The authors argue that there has been growing convergence in two major areas: First, of labor law toward a private ordering of employment relations in which terms and conditions of work and employment are primarily determined at the level of the enterprise; and second, of individual employment rights, toward a basket of minimum standards that can then be improved upon by the parties. The greatest similarity is found in Canada, the United Kingdom, New Zealand, and Australia. Ireland retains a greater degree of public ordering, while the United States diverges in favoring the interests of employers over those of employees and organized labor. The authors explore reasons for the convergence.",https://doi.org/10.1177/001979391306600502,7.8967113
bjir,2012,The Paradox of Liberalization — Understanding Dualism and the Recovery of the <scp>G</scp>erman Political Economy,"Abstract What do the recent trends in G erman economic development convey about the trajectory of change? Has liberalization prepared the G erman economy to deal with new challenges? What effects will liberalization have on the co‐ordinating capacities of economic institutions? This article argues that co‐ordination and liberalization are two sides of the same coin in the process of corporate restructuring in the face of economic shocks. Firms seek labour co‐operation in the face of tighter competitive pressures and exploit institutional advantages of co‐ordination. However, tighter co‐operation with core workers sharpened insider–outsider divisions and were built upon service sector cost cutting through liberalization. The combination of plant‐level restructuring and social policy change forms a trajectory of institutional adjustment of forming complementary economic segments which work under different rules. The process is driven by producer coalitions of export‐oriented firms and core workers’ representatives, rather than by firms per se.",https://doi.org/10.1111/j.1467-8543.2012.00913.x,7.811976
ej,2011,"Introduction: Tastes, Castes and Culture: The Influence of Society on Preferences","Journal Article Introduction: Tastes, Castes and Culture: The Influence of Society on Preferences Get access Ernst Fehr, Ernst Fehr University of Zurich Search for other works by this author on: Oxford Academic Google Scholar Karla Hoff Karla Hoff World Bank Search for other works by this author on: Oxford Academic Google Scholar The Economic Journal, Volume 121, Issue 556, November 2011, Pages F396–F412, https://doi.org/10.1111/j.1468-0297.2011.02478.x Published: 24 October 2011",https://doi.org/10.1111/j.1468-0297.2011.02478.x,7.761694
jole,2010,Labor Market Monopsony,NA,https://doi.org/10.1086/653654,7.694411
ilr,2010,Book Review: Historical Studies: The Living Wage: Lessons from the History of Economic Thought,NA,https://doi.org/10.1177/001979391006300313,7.6246653
le,2010,"Rising wage inequality, the decline of collective bargaining, and the gender wage gap",NA,https://doi.org/10.1016/j.labeco.2010.04.008,7.544802
aeja,2016,The Impact of High School Financial Education: Evidence from a Large-Scale Evaluation in Brazil,"We study the impact of a comprehensive high school financial education program spanning 6 states, 892 schools, and approximately 25,000 students in Brazil through a randomized control trial. The program increased student financial proficiency by a quarter of a standard deviation and raised grade-level passing rates. Short-term financial behaviors, however, show mixed results with significant improvements in students' savings and budgeting as well as positive spillovers to parents, but also an increase in students' use of expensive credit to make consumer purchases. (JEL D14, I21, O12, O16)",https://doi.org/10.1257/app.20150149,7.4979696
restat,2011,Entrepreneurship and the Business Cycle,"We find new empirical regularities in the business cycle in a cross-country panel of 22 OECD countries for the period 1972 to 2007; entrepreneurship Granger-causes the cycles of the world economy. Furthermore, the entrepreneurial cycle is positively affected by the national unemployment cycle. We discuss possible causes and implications of these findings.",https://doi.org/10.1162/rest_a_00224,7.4137135
jep,2016,The Preference for Belief Consonance,"We consider the determinants and consequences of a source of utility that has received limited attention from economists: people's desire for the beliefs of other people to align with their own. We relate this ‘preference for belief consonance’ to a variety of other constructs that have been explored by economists, including identity, ideology, homophily, and fellow-feeling. We review different possible explanations for why people care about others' beliefs and propose that the preference for belief consonance leads to a range of disparate phenomena, including motivated belief-formation, proselytizing, selective exposure to media, avoidance of conversational minefields, pluralistic ignorance, belief-driven clustering, intergroup belief polarization, and conflict. We also discuss an explanation for why disputes are often so intense between groups whose beliefs are, by external observers' standards, highly similar to one-another.",https://doi.org/10.1257/jep.30.3.165,7.303443
ej,2017,Why are Households that Report the Lowest Incomes So Well-off?,"We document that households in the UK with extremely low measured income tend to spend much more than those with merely moderately low income. This phenomenon is evident throughout three decades worth of microdata and across different employment states, levels of education and marital statuses. Of the likely explanations, we provide several arguments that discount over‐reporting of expenditure and argue that under‐reporting of income plays the major role. In particular, by using a dynamic model of consumption and saving, and paying special attention to poverty dynamics, we show that consumption smoothing cannot explain all the apparent dissaving.",https://doi.org/10.1111/ecoj.12334,7.2054996
le,2010,Comparative analysis of labor market dynamics using Markov processes: An application to informality,NA,https://doi.org/10.1016/j.labeco.2010.01.005,7.0218678
bjir,2016,Unions and Collective Bargaining in the Wake of the Great Recession: Evidence from Portugal,"Abstract Against the backdrop of its industrial relations architecture, characteristic of the ‘southern European group’ and intimately linked to the recommendations of the Troika, this paper examines four key aspects of Portuguese collective bargaining. First, it provides definitive estimates of private sector union density for that nation. Second, it models the determinants of union density at firm level. Third, it yields estimates of the union wage gap for different ranges of union density. The final issue examined is contract coverage. The received notion that the pronounced reduction in the number of industry‐wide agreements and extension ordinances of late is to be equated with a fall in coverage is shown to be a chimera, the number of workers covered by new and existing agreements remaining largely unaffected by the economic crisis. The reduced frequency of new agreements and extensions is instead attributed to downward nominal wage rigidity in low‐inflation regimes.",https://doi.org/10.1111/bjir.12198,6.987354
ei,2014,GENDER DIFFERENCES IN EXPERIMENTAL WAGE NEGOTIATIONS,"We examine behavioral gender differences and gender pairing effects in a laboratory experiment with face‐to‐face alternating‐offers wage bargaining. Our results suggest that gender differences in bargaining behavior are role‐dependent. We find that women obtain worse bargaining outcomes than men when they take on the role of employees, but not when they act as employers. Differences in bargaining outcomes can be explained by the bargaining parties' initial offers and counteroffers. We do not find evidence for behavioral differences between men and women in the process of alternating offers after first offers and counteroffers are made .( JEL J16, C78, C91)",https://doi.org/10.1111/ecin.12060,6.9481754
eer,2014,Unemployment and the coverage extension of collective wage agreements,NA,https://doi.org/10.1016/j.euroecorev.2014.06.010,6.9049497
jhr,2014,Estimating the Effects of College Characteristics over the Career Using Administrative Earnings Data,"We estimate the labor market effect of attending a highly selective college, using the College and Beyond Survey linked to Social Security Administration data. We extend earlier work by estimating effects for students that entered college in 1976 over a longer time horizon (from 1983 through 2007) and for a more recent cohort (1989). For both cohorts, the effects of college characteristics on earnings are sizeable (and similar in magnitude) in standard regression models. In selectionadjusted models, these effects generally fall to close to zero; however, these effects remain large for certain subgroups, such as for black and Hispanic students.",https://doi.org/10.1353/jhr.2014.0015,6.8159227
restat,2012,Inequality and City Size,"Abstract A strong positive monotonic relationship between wage inequality and city size developed between 1979 and 2007 in the United States. After accounting for differences in skill composition across cities of different sizes, we find that at least 23% of the nationwide increase in the variance of log hourly wages is explained by the more rapid growth in wage inequality in larger locations than in smaller locations. This influence occurred throughout the wage distribution, was most prevalent during the 1990s, and was mostly driven by more rapid growth in within-skill-group inequality in larger cities.",https://doi.org/10.1162/rest_a_00328,6.8127475
jole,2016,It’s Where You Work: Increases in the Dispersion of Earnings across Establishments and Individuals in the United States,This paper analyzes the role of establishments in the upward trend in dispersion of earnings that has become a central topic in economic analysis and policy debate. It decomposes changes in the variance of log earnings among individuals into the part due to changes in earnings among establishments and the part due to changes in earnings within establishments. The main finding is that much of the 1970s–2010s increase in earnings inequality results from increased dispersion of the earnings among the establishments where individuals work. Our results direct attention to the role of establishment-level pay setting and economic adjustments in earnings inequality.,https://doi.org/10.1086/684045,6.7433767
jole,2010,Is There Monopsony in the Labor Market? Evidence from a Natural Experiment,"Recent theoretical and empirical advances have renewed interest in monopsonistic models of the labor market. However, there is little direct empirical support for these models. We use an exogenous change in wages at Department of Veterans Affairs (VA) hospitals as a natural experiment to investigate the extent of monopsony in the nurse labor market. We estimate that labor supply to individual hospitals is quite inelastic, with short‐run elasticity around 0.1. We also find that non‐VA hospitals responded to the VA wage change by changing their own wages.",https://doi.org/10.1086/652734,6.6840186
restud,2011,Identifying Sorting--In Theory,"Assortative matching between workers and firms provides evidence of the complementarities or substitutes in production. The presence of complementarities is important for policies that aim to achieve the optimal allocation of resources, e.g. unemployment insurance. We argue that using wage data alone, it is virtually impossible to identify whether assortative matching is positive or negative. Even though we cannot identify the sign of the sorting, we can identify the strength, i.e. the magnitude of the cross-partial and the associated welfare loss. We first show that the wage for a given worker is non-monotonic in the type of his employer. This is due to the fact that in a sorting model, wages reflect the opportunity cost of mismatch. We analytically show that this non-monotonicity prevents standard firm fixed effects to correlate with the true type of the firm. We then propose an alternative procedure that measures the strength of sorting in the presence of search frictions. Knowing the strength of sorting facilitates the measurement of the output loss due to mismatch.",https://doi.org/10.1093/restud/rdq034,6.6141834
aer,2011,100 Years of the <i>American Economic Review</i>: The Top 20 Articles,This paper presents a list of the top 20 articles published in the American Economic Review during its first 100 years. This list was assembled in honor of the AER's one-hundredth anniversary by a group of distinguished economists at the request of AER's editor. A brief description accompanies the citations of each article.,https://doi.org/10.1257/aer.101.1.1,6.5621743
ir,2018,"Minimum Cash Wages, Tipped Restaurant Workers, and Poverty","This is the first study to examine the effect of increases in the tipped minimum cash wage—the wage employers must pay to tipped employees—on poverty. Using March Current Population Survey data (1988–2014), we find that tipped minimum cash wage increases are associated with declines in the risk of a tipped restaurant worker living in a poor family (elasticities around –0.2). However, we find little evidence of poverty‐alleviating effects when using the household rather than the family as the sharing unit. This result is consistent with evidence that a substantial share of tipped workers who live in a poor family live in a nonpoor household with persons unrelated by blood, marriage, or adoption who contribute to the household's income. Furthermore, we find that tipped minimum cash wage hikes are associated with increases in the risk of a younger, less‐educated individual living in a poor family or household. Adverse labor demand effects that redistribute income among low‐skilled individuals drive these results. We conclude that raising the tipped minimum cash wage is a poorly targeted policy to deliver income to poor restaurant workers.",https://doi.org/10.1111/irel.12215,6.5608816
oep,2015,Public-private wage duality during the Greek crisis,"During the recent crisis, Greece experienced a severe contraction and rapid transformation in its labour relations and pay-setting system in both the private and public sectors. Although the quantity (employment) adjustments that followed have been well documented, the changes that were triggered in the wage structures of the two sectors remain largely unexplored. In this article we examine these changes using Greek Labour Force Survey micro-data. We find a differential adjustment across sectors in terms of magnitude, timing, and structure. Despite general perceptions, adjustment in public sector wages has been slow and limited, with pre-crisis premia persisting throughout the period. Instead, the private sector recorded substantial adjustment, changing noticeably its valuation of worker and job characteristics and emerging from the crisis with a structure of returns that rewards more intensively marketable skills. This may be an important feature in the prospective recovery of the Greek economy.",https://doi.org/10.1093/oep/gpv054,6.547654
jce,2015,Lower coverage but stronger unions? Institutional changes and union wage premia in Central Europe,NA,https://doi.org/10.1016/j.jce.2015.08.001,6.529845
bjir,2017,"Living Wages around the World, by RichardAnker and MarthaAnker. Edward Elgar, Cheltenham, 2017, 392 pp., ISBN: 978‐1786431479, £29.95, paperback.",NA,https://doi.org/10.1111/bjir.12261,6.529414
aeja,2011,Government Transfers and Political Support,"This paper estimates the impact of a large anti-poverty cash transfer program, the Uruguayan PANES, on political support for the government that implemented it. Using the discontinuity in program assignment based on a pretreatment eligibility score, we find that beneficiary households are 11 to 13 percentage points more likely to favor the current government relative to the previous government. Political support effects persist after the program ends. Our results are consistent with theories of rational but poorly informed voters who use policy to infer politicians' redistributive preferences or competence, as well as with behavioral economics explanations grounded in reciprocity. (JEL D72, H23, H53, I38, O15, O17)",https://doi.org/10.1257/app.3.3.1,6.472979
aer,2017,Trade Liberalization and Regional Dynamics,"We study the evolution of trade liberalization's effects on Brazilian local labor markets. Regions facing larger tariff cuts experienced prolonged declines in formal sector employment and earnings relative to other regions. The impact of tariff changes on regional earnings 20 years after liberalization was three times the effect after 10 years. These increasing effects on regional earnings are inconsistent with conventional spatial equilibrium models, which predict declining effects due to spatial arbitrage. We investigate potential mechanisms, finding empirical support for a mechanism involving imperfect interregional labor mobility and dynamics in labor demand, driven by slow capital adjustment and agglomeration economies. This mechanism gradually amplifies the effects of liberalization, explaining the slow adjustment path of regional earnings and quantitatively accounting for the magnitude of the long-run effects. (JEL F16, J23, J31, J61, O15, O19, R23)",https://doi.org/10.1257/aer.20161214,6.4550447
bjir,2015,Improving Working Conditions in Garment Supply Chains: The Role of Unions in Cambodia,"Abstract Given the disappointing outcomes of private regulation of labour in global supply chains, worker organization is increasingly seen as the key to better working conditions. This article examines the extent to which unions impact different dimensions of labour standard compliance in Cambodia's garment export sector, where unions have grown considerably. Based on unique factory‐level data and field‐based interviews, this study shows that union presence improves factories’ compliance with wage, hours, and leave standards, although the impact is much less significant for health and safety. Moreover, having multiple unions in the workplace does not appear to improve labour conditions.",https://doi.org/10.1111/bjir.12118,6.4107003
le,2016,Scars of recessions in a rigid labor market,NA,https://doi.org/10.1016/j.labeco.2016.05.009,6.3739567
bjir,2015,"Minimum Wages, Pay Equity, and Comparative Industrial Relations, edited by DamianGrimshaw. Routledge, London, 2013, 272 pp., ISBN: 978 0 415 81881 0, £84.00, hardback.",NA,https://doi.org/10.1111/bjir.12101,6.356885
aer,2011,Trends in Employment and Earnings of Allowed and Rejected Applicants to the Social Security Disability Insurance Program,"Longitudinal administrative data show that rejected male applicants to the Disability Insurance (DI) program who are younger or have low-mortality impairments such as back pain and mental health problems exhibit substantial labor force attachment. While we confirm that employment rates of older rejected applicants are low, continued high numbers of younger and low-mortality beneficiaries have raised the potential employment of DI beneficiaries. Three findings support economic inducement to apply. Mean preapplication earnings have fallen, rejected applicants experience preapplication declines in earnings, and beneficiaries whose first applications were rejected at the DDS level but who ultimately received benefits exhibit substantial employment. JEL: H55, J14, J28, J31",https://doi.org/10.1257/aer.101.7.3308,6.2753983
ej,2017,Labour Market Responses to Immigration: Evidence from Internal Migration Driven by Weather Shocks,"We study the labour market impact of internal migration in Indonesia by instrumenting migrant flows with rainfall shocks at the origin area. Estimates reveal that a one percentage point increase in the share of migrants decreases income by 0.97% and reduces employment by 0.24 percentage points. These effects are different across sectors: employment reductions are concentrated in the formal sector, while income reduction occurs in the informal sector. Negative consequences are most pronounced for low‐skilled natives, even though migrants are systematically highly skilled. We suggest that the two‐sector nature of the labour market may explain this pattern.",https://doi.org/10.1111/ecoj.12510,6.1633425
jhr,2015,"Wages, Youth Employment, and School Enrollment: Recent Evidence from Increases in World Oil Prices","To access this productThis product, Catalogue no.11F0019M, is",https://doi.org/10.1353/jhr.2015.0007,6.130802
aer,2016,Building State Capacity: Evidence from Biometric Smartcards in India,"Antipoverty programs in developing countries are often difficult to implement; in particular, many governments lack the capacity to deliver payments securely to targeted beneficiaries. We evaluate the impact of biometrically authenticated payments infrastructure (“Smartcards”) on beneficiaries of employment (NREGS) and pen sion (SSP) programs in the Indian state of Andhra Pradesh, using a large-scale experiment that randomized the rollout of Smartcards over 157 subdistricts and 19 million people. We find that, while incompletely implemented, the new system delivered a faster, more predictable, and less corrupt NREGS payments process without adversely affecting program access. For each of these outcomes, treatment group distributions first-order stochastically dominated those of the control group. The investment was cost-effective, as time savings to NREGS beneficiaries alone were equal to the cost of the intervention, and there was also a significant reduction in the “leakage” of funds between the government and beneficiaries in both NREGS and SSP programs. Beneficiaries overwhelmingly preferred the new system for both programs. Overall, our results suggest that investing in secure payments infrastructure can significantly enhance “state capacity” to implement welfare programs in developing countries. (JEL H53, H55, I32, I38, J65)",https://doi.org/10.1257/aer.20141346,6.0016255
le,2015,Does the cost of child care affect female labor market participation? An evaluation of a French reform of childcare subsidies,NA,https://doi.org/10.1016/j.labeco.2015.07.003,6.0014963
le,2016,The effect of the potential duration of unemployment benefits on unemployment exits to work and match quality in France,NA,https://doi.org/10.1016/j.labeco.2016.06.003,5.9833217
jpub,2012,The employment effects of low-wage subsidies,NA,https://doi.org/10.1016/j.jpubeco.2012.09.007,5.9813447
jpub,2017,Unemployment insurance and reservation wages: Evidence from administrative data,NA,https://doi.org/10.1016/j.jpubeco.2017.05.002,5.977509
izajl,2015,Using online vacancies and web surveys to analyse the labour market: a methodological inquiry,"Abstract This paper discusses methodological issues arising from the use of online job vacancy data and voluntary web-based surveys to analyse the labour market. We highlight the advantages and possible disadvantages of using online data and suggest strategies for overcoming selected methodological issues. We underline the difficulties in adjusting for representativeness of online job vacancies, but nevertheless argue that this rich source of data should be exploited. JEL codes: E4, J2",https://doi.org/10.1186/s40172-015-0034-4,5.881516
ecta,2014,Non-Manipulable House Allocation With Rent Control,"In many real-life house allocation problems, rents are bounded from above by price ceilings imposed by a government or a local administration. This is known as rent control. Because some price equilibria may be disqualified given such restrictions, this paper proposes an alternative equilibrium concept, called rationing price equilibrium, tailored to capture the specific features of housing markets with rent control. An allocation rule that always selects a rationing price equilibrium is defined, and it is demonstrated to be constrained efficient and (group) non-manipulable for ""almost all"" preference profiles. In its bounding cases, the rule reduces to a number of well-known mechanisms from the matching literature. In this sense, the housing market with rent control investigated in this paper integrates several of the predominant matching models into a more general framework.",https://doi.org/10.3982/ecta10893,5.8567076
bjir,2016,"What Does the Minimum Wage Do?, by DaleBelman and PaulWolfson. W.E. Upjohn Institute for Employment Research, Kalamazoo, MI, 2014, 471 pp., ISBN: 9780880994569, $35.00, paperback.",NA,https://doi.org/10.1111/bjir.12168,5.8220296
bjir,2016,"False Self‐Employment, Autonomy and Regulating for Decent Work: Improving Working Conditions in the UK Stripping Industry","Abstract A large‐scale study of working conditions in UK‐based strip dancing clubs reveals that dancers are against de facto self‐employment as it is defined and practised by management, but in favour of de jure self‐employment that ensures sufficient levels of autonomy and control in the workplace. While dancers could potentially seek ‘worker’ or ‘employee’ status within the existing legal framework, their strong identification with the label ‘self‐employed’ and their desire for autonomy will likely inhibit these labour rights claims. We propose an alternative avenue for improving dancers’ working conditions, whereby self‐employed dancers articulate their grievances as a demand for decent work, pursued through licensing agreements between clubs and local authorities and facilitated by collective organization.",https://doi.org/10.1111/bjir.12201,5.7216153
jep,2013,The Pay of Corporate Executives and Financial Professionals as Evidence of Rents in Top 1 Percent Incomes,"The debate over the extent and causes of rising inequality of American incomes and wages has now raged for at least two decades. In this paper, we will make four arguments. First, the increase in the incomes and wages of the top 1 percent over the last three decades should be interpreted as driven largely by the creation and/or redistribution of economic rents, and not simply as the outcome of well-functioning competitive markets rewarding skills or productivity based on marginal differences. This rise in rents accruing to the top 1 percent could be the result of increased opportunities for rentshifting, increased incentives for rent-shifting, or a combination of both. Second, this rise in incomes at the very top has been the primary impediment to having growth in living standards for low- and moderate-income households approach the growth rate of economy-wide productivity. Third, because this rise in top incomes is largely driven by rents, there is the potential for checking (or even reversing) this rise through policy measures with little to no adverse impact on overall economic growth. Lastly, this analysis suggests two complementary approaches for policymakers wishing to reverse the rise in the top 1 percent's share of income: dismantling the institutional sources of their increased ability to channel rents their way and/or reducing the return to this rent-seeking by significantly increasing marginal rates of taxation on high incomes.",https://doi.org/10.1257/jep.27.3.57,5.6924534
aer,2017,The Expanding Gender Earnings Gap: Evidence from the LEHD-2000 Census,"The gender earnings gap is an expanding statistic over the lifecycle. We use the LEHD Census 2000 to understand the roles of industry, occupation, and establishment 14 years after leaving school. The gap for college graduates 26 to 39 years old expands by 34 log points, most occurring in the first 7 years. About 44 percent is due to disproportionate shifts by men into higher-earning positions, industries, and firms and about 56 percent to differential advances by gender within firms. Widening is greater for married individuals and for those in certain sectors. Non-college graduates experience less widening but with similar patterns.",https://doi.org/10.1257/aer.p20171065,5.6794705
jhr,2017,Effective Policy for Reducing Poverty and Inequality?,"Hilary W. Hoynes⇑ and Ankur J. Patel Hoynes is a Professor of Economics and Public Policy at the Goldman School of Public Policy, University of California, Berkeley. She is also a Research Associate for the National Bureau of Economic Research. Ankur Patel is a Financial Economist at the U.S. Department of the Treasury. Hilary Hoynes, Goldman School of Public Policy, University of California Berkeley, 2607 Hearst Avenue, Berkeley, CA 94720 (hoynes{at}berkeley.edu).",https://doi.org/10.3368/jhr.53.4.1115.7494r1,5.6588016
le,2014,"The great compression of the French wage structure, 1969–2008",NA,https://doi.org/10.1016/j.labeco.2014.04.009,5.639614
le,2012,"Trade liberalization, labor reforms and formal–informal employment dynamics",NA,https://doi.org/10.1016/j.labeco.2012.03.001,5.6227
bjir,2018,Migrating Industrial Relations: Migrant Workers’ Initiative Within and Outside Trade Unions,"Abstract This article develops an embedded actor‐centred framework for studying the mobilization and bargaining practices of migrant workers. This framework is applied to examine two instances of labour organizing by low‐paid Latin American workers in London showing how migrant workers can develop innovative collective initiatives located at the junction of class and ethnicity that can be effective and rewarding in material and non‐material terms. In particular, the article shows that while there is a growing interest on the part of established unions to represent migrant workers, their bargaining and mobilization strategies appear inadequate to accommodate the bottom‐up initiatives of such workers who, as a result, have started to articulate them independently. On the basis of the findings obtained, we thus argue in favour of an actor‐centred framework to the study of migration and IR to better identify migrant workers’ interests, identities and practices as shaped by complex regulatory and social context.",https://doi.org/10.1111/bjir.12308,5.6042933
izajl,2012,Persistent inter‐industry wage differences: rent sharing and opportunity costs,"Abstract Abstract We reconsider the potential for explaining inter‐industry wage differences by decomposing those differences into parts due to individual and employer heterogeneity, respectively. Using longitudinally linked employer‐employee data, we estimate the model for the United States and France. The part arising from individual heterogeneity can be theoretically and empirically related to the worker’s opportunity wage rate. The part arising from employer heterogeneity can similarly be related to product market quasi‐rents and relative bargaining power. We find that these two variables are highly correlated with both parts of the differential in France. Although the U.S. inter‐industry wage differentials are strongly correlated with those in France, the decomposition is more nuanced in the American data, where the opportunity wage rate and the product market conditions are related to both the personal and employer heterogeneity. JEL codes J31, J50, L10",https://doi.org/10.1186/2193-8997-1-7,5.5926166
ilr,2015,A Road Map to Vocational Education and Training in Industrialized Countries,"Young people have been among those most affected by the recent financial crisis. Vocational education and training (VET) is often viewed as the silver bullet for the youth joblessness problem. In this article, the authors provide a better understanding of VET in industrialized countries, proposing a typology with three types of vocational systems: 1) vocational and technical schools, 2) formal apprenticeships, and 3) dual apprenticeship systems that combine school training with a firm-based approach. They first describe the strengths and challenges of each system. They subsequently review the evidence of the effectiveness of VET versus general education and the relative effectiveness of the different VET systems. Results indicate that VET is a valued alternative beyond the core of general education and that the use of apprenticeships combined with institutional learning tends to be more effective than school-based VET.",https://doi.org/10.1177/0019793914564963,5.5784726
jole,2010,The Elasticity of Labor Supply at the Establishment Level,"Monopsonistic wage‐setting power requires that the supply of labor directed toward individual establishments is upward sloping. This study utilizes institutional features to identify the supply curve. The elasticity of labor supply is estimated using data for the Norwegian teacher labor market in a period where the only variation in the wage level was determined centrally and with information on whether there is excess demand or not at the school level. In fixed‐effects models, the supply elasticity faced by individual schools is estimated to about 1.4 and is in the range 1.0–1.9 in different model specification.",https://doi.org/10.1086/649905,5.572927
ilr,2010,Effort and Comparison Income: Experimental and Survey Evidence,"The authors test the hypothesis that individual effort on the job depends both on one's own income and on the individual's position in the relevant income distribution. Combining experimental evidence from a gift-exchange game with multi-country ISSP survey data, they analyze the extent to which relative income affects an individual's effort, finding that an individual's rank in the income distribution more strongly determines effort than does others' average income, which suggests that comparisons are more ordinal than cardinal. Their experiment also reveals that comparisons over time affect effort: individuals who received higher income offers or enjoyed higher income rank in the past exerted lower levels of effort for a given current income and rank.",https://doi.org/10.1177/001979391006300303,5.5097065
jep,2013,"Latin America's Social Policy Challenge: Education, Social Insurance, Redistribution","Long regarded as a region beset by macroeconomic instability, high inflation, and excessive poverty and inequality, Latin America has undergone a major transformation over the last 20 years. The region has seen improved macroeconomic management and substantial and sustained reductions in poverty and inequality. In this paper, we argue that social policy, including human capital and education, social insurance, and redistribution, need special attention if achievements of the last two decades are to be sustained and amplified. Starting in the mid 1990s, many governments in the region introduced a variety of programs, including noncontributory pensions and health insurance, and cash transfers targeted to the poor. Social spending in Latin America increased sharply. These policies have been widely praised, and we believe they have resulted in substantial improvements in the lives of the poor in the region. However, a more nuanced view shows some worrisome trends. Moving forward, we believe it is necessary to pay much closer attention to the quality of services, particularly in education; to the incentives generated by the interplay of some programs, particularly in the labor market; to a more balanced intertemporal distribution of benefits, particularly between young and old; and to sustainable sources of finance, particularly to the link between contributions and benefits.",https://doi.org/10.1257/jep.27.2.193,5.5088406
aeja,2013,"Risk Protection, Service Use, and Health Outcomes under Colombia's Health Insurance Program for the Poor","Unexpected medical care spending imposes considerable financial risk on developing country households. Based on managed care models of health insurance in wealthy countries, Colombia's Régimen Subsidiado is a publicly financed insurance program targeted to the poor, aiming both to provide risk protection and to promote allocative efficiency in the use of medical care. Using a “fuzzy” regression discontinuity design, we find that the program has shielded the poor from some financial risk while increasing the use of traditionally underutilized preventive services—with measurable health gains. (JEL G22, I13, I18, I38, O15)",https://doi.org/10.1257/app.5.4.61,5.4965463
jhr,2014,Estimating the Effects of College Characteristics over the Career Using Administrative Earnings Data,"Abstract We estimate the labor market effect of attending a highly selective college, using the College and Beyond Survey linked to Social Security Administration data. We extend earlier work by estimating effects for students that entered college in 1976 over a longer time horizon (from 1983 through 2007) and for a more recent cohort (1989). For both cohorts, the effects of college characteristics on earnings are sizeable (and similar in magnitude) in standard regression models. In selection-adjusted models, these effects generally fall to close to zero; however, these effects remain large for certain subgroups, such as for black and Hispanic students.",https://doi.org/10.3368/jhr.49.2.323,5.465917
aer,2017,Global Inequality Dynamics: New Findings from WID.world,"This paper presents new findings on global inequality dynamics from the World Wealth and Income Database (WID.world), with particular emphasis on the contrast between the trends observed in the United States, China, France, and the United Kingdom. We observe rising top income and wealth shares in nearly all countries in recent decades. But the magnitude of the increase varies substantially, thereby suggesting that different country-specific policies and institutions matter considerably. Long-run wealth inequality dynamics appear to be highly unstable. We stress the need for more democratic transparency on income and wealth dynamics and better access to administrative and financial data.",https://doi.org/10.1257/aer.p20171095,5.3998475
jpub,2010,Social identity and preferences over redistribution,NA,https://doi.org/10.1016/j.jpubeco.2009.12.003,5.372128
ej,2017,The Power of Bias in Economics Research,"We investigate two critical dimensions of the credibility of empirical economics research: statistical power and bias. We survey 159 empirical economics literatures that draw upon 64,076 estimates of economic parameters reported in more than 6,700 empirical studies. Half of the research areas have nearly 90% of their results under‐powered. The median statistical power is 18%, or less. A simple weighted average of those reported results that are adequately powered (power ≥ 80%) reveals that nearly 80% of the reported effects in these empirical economics literatures are exaggerated; typically, by a factor of two and with one‐third inflated by a factor of four or more.",https://doi.org/10.1111/ecoj.12461,5.357024
le,2018,"Job polarization, technological change and routinization: Evidence for Portugal",NA,https://doi.org/10.1016/j.labeco.2018.02.003,5.3566437
bjir,2016,"Minimum Wage, Collective bargaining and Economic Development in Asia and Europe: A Labour Perspective, edited by MaartenVanKlaveren, DenisGregory and ThorstenSchulten. Palgrave Macmillan, Basingstoke, 2015, 365 pp., ISBN: 978‐1‐137‐51240‐6, Hardback.",NA,https://doi.org/10.1111/bjir.12180,5.3491907
sej,2018,Household Informedness and Long‐Run Inflation Expectations: Experimental Evidence,"This article uses an experiment embedded in a survey to analyze the response of consumers' long‐run inflation expectations to information about the Federal Reserve's inflation target and past inflation. On average, respondents revise forecasts toward the 2% target with either information treatment. Forecast uncertainty and heterogeneity decline with the treatments, but remain substantial. Since the information in the treatments is publicly available, these findings are consistent with models of imperfect information in which agents do not fully and continually update their information sets or incorporate all available information into their expectations. Response to treatments varies with prior informedness and with demographic characteristics.",https://doi.org/10.1002/soej.12306,5.3058753
le,2012,Public infrastructure provision and skilled–unskilled wage inequality in developing countries,NA,https://doi.org/10.1016/j.labeco.2012.08.007,5.295413
jole,2015,Motivating Agents: How Much Does the Mission Matter?,"Economic theory predicts that agents work harder if they believe in the mission of the organization. We conduct a real-effort experiment with workers whose mission preferences are known, randomly assigning them to organizations with clear missions to create both matches and mismatches. Our estimates suggest that matching is a strong motivator, especially compared to mismatches. Further, we find that performance pay increases effort, though mostly among mismatched workers who substitute pay for matching. Our results suggest the importance of defining a clear mission to an organization and highlight the significance of sorting, screening, and compensation policies.",https://doi.org/10.1086/682345,5.2770424
aer,2011,Frictional Wage Dispersion in Search Models: A Quantitative Assessment,"We propose a new measure of frictional wage dispersion: the meanmin wage ratio. For a large class of search models, we show that this measure is independent of the wage-offer distribution but depends on statistics of labor-market turnover and on preferences. Under plausible preference parameterizations, observed magnitudes for worker flows imply that in the basic search model, and in most of its extensions, frictional wage dispersion is very small. Notable exceptions are some of the most recent models of on-the-job search. Our new measure allows us to rationalize the diverse empirical findings in the large literature estimating structural search models. (JEL D81, D83, J31, J41, J64)",https://doi.org/10.1257/aer.101.7.2873,5.276097
el,2017,Coping with change: International differences in the returns to skills,NA,https://doi.org/10.1016/j.econlet.2017.01.007,5.230295
labour,2010,Dropping the Books and Working Off the Books,"Abstract The paper empirically tests the relationship between underground labour and schooling achievement for Italy, a country ranking badly in both respects when compared with other high‐income economies, with a marked duality between North and South. In order to identify underground workers, we exploit the information on individuals' social security positions available from the Bank of Italy's Survey on Household Income and Wealth. After controlling for a wide range of sociodemographic and economic variables and addressing potential endogeneity and selection issues, we show that a low level of education sizeably and significantly increases the probability of working underground. Switching from completing compulsory school to graduating at college more than halves this probability for both men and women. The gain is slightly higher for individuals completing the compulsory track with respect to those having no formal education at all. The different probabilities found for self‐employed and dependent workers support the view of a dual informal sector, in which necessity and desirability coexist.",https://doi.org/10.1111/j.1467-9914.2010.00479.x,5.2177978
aer,2010,Okun's Law and Productivity Innovations,"A long tradition in macroeconomics dating back to Arthur Okun (1965) and Walter Oi (1962) regards cyclical productivity fluctuations as an artifact, a residual generated from the incomplete and lagged response of employment and labor hours to demand-driven fluctuations in real output. In Okun’s version a one percent decline in output relative to trend is divided up into a reduction of 1 ⁄3 point in productivity and 2 ⁄3 point in aggregate hours. The latter is further subdivided into a reduction of 1 ⁄3 point in the employment rate, with the remaining adjustment taking the form of lower hours per employee and in the labor force participation rate (hereafter LFPR). Yet this tradition of regarding cyclical productivity fluctuations as a byproduct of demand-driven output cycles has been almost forgotten over the past three decades as a result of widespread adoption of the real business cycle (RBC) model in which productivity shocks are treated as exogenous, as unexplained, as unrelated to aggregate demand, and as the sole driver of business cycles. Even in the more enlightened modern macro work on Dynamic Stochastic General Equilibrium Models, aggregate demand and sticky prices have reappeared, but most recent papers still include an autonomous “technology shock” as one of several causes of short-term business cycle fluctuations. Revisiting and Rethinking the Business CyCle †",https://doi.org/10.1257/aer.100.2.11,5.201109
le,2011,Labour markets in developing countries,NA,https://doi.org/10.1016/j.labeco.2011.10.003,5.1863265
jce,2013,Globalization and labor market institutions: International empirical evidence,NA,https://doi.org/10.1016/j.jce.2013.02.002,5.1820126
bjir,2010,Remaking the World of Chinese Labour: A 30‐Year Retrospective,"Abstract Over the past 30 years, labour relations, and, indeed, the entirety of working‐class politics in China, have been dramatically altered by economic reforms. In this review, we focus on the two key processes of commodification and casualization and their implications for workers. On the one hand, these processes have resulted in the destruction of the old social contract and the emergence of marketized employment relations. This has implied a loss of the job security and generous benefits enjoyed by workers in the planned economy. On the other hand, commodification and casualization have produced significant but localized resistance from the Chinese working class. Up until now, the activities of labour non‐governmental organizations and of the official trade unions have contributed to the state's effort of individualizing and institutionalizing labour conflict resolution through labour law and arbitration mechanisms. Finally, we provide a brief discussion of the impact of 2008's Labour Contract Law and the outbreak of the economic crisis on labour relations. We conclude that the continual imbalance of power at the point of production presents a real dilemma for the Chinese state as it attempts to shift away from a model of development dependent on exports.",https://doi.org/10.1111/j.1467-8543.2010.00814.x,5.1140275
jpe,2010,Can Pay Regulation Kill? Panel Data Evidence on the Effect of Labor Markets on Hospital Performance,"In many sectors, pay is regulated to be equal across heterogeneous geographical labor markets. When the competitive outside wage is higher than the regulated wage, there are likely to be falls in quality. We exploit panel data from the population of English hospitals in which regulated pay for nurses is essentially flat across the country. Higher outside wages significantly worsen hospital quality as measured by hospital deaths for emergency heart attacks. A 10 percent increase in the outside wage is associated with a 7 percent increase in death rates. Furthermore, the regulation increases aggregate death rates in the public health care system.",https://doi.org/10.1086/653137,5.113322
ilr,2010,Union Organizing in China: Still a Monolithic Labor Movement?,"In contrast to much of the research that treats the official All China Federation of Trade Unions (ACFTU) as a monolithic organization, the author argues that there is considerable variation within ACFTU in terms of local union organizing strategies. Using extensive field research and interviews with regional union officials, grassroots union cadres, shop floor workers, and employers and managers in China during the period 2005–2007, the author contributes to an understanding of contemporary trade union strategies in China. Moreover, his analysis of regional union strategies suggests three patterns of union organizing: the traditional ACFTU pattern, the union association pattern, and the regional, industry-based bargaining pattern, each with vastly different consequences for the future of trade unions and collective bargaining in China.",https://doi.org/10.1177/001979391006400102,4.9961286
le,2011,"Wage inequality, technology and trade: 21st century evidence",NA,https://doi.org/10.1016/j.labeco.2011.05.006,4.990052
jhr,2016,Changes in Returns to Task-Specific Skills and Gender Wage Gap,"Shintaro Yamaguchi⇑ Shintaro Yamaguchi is an associate professor of economics at The University of Tokyo. The data used in this article can be obtained beginning August 2018 through August 2021 from Shintaro Yamaguchi, Graduate School of Economics, The University of Tokyo, 7-3-1 Hongo, Bunkyo-ku, Tokyo 113-0033 Japan, syamaguchi{at}e.u-tokyo.ac.jp.",https://doi.org/10.3368/jhr.53.1.1214-6813r2,4.9795966
ej,2016,The Cycle of Earnings Inequality: Evidence from Spanish Social Security Data,"We use detailed information from social security records to document the evolution of male earnings inequality and employment in Spain from 1988 to 2010. We find that inequality was strongly countercyclical: it increased around the 1993 recession, experienced a substantial decrease during the 1997–2007 expansion and then a sharp increase during the recent recession. This evolution went in parallel with the cyclicality of employment in the lower middle part of the wage distribution. Our findings highlight the importance of the housing boom and bust in this evolution, suggesting that demand shocks in the construction sector had large effects on aggregate labour market outcomes.",https://doi.org/10.1111/ecoj.12368,4.9680085
icc,2018,"Causes and consequences of hysteresis: aggregate demand, productivity, and employment","In this work we develop an agent-based model where hysteresis in major macroeconomic variables (e.g., gross domestic product, productivity, unemployment) emerges out of the decentralized interactions of heterogeneous firms and workers. Building upon the ""Schumpeter meeting Keynes"" family of models (cf. in particular Dosi et al. (2016b, 2017c)), we specify an endogenous process of accumulation of workers' skills and a state-dependent process of firms entry. Indeed, hysteresis is ubiquitous. However, this is not due to market imperfections, but rather to the very functioning of decentralized economies characterized by coordination externalities and dynamic increasing returns. So, contrary to the insider–outsider hypothesis (Blanchard and Summers, 1986), the model does not support the findings that rigid industrial relations may foster hysteretic behavior in aggregate unemployment. On the contrary, this contribution provides evidence that during severe downturns, and thus declining aggregate demand, phenomena like decreasing investment and innovation rates, skills deterioration, and declining entry dynamics are better candidates to explain long-run unemployment spells and reduced output growth. In that, more rigid labor markets may well dampen hysteretic dynamics by sustaining aggregate demand, thus making the economy more resilient.",https://doi.org/10.1093/icc/dty010,4.948143
restat,2012,Knowledge Transfers from Multinational to Domestic Firms: Evidence from Worker Mobility,"Labor turnover is a commonly cited mechanism for the transmission of technology from multinational to domestic firms. Using a matched establishment-worker database from Brazil, I present evidence consistent with positive multinational wage spillovers through worker mobility. When workers leave multinationals and are rehired at domestic establishments, continuing-workers' wages increase. To my knowledge, this avenue for wage spillovers has not previously been explored. The paper also investigates where spillovers occur and how they are absorbed to demonstrate heterogeneous impacts. Higher-skilled former multinational workers are better able to transfer information, and higher-skilled incumbent domestic workers are better able to absorb information.",https://doi.org/10.1162/rest_a_00258,4.9478354
aejp,2011,Personal Retirement Accounts and Saving,"Aging populations are leading countries worldwide to social security reforms. Many countries are moving from pay-as-you-go to personal retirement account (PRA) systems because of their financial sustainability and positive impact on private savings. PRA systems boost private savings at a macro level by converting a government liability into financial wealth managed by private fund managers. However, at a micro level, changes in retirement wealth affect individuals' saving and consumption patterns through their working lives. Retirement wealth increased for lower-income workers after Mexico introduced PRAs, crowding out saving, increasing consumption, and offsetting some of the PRA effect on private savings. (JEL D14, E21, H55, J26, O16).",https://doi.org/10.1257/pol.3.4.1,4.938213
restat,2013,Monopsony in the Low-Wage Labor Market? Evidence from Minimum Nurse Staffing Regulations,"Abstract This paper provides direct evidence on the extent of monopsony power in the low-wage labor market by estimating the firm-level elasticity of labor supply for nurse aides in the long-term care (nursing home) industry. Using exogenous variation in hiring induced by the passage of a state minimum nurse staffing law, I find that facilities initially out of compliance with the new law did not have to raise their wage offers relative to their competitors in order to hire more nurses. While this is consistent with perfect competition in simple monopsony models of the labor market, I discuss how the results may be more ambiguous in more complicated models.",https://doi.org/10.1162/rest_a_00361,4.9279623
jep,2018,Universal Basic Incomes versus Targeted Transfers: Anti-Poverty Programs in Developing Countries,"Of the 17 Sustainable Development Goals articulated by the United Nations, number one is the elimination of extreme poverty by 2030. While future economic growth should continue to reduce poverty, it will not solve the problem by itself; thus, there is a potentially important role for national-level transfer programs that assist poor families in developing countries. Such programs are often run by developing country governments. Many countries have implemented transfer programs that seek to target beneficiaries: that is, to identify who is poor and then to restrict transfers to those individuals. Some people have begun to advocate for “universal basic income” programs, which dispense with trying to identify the poor and instead provide transfers to everyone. We begin by considering the universal basic income as part of the solution to an optimal income-taxation problem, focusing on the case of developing countries, where there is limited income data and inclusion in the formal tax system is low. We examine how the targeting of transfer programs is conducted in these settings, and provide empirical evidence on the tradeoffs involved between universal basic income and targeted transfer schemes using data from Indonesia and Peru—two countries that run nationwide transfer programs that are targeted to the poor. We conclude by linking our findings back to the broader policy debate on what tools should be preferred for redistribution, as well as the practical challenges of administering them in developing countries.",https://doi.org/10.1257/jep.32.4.201,4.92718
bjir,2014,Rule Enactment in a Pan‐<scp>E</scp>uropean Labour Market: Transnational Posted Work in the<scp>G</scp>erman Construction Sector,"Abstract This article analyses the micro‐level rule enactment of the posting of workers framework in the G erman construction sector. I examine how actors draw on different power resources in order to influence policies without formal negotiation within transnational workspaces and thereby initiate institutional change. Drawing on interviews with posted workers, managers, unionists, works councillors and labour inspectors I show how transnational subcontracting allows the emergence of different regulatory spaces at national and workplace level. The article concludes that the informal renegotiation of employment relations in transnational workspaces is likely to destabilize the posting framework negotiated at policy level.",https://doi.org/10.1111/bjir.12053,4.8823676
bjir,2014,"An International Study of Trade Union Involvement in Community Organizing: Same Model, Different Outcomes","Abstract This article reports on a two‐year study of union/community organizing in the UK , USA and A ustralia. It takes a particular model of organizing — that of the I ndustrial A reas F oundation — and analyses trade union engagement in coalition‐building activity in each of the three countries. Findings show mixed approaches to working with community groups from ad hoc instrumentalism to deep coalition‐building. While these variations may, in part, be explained by different industrial relations contexts, it appears that the ‘fit’ between ideology and culture of unions and their coalition partners, as well as the practices and strategies that reinforce this fit, have much greater effect on the attitude and behaviour of unions towards non‐workplace‐based organizing. The article contributes to debates about the conditions under which unions succeed (or not) in sustaining strong coalition‐building beyond their traditional constituencies.",https://doi.org/10.1111/bjir.12098,4.877871
le,2014,What do labor market institutions do?,NA,https://doi.org/10.1016/j.labeco.2014.06.007,4.872349
bjir,2011,Rethinking Institutions and Institutional Change in European Industrial Relations,"This article traces the process of institutional change in industrial relations in Britain, France and Sweden over the last quarter-century in order to identify the mechanisms and forms of institutional change. These three cases demonstrate a high degree of institutional plasticity, and a greater convergence in industrial relations than comparisons of national institutions have tended to suggest. These findings in turn suggest the need to rethink both the role of institutions and the nature of institutional change in comparative political economy.",https://doi.org/10.1111/j.1467-8543.2010.00846.x,4.8300285
jhr,2010,Is Marriage Always Good for Children?: Evidence from Families Affected by Incarceration,"Never-married motherhood is associated with worse educational outcomes for children. But this association may reflect other factors that also determine family structure, rather than causal effects. We use incarceration rates for men as instrumental variables in estimating the effect of never-married motherhood on the high school dropout rate of black and Hispanic children. We find that unobserved factors drive the negative relationship between never-married motherhood and child education, at least for children of women whose marriage decisions are affected by incarceration of men. For Hispanics we find evidence that these children actually may be better off living with a never-married mother.",https://doi.org/10.1353/jhr.2010.0026,4.8214808
jce,2015,"Human capital, employment protection and growth in Europe",NA,https://doi.org/10.1016/j.jce.2015.01.007,4.810141
eer,2011,Government policy in the formal and informal sectors,NA,https://doi.org/10.1016/j.euroecorev.2011.04.010,4.80353
restat,2010,Inference with “Difference in Differences” with a Small Number of Policy Changes,"In difference-in-differences applications, identification of the key parameter often arises from changes in policy by a small number of groups. In contrast, typical inference assumes that the number of groups changing policy is large. We present an alternative inference approach for a small (finite) number of policy changers, using information from a large sample of nonchanging groups. Treatment effect point estimators are not consistent, but we can consistently estimate their asymptotic distribution under any point null hypothesis about the treatment. Thus, treatment point estimators can be used as test statistics, and confidence intervals can be constructed using test statistic inversion.",https://doi.org/10.1162/rest_a_00049,4.79395
jep,2013,The Investment Strategies of Sovereign Wealth Funds,"Sovereign wealth funds have emerged as major investors in corporate and real resources worldwide. After an overview of their magnitude, we consider the institutional arrangements under which many of the sovereign wealth funds operate. We focus on a specific set of agency problems that is of first-order importance for these funds: that is, the direct involvement of political leaders in the management process. We show that sovereign wealth funds with greater involvement of political leaders in fund management are associated with investment strategies that seem to favor short-term economic policy goals in their respective countries at the expense of longer-term maximization of returns. Sovereign wealth funds face several other issues, like how best to cope with demands for transparency, which can allow others to copy their investment strategies, and how to address the problems that arise with sheer size, like the difficulties of scaling up investment strategies that only work with a smaller value of assets under investment. In the conclusion, we discuss how various approaches cultivated by effective institutional investors worldwide—from investing in the best people to pioneering new asset classes to compartmentalizing investment activities—may provide clues as to how sovereign wealth funds might address these issues.",https://doi.org/10.1257/jep.27.2.219,4.786514
bjir,2017,The Extent of Rent Sharing along the Wage Distribution,"Abstract The relation between rent sharing and wages has generally been evaluated on average wages. This article uses a unique employer–employee panel database to investigate the extent of rent sharing along the wage distribution in Italy. We apply quantile regression techniques and control for national level bargaining, unobserved worker and firm heterogeneity and endogeneity. Our findings show that the extent of rent sharing decreases along the wage distribution, suggesting that unskilled workers benefit most from firms’ rents. By applying quantile regressions by occupational categories, we show that the decreasing pattern is mainly driven by blue collar workers, while estimates for white collars are higher and basically constant along the wage distribution. We also provide evidence that unions might represent one of the drivers of our findings.",https://doi.org/10.1111/bjir.12234,4.7844734
ej,2011,Tax Policy for Economic Recovery and Growth,"This article identifies tax policy that both speeds recovery from the current economic crisis and contributes to long‐run growth. This is a challenge because short‐term recovery requires increases in demand while long‐term growth requires increases in supply. As short‐term tax concessions can be hard to reverse, this implies that policies to alleviate the crisis could compromise long‐run growth. The analysis makes use of recent evidence on the impact of tax structure on economic growth to identify which growth‐enhancing tax changes can also aid recovery, taking account of the need to protect those on low incomes.",https://doi.org/10.1111/j.1468-0297.2010.02415.x,4.7358303
ei,2012,PAY SECRECY AND EFFORT PROVISION,"Pay secrecy is often justified on the ground of concerns about the detrimental consequences of intra‐firm pay comparisons for work morale and performance. Surprisingly, however, there is only limited empirical evidence that the availability of pay comparison information is detrimental for effort provision. In this paper, I study pay comparison effects in a gift‐exchange game laboratory experiment where an employer is matched with two symmetric employees. I compare effort choices made by employees in a “pay secrecy” treatment and in two “public wages” treatments where employees are informed of the wage paid to the co‐worker. In one “public wages” treatment the employer can choose both wages she pays to the employees, while in the other treatment the wage paid to one employee is regulated exogenously. I show that pay disclosure can be detrimental for effort provision if employees are treated unequally . ( JEL A13, C92, J31)",https://doi.org/10.1111/j.1465-7295.2012.00484.x,4.725688
ej,2016,Human Capital and Unemployment Dynamics: Why More Educated Workers Enjoy Greater Employment Stability,"Why do more educated workers experience lower unemployment rates and lower employment volatility? Empirically, these workers have similar job finding rates but much lower and less volatile separation rates than their less educated peers. We argue that on‐the‐job training, being complementary to formal education, is the reason for this pattern. Using a search and matching model with endogenous separations, we show that investments in match‐specific human capital reduce incentives to separate but leave the job finding rate essentially unaffected. The model generates unemployment dynamics quantitatively consistent with the data. Finally, we provide novel empirical evidence supporting the mechanism studied in the article.",https://doi.org/10.1111/ecoj.12441,4.6861277
aejp,2011,Manipulation of Social Program Eligibility,"We document how manipulation of a targeting system for social welfare programs evolves over time. First, there was strategic behavior of some local politicians in the timing of the household interviews around local elections. Then, there was corrupt behavior with the sudden emergence of a sharp discontinuity in the score density, exactly at the eligibility threshold, which coincided with the release of the score algorithm to local officials. The discontinuity at the threshold is larger where mayoral elections are more competitive. While cultural forces are surely relevant for corruption, our results also highlight the importance of information and incentives. (JEL D72, I32, I38, O15, O17).",https://doi.org/10.1257/pol.3.2.41,4.685968
bjir,2011,The Immigrant Earnings Disadvantage across the Earnings and Skills Distributions: The Case of Immigrants from the EU's New Member States,"Abstract We analyse the earnings of immigrants from the EU's new member states (NMS) using a large‐scale dataset with information on employees in Ireland. We find that the average earnings difference between these immigrants and natives is between 10 and 18 per cent, depending on the controls used. However, the difference is found to be lower for people at the lower end of the earnings distribution. It is also generally lower for people at the lower end of the education distribution. We find mixed evidence on whether unions have an impact on the wages of immigrants from the NMS, although such immigrants appear to suffer a wage penalty as a result of being in firms that provided training to a significant proportion of their workforce.",https://doi.org/10.1111/j.1467-8543.2010.00835.x,4.67214
eer,2012,The direct incidence of corporate income tax on wages,NA,https://doi.org/10.1016/j.euroecorev.2012.03.003,4.65861
ilr,2016,Letter from the <i>ILR Review</i> Editors,"An introduction is presented in which the author discusses various issues legalization of immigration, labor law in China, and the minimum wage.",https://doi.org/10.1177/0019793916662462,4.653571
icc,2010,The evolution of inequality in productivity and wages: panel data evidence,"Journal Article The evolution of inequality in productivity and wages: panel data evidence Get access Giulia Faggio, Giulia Faggio **Giulia Faggio, Spatial Economics Research Centre, London School of Economics and Political Science, London, United Kingdom. e-mail: g.faggio1@lse.ac.uk Search for other works by this author on: Oxford Academic Google Scholar Kjell G. Salvanes, Kjell G. Salvanes ****Kjell G. Salvanes, Norwegian School of Economics and Business Administration, Bergen, Norway. e-mail: kjell.salvanes@nhh.no Search for other works by this author on: Oxford Academic Google Scholar John Van Reenen John Van Reenen ******John Van Reenen, Centre for Economic Performance, London School of Economics and Political Science, London, United Kingdom; NBER and CEPR. e-mail: j.vanreenen@lse.ac.uk Search for other works by this author on: Oxford Academic Google Scholar Industrial and Corporate Change, Volume 19, Issue 6, December 2010, Pages 1919–1951, https://doi.org/10.1093/icc/dtq058 Published: 29 October 2010",https://doi.org/10.1093/icc/dtq058,4.6249475
bjir,2017,Work in Britain's Informal Economy: Learning from Road‐Side Hand Car Washes,"Abstract The United Kingdom has over 10,000 hand car washes (HCWs). This article examines two research questions: what do HCWs reveal about the informalization of employment? and what is the prospect of regulation of them? Setting HCWs in a theoretical framework shows that they are part of a growing industry which is becoming an increasingly familiar and visible part of the economy, where control of labour costs is a key factor. Employers make a strategic choice to engage precarious and vulnerable, usually migrant, labour securing further competitive advantage at the cost of pronounced labour exploitation and long hours — the tendency towards informalization. Therein a low‐cost business model disciplines competition to usurp higher productivity mechanized car washing.",https://doi.org/10.1111/bjir.12286,4.6169853
restat,2011,Spillovers from High-Skill Consumption to Low-Skill Labor Markets,"The least-skilled workforce in the United States is disproportionally employed in the provision of time-intensive services that can be thought of as market substitutes for home production activities. At the same time, skilled workers, with their high opportunity cost of time, spend a larger fraction of their budget in these services. Given the skill asymmetry between consumers and providers in this market, product demand shifts—such as those arising when relative skilled wages increase—should boost relative labor demand for the least-skilled workforce. We estimate that this channel may explain one-third of the growth of employment of noncollege workers in low-skill services in the 1990s.",https://doi.org/10.1162/rest_a_00234,4.5485616
aeja,2015,Political Parties and Labor-Market Outcomes: Evidence from US States,"This paper estimates the causal impact of the party allegiance (Republican or Democratic) of US governors on labor-market outcomes. I match gubernatorial elections with March Current Population Survey (CPS) data for income years 1977 to 2008. Using a regression discontinuity design, I find that Democratic governors cause an increase in the annual hours worked by blacks relative to whites, which leads to a reduction in the racial earnings gap between black and white workers. The results are consistent and robust to using a wide range of models, controls, and specifications. (JEL D72, J15, J22, J31, R23)",https://doi.org/10.1257/app.20120387,4.542162
ei,2014,LABOR CONTRACTS AND FLEXIBILITY: EVIDENCE FROM A LABOR MARKET REFORM IN SPAIN,"This paper evaluates the effects of a labor market reform in Spain that removed restrictions on fixed‐term or temporary contracts. Our empirical results are based on longitudinal firm‐level data that cover observations before and after the reform. We posit and estimate a dynamic labor demand model with indefinite and fixed‐term labor contracts, and a general structure of labor adjustment costs. Experiments using the estimated model show important positive effects of the reform on total employment (i.e., a 3.5% increase) and job turnover. There is a strong substitution of permanent by temporary workers (i.e., a 10% decline in permanent employment). The effects on labor productivity and the value of firms are very small. In contrast, a counterfactual reform that halved all firing costs would produce the same employment increase as the actual reform, but much larger improvements in productivity and in the value of firms. (JEL J23, J32, J41 )",https://doi.org/10.1111/ecin.12077,4.522247
ilr,2015,Austerity and the Future for Gender Equality in Europe,"Austerity policies in Europe are disrupting and potentially reversing progress toward gender equality, a core principle of European policy from the mid-1990s onward. Not all EU gender-related policy has been aimed at promoting equality but instead has been associated with reforming the EU social model toward more neoliberal, flexible, and high employment labor markets. In this article, the author assesses these uses and potential abuses of the gender equality agenda in Europe, both before and after the crisis. While the crisis has not reversed the trend toward women’s integration into employment, women are facing cuts in employment conditions post crisis, affecting both the higher skilled in the public sector and the lower skilled, attributable to accelerated labor market deregulation. Moreover, the trend toward a new reproductive bargain has been halted with public care services being cut, particularly in member states where services are already limited.",https://doi.org/10.1177/0019793915588892,4.5170364
le,2018,The sources of wage variation and the direction of assortative matching: Evidence from a three-way high-dimensional fixed effects regression model,NA,https://doi.org/10.1016/j.labeco.2018.06.004,4.5090847
jpam,2015,"THE WAR ON POVERTY: MEASUREMENT, TRENDS, AND POLICY","Abstract We present a 50‐year historical perspective of the nation's antipoverty efforts, describing the evolution of policy during four key periods since 1965. Over this half‐century, the initial heavy reliance on cash income support to poor families has eroded; increases in public support came largely in the form of in‐kind (e.g., Food Stamps) and tax‐related (e.g., the Earned Income Tax Credit) benefits. Work support and the supplementation of earnings substituted for direct support. These shifts eroded the safety net for the most disadvantaged in American society. Three poverty‐related analytical developments are also described. The rise of the Supplemental Poverty Measure (SPM)—taking account of noncash and tax‐related benefits—has corrected some of the serious weaknesses of the official poverty measure (OPM). The SPM measure indicates that the poverty rate has declined over time, rather than being essentially flat as the OPM implies. We also present snapshots of the composition of the poor population in the United States using both the OPM and the SPM, showing progress in reducing poverty overall and among specific socioeconomic subgroups since the beginning of the War on Poverty. Finally, we document the expenditure levels of numerous antipoverty programs that have accompanied the several phases of poverty policy and describe the effect of these efforts on the level of poverty. Although the effectiveness of government antipoverty transfers is debated, our findings indicate that the growth of antipoverty policies has reduced the overall level of poverty, with substantial reductions among the elderly, disabled, and blacks. However, the poverty rates for children, especially those living in single‐parent families, and families headed by a low‐skill, low‐education person, have increased. Rates of deep poverty (families living with less than one‐half of the poverty line) for the nonelderly population have not decreased, reflecting both the increasing labor market difficulties faced by the low‐skill population and the tilt of means‐tested benefits away from the poorest of the poor.",https://doi.org/10.1002/pam.21846,4.507635
ilr,2010,Female-Led Firms and Gender Wage Policies,"Using a longitudinal dataset covering the period 1987–2000, the authors explore the impact of female employers and gender segregation on wages in Portugal. In the context of Becker's (1957) taste for discrimination theory, they investigate whether the gender of a firm manager affects gender wage differences. They find that females benefit from higher wages in female-led firms than in male-led firms. Further, when females lead, the wage gap between female and male workers is reduced by 1.5%, regardless of the gender composition of the firm's workforce. At the same time, the higher the share of females in a firm, the lower the wages overall for both female and male workers. The authors' results are compatible with the notion that job promotion is an important factor in wage increases. The more females are mentored and promoted, the less men will be. However, as more females in the firm compete for promotion, opportunities for both females and males to be promoted diminish.",https://doi.org/10.1177/001979391006400107,4.4857945
aeja,2015,Labor Market Effects of Social Programs: Evidence from India's Employment Guarantee,"We estimate the effect of a large rural workfare program in India on private employment and wages by comparing trends in districts that received the program earlier relative to those that received it later. Our results suggest that public sector hiring crowded out private sector work and increased private sector wages. We compute the implied welfare gains of the program by consumption quintile. Our calculations show that the welfare gains to the poor from the equilibrium increase in private sector wages are large in absolute terms and large relative to the gains received solely by program participants. (JEL I38, J31, J45, J68, O15)",https://doi.org/10.1257/app.20130401,4.477958
restat,2010,"Financial Development, Entrepreneurship, and Job Satisfaction","This paper shows that utility differences between the self-employed and employees increase with financial development. This effect is explained not by increased profits but by an increased value of nonmonetary benefits, in particular job independence. We interpret these findings by building a simple occupational choice model in which financial constraints may impede the creation of firms and depress labor demand, thereby pushing some individuals into self-employment for lack of salaried jobs. In this setting, financial development favors a better matching between individual motivation and occupation, thereby increasing entrepreneurial utility despite increasing competition and so reducing profits.",https://doi.org/10.1162/rest_a_00156,4.46631
jpub,2018,"Income inequality in France, 1900–2014: Evidence from Distributional National Accounts (DINA)",NA,https://doi.org/10.1016/j.jpubeco.2018.01.012,4.453695
jole,2016,A Most Egalitarian Profession: Pharmacy and the Evolution of a Family-Friendly Occupation,"Pharmacy today is a highly remunerated female-majority profession with a small gender earnings gap and low earnings dispersion. Using extensive surveys of pharmacists, as well as the US Census, American Community Surveys, and Current Population Surveys, we explore the gender earnings gap, penalty to part-time work, demographics of pharmacists relative to other college graduates, and evolution of the profession during the last half-century. Technological changes increasing substitutability among pharmacists, growth of pharmacy employment in retail chains and hospitals, and related decline of independent pharmacies reduced the penalty to part-time work and contribute to the narrow gender earnings gap in pharmacy.",https://doi.org/10.1086/685505,4.4497714
izajl,2016,The effect of age at school entry on college admission and earnings: a regression-discontinuity approach,"Abstract This paper provides evidence of the effect of age at school entry on college admission and earnings. It does so by exploiting a number of features in the application process to one of the major flagship universities in Brazil. By comparing applicants with different ages at school entry depending on whether they were born on December 31 or on January 1, our estimates show that applicants who delayed first-grade enrollment present higher aptitude test scores and probability of admission. Our results further suggest that advantaged applicants also earn more early in their careers. JEL Classification: I21, J24",https://doi.org/10.1186/s40172-016-0049-5,4.449357
jole,2010,Differences in Labor Supply to Monopsonistic Firms and the Gender Pay Gap: An Empirical Analysis Using Linked Employer‐Employee Data from Germany,"This article investigates women's and men's labor supply to the firm within a semistructural approach based on a dynamic model of new monopsony. Using methods of survival analysis and a large linked employer‐employee data set for Germany, we find that labor supply elasticities are small (1.9–3.7) and that women's labor supply to the firm is less elastic than men's (which is the reverse of gender differences in labor supply usually found at the level of the market). Our results imply that at least one‐third of the gender pay gap might be wage discrimination by profit‐maximizing monopsonistic employers.",https://doi.org/10.1086/651208,4.4337163
obes,2010,Channels through which Public Employment Services and Small Business Assistance Programmes Work*,"Empirical evidence has found that public employment services (PES) and small business assistance (SBA) programmes are successful at getting the unemployed back to work. Policywise it is important to know which of these two programmes is more effective, for whom, and when. Using unusually rich survey data and matching methods, this study evaluates the relative effectiveness of PES and SBA for different subgroups in Romania in the late 1990s, where the outcome variables involve earnings, employment and unemployment in 2000–1 and early 2002. It finds that heterogeneity matters and that these programmes need to be tailored to the problem at hand.",https://doi.org/10.1111/j.1468-0084.2010.00593.x,4.3415995
aer,2011,Relative Earnings and Giving in a Real-Effort Experiment,"This paper investigates the relationship between relative earnings and giving in a two-stage, real-effort experiment. In the first stage, four players compete in a tournament that determines their earnings. In the second stage, they decide whether to make a transfer to one or more of their group members. Our main finding is that those ranked first are significantly less likely to give than those ranked second. This difference disappears if individuals learn about the second stage after earning their income or if earnings are randomly determined. This suggests that our main finding is driven by selection based on other-regarding preferences. JEL: D64, J31",https://doi.org/10.1257/aer.101.7.3330,4.2874856
jep,2017,"The New Life Cycle of Women's Employment: Disappearing Humps, Sagging Middles, Expanding Tops","A new life cycle of women's employment emerged with cohorts born in the 1950s. For prior cohorts, life-cycle employment had a hump shape; it increased from the twenties to the forties, hit a peak, and then declined starting in the fifties. The new life cycle of employment is initially high and flat, there is a dip in the middle, and a phasing out that is more prolonged than for previous cohorts. The hump is gone, the middle is a bit sagging, and the top has greatly expanded. We explore the increase in cumulative work experience for women from the 1930s to the 1970s birth cohorts using data from the Survey of Income and Program Participation and the Health and Retirement Study. We investigate the changing labor force impact of a birth event across cohorts and by education, and also the impact of taking leave or quitting. We find greatly increased labor force experience across cohorts, far less time out after a birth, and greater labor force recovery for those who take paid or unpaid leave. Increased employment of women in their older ages is related to more continuous work experience across the life cycle.",https://doi.org/10.1257/jep.31.1.161,4.2682314
le,2012,Analyzing female labor supply — Evidence from a Dutch tax reform,NA,https://doi.org/10.1016/j.labeco.2012.01.002,4.2224483
jce,2010,Does reform work? An econometric survey of the reform–growth puzzle,NA,https://doi.org/10.1016/j.jce.2010.11.001,4.2139206
jole,2013,Wage Dispersion and Decentralization of Wage Bargaining,"This article studies how decentralization of wage bargaining from sector to firm level influences wage levels and wage dispersion. We use detailed panel data covering a period of decentralization in the Danish labor market. The decentralization process provides variation in the individual worker's wage-setting system that facilitates identification of the effects of decentralization. We find a wage premium associated with firm-level bargaining relative to sector-level bargaining and that the return to skills is higher under the more decentralized wage-setting systems. Using quantile regression, we also find that wages are more dispersed under firm-level bargaining compared to more centralized wage-setting systems.",https://doi.org/10.1086/669339,4.212039
bjir,2014,What Sort of Collective Bargaining Is Emerging in <scp>C</scp>hina?,Abstract C hina is experiencing a rapid expansion of what is termed ‘collective bargaining’. The article draws on workplace and sectoral examples to assess what underlies this. Recent changes in labour policy are outlined. Four studies at establishment level describe the use of hybrid representation in response to growing worker activism and internal union reform. Two studies of sectoral bargaining shed light on decentralized decision‐making on pay. Attention is drawn to the growth of employer organizations and increased articulation within the trade union. A form of collective bargaining is emerging where the union draws on state power to improve conditions of employment.,https://doi.org/10.1111/bjir.12109,4.200103
jpam,2010,Is private production of public services cheaper than public production? A meta-regression analysis of solid waste and water services,"Privatization of local government services is assumed to deliver cost savings, but empirical evidence for this from around the world is mixed. We conduct a meta-regression analysis of all econometric studies examining privatization of water distribution and solid waste collection services and find no systematic support for lower costs with private production. Differences in study results are explained by differences in time period of the analyses, service characteristics, and policy environment. We do not find a genuine empirical effect of cost savings resulting from private production. The results suggest that to ensure cost savings, more attention be given to the cost characteristics of the service, the transaction costs involved, and the policy environment stimulating competition, rather than to the debate over public versus private delivery of these services. © 2010 by the Association for Public Policy Analysis and Management.",https://doi.org/10.1002/pam.20509,4.191201
jhr,2011,Child Labor and Trade Liberalization in Indonesia,"We examine the effects of trade liberalization on child work in Indonesia, identifying geographical differences in the effects of trade policy through district level exposure to reduction in import tariff barriers, from 1993 to 2002. The results suggest that increased exposure to trade liberalization is associated with a decrease in child work among the 10-15 year olds. The effects of tariff reductions are strongest for children from low-skill backgrounds, older siblings, and in rural areas. Favorable income effects for the poor, induced by trade liberalization, are likely to be the dominating effects underlying these results.",https://doi.org/10.1353/jhr.2011.0008,4.1801863
aer,2015,Trade Liberalization and the Skill Premium: A Local Labor Markets Approach,"We develop a specific-factors model of regional economies that includes two types of workers, skilled and unskilled. The model delivers a simple equation relating trade-induced local shocks to changes in local skill premia. We apply the methodology to Brazil's early 1990s trade liberalization and find statistically significant but modest effects of liberalization on the evolution of the skill premium between 1991 and 2010. The methodology uses widely available household survey data and can easily be applied to other countries and liberalization episodes.",https://doi.org/10.1257/aer.p20151052,4.1280565
izajl,2016,Composite indicators of labour market regulations in a comparative perspective,"Abstract Technological progress and the internet brought about new possibilities of creating, storing, exchanging, replicating, and using various kinds of data for research. This paper discusses some of the dangers embedded into the reuse of data produced by some institutions by other institutions through the combination and aggregation of initial data into various data products. To this end, we use an example of labour market regulations’ indicators developed by the World Economic Forum, the International Institute for Management Development (IMD), and the Fraser Institute, which are all partly based on the World Bank Employing Workers Indicator. We document how these three indicators compare and identify both their common and specific limitations. For each of these indicators, the choice of subcomponents and of aggregate techniques results in different pictures of labour market regulations, despite the use of the overlapping initial sources of data. Our comparative exercise calls for continuous efforts to improve the indicators of labour market regulations, as well as for cautious use of such indicators for research and policy advice. JEL codes: J00, J8, Y1",https://doi.org/10.1186/s40172-016-0043-y,4.126641
jep,2014,The Missing “Missing Middle”,"Although a large literature seeks to explain the “missing middle” of mid-sized firms in developing countries, there is surprisingly little empirical backing for existence of the missing middle. Using microdata on the full distribution of both formal and informal sector manufacturing firms in India, Indonesia, and Mexico, we document three facts. First, while there are a very large number of small firms, there is no “missing middle” in the sense of a bimodal distribution: mid-sized firms are missing, but large firms are missing too, and the fraction of firms of a given size is smoothly declining in firm size. Second, we show that the distribution of average products of capital and labor is unimodal, and that large firms, not small firms, have higher average products. This is inconsistent with many models explaining “the missing middle” in which small firms with high returns are constrained from expanding. Third, we examine regulatory and tax notches in India, Indonesia, and Mexico of the sort often thought to discourage firm growth and find no economically meaningful bunching of firms near the notch points. We show that existing beliefs about the missing middle are largely due to arbitrary transformations that were made to the data in previous studies.",https://doi.org/10.1257/jep.28.3.89,4.110284
el,2010,Child policy solutions for the unemployment problem,NA,https://doi.org/10.1016/j.econlet.2010.08.035,4.1003394
izajl,2015,Active labor market programs - employment gain or fiscal drain?,"Abstract This paper provides a new perspective by classifying active labor market programs (ALMPs) depending on their objectives, relevance and cost-effectiveness during normal times, a crisis and recovery. We distinguish ALMPs providing incentives for retaining employment, incentives for creating employment, incentives for seeking and keeping a job, incentives for human capital enhancement and improved labor market matching. Reviewing evidence from the literature, we discuss especially indirect effects of various interventions and their cost-effectiveness. The paper concludes by providing a systematic overview of how, why, when and to what extent specific ALMPs are effective. JEL classification: J08, J22, J23, J38, E24",https://doi.org/10.1186/s40172-015-0025-5,4.0675545
obes,2017,Identification Based on Difference‐in‐Differences Approaches with Multiple Treatments,"Abstract This paper discusses identification based on difference‐in‐differences (DiD) approaches with multiple treatments. It shows that an appropriate adaptation of the common trend assumption underlying the DiD strategy for the comparison of two treatments restricts the possibility of effect heterogeneity for at least one of the treatments. The required assumption of effect homogeneity is likely to be violated because of non‐random assignment to treatment based on both observables and unobservables. However, this paper shows that, under certain conditions, the DiD estimate comparing two treatments identifies a lower bound in absolute values on the average treatment effect on the treated compared to the unobserved non‐treatment state, even if effect homogeneity is violated. This is possible if the treatments have ordered treatment effects, that is, in expectation, the effects of both treatments compared to no treatment have the same sign, and one treatment has a stronger effect than the other treatment on the respective recipients. Such assumptions are plausible if treatments are ordered or vary in intensity.",https://doi.org/10.1111/obes.12178,4.05985
ej,2010,"The Economic Situation of First and Second‐Generation Immigrants in France, Germany and the United Kingdom","A central concern about immigration is the integration into the labour market, not only of the first generation but also of subsequent generations. Little comparative work exists for Europe’s largest economies. France, Germany and the UK have all become, perhaps unwittingly, countries with large immigrant populations albeit with very different ethnic compositions. Today, the descendants of these immigrants live and work in their parents’ destination countries. This article presents and discusses comparative evidence on the performance of first and second‐generation immigrants in these countries in terms of education, earnings and employment.",https://doi.org/10.1111/j.1468-0297.2009.02338.x,4.041236
jce,2013,"Banking crises, labor reforms, and unemployment",NA,https://doi.org/10.1016/j.jce.2013.03.001,4.028246
aer,2014,Consumption Inequality over the Last Half Century: Some Evidence Using the New PSID Consumption Measure,"This paper contributes to the debate regarding trends in consumption inequality in the United States. We present a new measure of consumption inequality based on the redesigned 1999-2011 PSID. We impute consumption to the families observed before 1999 using the more comprehensive consumption data available from 1999 onward. One advantage of this procedure is in sample verification of the quality of the imputation procedure; another is that it yields a long time series (1967-2010). Consumption inequality was stable in the 1970s, as was income inequality. It increased significantly after 1980. The Great Recession was associated with a decline in consumption inequality.",https://doi.org/10.1257/aer.104.5.122,4.0204415
el,2018,Improving transparency in observational social science research: A pre-analysis plan approach,NA,https://doi.org/10.1016/j.econlet.2018.03.036,4.0168905
jlr,2018,The Impact of Higher Fixed Pay and Lower Bonuses on Productivity,"This study analyzes the effects of performance related pay on productivity exploiting a change in the payment structure of a large Dutch marketing company. Specifically, we investigate the consequences for company sales of higher fixed pay in combination with lower bonuses. Exploiting shift level data of individual workers we find that average productivity decreases when the pay structure shifts more to fixed pay. Further analysis shows that this drop in productivity is larger for older workers and for high-ability employees, while over time the negative effect of the new system becomes smaller.",https://doi.org/10.1007/s12122-017-9260-9,4.0051804
qje,2010,Earnings Inequality and Mobility in the United States: Evidence from Social Security Data since 1937<sup>*</sup>,"This paper uses Social Security Administration longitudinal earnings micro data since 1937 to analyze the evolution of inequality and mobility in the United States. Annual earnings inequality is U-shaped, decreasing sharply up to 1953 and increasing steadily afterward. Short-term earnings mobility measures are stable over the full period except for a temporary surge during World War II. Virtually all of the increase in the variance in annual (log) earnings since 1970 is due to increase in the variance of permanent earnings (as opposed to transitory earnings). Mobility at the top of the earnings distribution is stable and has not mitigated the dramatic increase in annual earnings concentration since the 1970s. Long-term mobility among all workers has increased since the 1950s but has slightly declined among men. The decrease in the gender earnings gap and the resulting substantial increase in upward mobility over a lifetime for women are the driving force behind the increase in long-term mobility among all workers.",https://doi.org/10.1162/qjec.2010.125.1.91,3.995785
le,2010,Public school availability for two-year olds and mothers' labour supply,NA,https://doi.org/10.1016/j.labeco.2010.04.012,3.9697359
aer,2015,Market Externalities of Large Unemployment Insurance Extension Programs,"We provide evidence that unemployment insurance affects equilibrium conditions in the labor market, which creates significant “market externalities.” We provide a framework for identification of such equilibrium effects and implement it using the Regional Extension Benefit Program (REBP) in Austria which extended the duration of UI benefits for a large group of eligible workers in selected regions of Austria. We show that non-eligible workers in REBP regions have higher job finding rates, lower unemployment durations, and a lower risk of long-term unemployment. We discuss the implications of our results for optimal UI policy. (JEL E24, J64, J65, R23)",https://doi.org/10.1257/aer.20131273,3.9549582
bjir,2013,Back to the Future? <scp>US</scp> Labour in the New Gilded Age,"Abstract This article argues that the twenty‐first century US labour movement has increasingly come to resemble its counterpart in the Gilded Age 100 years ago. Starting in the 1970s, deindustrialization and deregulation have gradually undermined the New Deal labour relations system, and have led to the proliferation of precarious labour. The labour movement then began to experiment with alternative labour organizing strategies and increasingly sought out political alliances with other progressive movements, reproducing practices that were widespread among US unions prior to the New Deal era. Although many of these experiments have succeeded on a small scale, they face intransigent opposition from employers and anti‐union organizations, and whether they can be expanded enough to generate a new labour movement upsurge remains to be seen.",https://doi.org/10.1111/bjir.12047,3.9427989
jole,2018,The Long-Term Impact of the Earned Income Tax Credit on Children’s Education and Employment Outcomes,"Using 4 decades of variation in the federal and state Earned Income Tax Credit (EITC), we estimate the impact of exposure to EITC expansions in childhood on education and employment outcomes in adulthood. Reduced-form results suggest that an additional $1,000 in EITC exposure when a child is 13–18 years old increases the likelihood of completing high school (1.3%), completing college (4.2%), and being employed as a young adult (1.0%) and earnings by 2.2%. Our analysis reveals that the primary channel through which the EITC improves these outcomes is increases in pretax family earnings.",https://doi.org/10.1086/697477,3.94034
obes,2011,Does Ethnic Discrimination Vary Across Minority Groups? Evidence from a Field Experiment*,"Abstract We conduct a large‐scale field experiment to measure labour market discrimination in Australia, one quarter of whose population was born overseas. To denote ethnicity, we use distinctively Anglo‐Saxon, Indigenous, Italian, Chinese and Middle Eastern names. We compare multiple ethnic groups, rather than a single minority as in most other studies. In all cases we applied for entry‐level jobs and submitted a CV indicating that the candidate attended high school in Australia. We find significant differences in callback rates: ethnic minority candidates would need to apply for more jobs in order to receive the same number of interviews. These differences vary systematically across ethnic groups.",https://doi.org/10.1111/j.1468-0084.2011.00664.x,3.9369228
jhr,2016,The Intergenerational Transmission of Cognitive and Noncognitive Abilities,"Erik Grönqvist, Björn Öckert and Jonas Vlachos Erik Grönqvist is a researcher at the Institute For Evaluation of Labour Market and Education Policy (IFAU) and the Department of Economics at Uppsala University. Björn Öckert is a researcher at the Institute For Evaluation of Labour Market and Education Policy (IFAU) and the Department of Economics at Uppsala University. Jonas Vlachos is a professor at the Department of Economics at Stockholm University and the Research Institute of Industrial Economics (IFN). We have benefitted from comments and suggestions from the referees, Nikolay Angelov, Peter Fredriksson, Per Johansson, Mikael Lindahl, Matthew Lindquist, Erik Lindqvist, Petter Lundborg, Per Pettersson-Lidbom, Martin Nybom, Erik Plug, Analia Schlosser, Peter Skogman-Thoursie, Ingeborg Wärnbaum, and seminar participants at the EEEPE conference in London, the EALE-SOLE meetings in London, UCLS workshop in Öregrund, ELE workshop in Sitges, the National Conference of Swedish Economists in Lund, the Institute for Evaluation of Labour Market and Education Policy (IFAU), the Research Institute for Industrial Economics (IFN), Zentrum für Europäische Wirtschaftsforschung (ZEW), CAFO Linnaeus University, Lund University, Aarhus University, and Tel Aviv University.",https://doi.org/10.3368/jhr.52.4.0115-6882r1,3.9337487
aer,2016,Wage Posting and Business Cycles,"The canonical model of job search and wage posting (Burdett and Mortensen, 1998) establishes a natural connection between the average wage growth in the economy and the pace of Employer-to-Employer (EE) transitions, predicting wage growth to be positively related to the pace of EE reallocation for all workers, but especially for stayers. We verify this empirically both with aggregate time series and with longitudinal micro data from the Survey of Income and Program Participation (SIPP). We argue that monetary authorities concerned with inflationary wage pressure should pay more attention directly to EE reallocation and less to the unemployment rate.",https://doi.org/10.1257/aer.p20161051,3.893067
bjir,2015,The Role of Mediation Institutions in Sweden and Denmark after Centralized Bargaining,"This article compares coordinated collective bargaining in Sweden and Denmark after centralized bargaining. Existing theories — power resource and cross-class alliance theory — seem capable of explaining the transition from centralized bargaining to pattern bargaining system. However, they do not explain the internal stability of bargaining coordination once established. This analysis stresses the role of mediation institutions of both countries for solving collective action problems in pattern bargaining by pegging other settlements to the manufacturing labour cost norm. Mediation capabilities, however, dier, which is reﬂected in more frequent defections in Sweden than in Denmark and thus a more unstable bargaining coordination. These dierences have substantive consequences for bargaining outcomes in the two countries.",https://doi.org/10.1111/bjir.12142,3.8926015
bjir,2014,How Does <scp>C</scp>hina's New <scp>L</scp>abour <scp>C</scp>ontract <scp>L</scp>aw Affect Floating Workers?,"Abstract C hina's new L abour C ontract L aw took effect in J anuary 2008 and required firms to give migrant workers written contracts, strengthened labour protections for workers and contained penalties for firms that did not follow the labour code. This article uses survey data of migrant workers in the P earl R iver D elta before and after the law, and a retrospective question on when workers received their first labour contract to assess the effects of the law on labour outcomes. The evidence shows that the new law increased the percentage of migrant workers with written contracts, which in turn raised social insurance coverage, reduced the likelihood of wage arrears and raised the likelihood that workers had a union at their workplace.",https://doi.org/10.1111/bjir.12056,3.8853054
jpub,2017,Revealed social preferences of Dutch political parties,NA,https://doi.org/10.1016/j.jpubeco.2017.08.002,3.858255
le,2014,Wage determination and imperfect competition,NA,https://doi.org/10.1016/j.labeco.2014.06.010,3.8491805
ee,2018,Determinants of structural unemployment in Colombia: a search approach,NA,https://doi.org/10.1007/s00181-018-1572-y,3.8486555
le,2013,The economic impact of taking short parental leave: Evaluation of a French reform,NA,https://doi.org/10.1016/j.labeco.2013.04.012,3.8471358
jpub,2013,Do local energy prices and regulation affect the geographic concentration of employment?,NA,https://doi.org/10.1016/j.jpubeco.2013.03.002,3.8257806
jlr,2011,"Overeducation, Undereducation and Earnings: Further Evidence on the Importance of Ability and Measurement Error Bias",NA,https://doi.org/10.1007/s12122-011-9125-6,3.7951684
cje,2014,"Occupations, fields of study and returns to education","Abstract This paper considers several possible channels behind the well‐documented effect of education on earnings. The first channel is that education makes workers more productive on a given task, as in a conventional human capital framework. The second channel is based on the idea that education helps workers get assigned to higher‐paying occupations where output is more sensitive to skill. A third and final channel is that workers are more productive and earn more when they are matched to a job related to their field of study. Using data from the 2005 National Graduate Survey and the 2006 Canadian Census, I find that channels two and three account for close to half of the conventionally measured return to education. The results indicate that the return to education varies greatly depending on occupation, field of study and the match between these two factors.",https://doi.org/10.1111/caje.12116,3.7814105
jhe,2017,The health consequences of aerial spraying illicit crops: The case of Colombia,NA,https://doi.org/10.1016/j.jhealeco.2017.04.005,3.7791116
el,2012,Rent sharing as a driver of the glass ceiling effect,NA,https://doi.org/10.1016/j.econlet.2012.09.011,3.762895
jae,2011,CARROT AND STICK: HOW RE‐EMPLOYMENT BONUSES AND BENEFIT SANCTIONS AFFECT EXIT RATES FROM WELFARE,"SUMMARY To increase the exit from welfare, benefit recipients in the municipality of Rotterdam were exposed to various financial incentives. Once their benefit spell exceeded one year, welfare recipients were entitled to a re‐employment bonus if they found a job that lasted at least 6 months. However, they could also be punished for noncompliance with eligibility requirements and face a sanction, i.e. a temporary reduction of their benefits. We find that the financial sticks in the form of benefit sanctions were effective in stimulating the exit from welfare, while the financial carrots in the form of re‐employment bonuses were not. Copyright © 2011 John Wiley &amp; Sons, Ltd.",https://doi.org/10.1002/jae.1265,3.7339032
jole,2011,Which Immigrants Are Most Innovative and Entrepreneurial? Distinctions by Entry Visa,"Using the 2003 National Survey of College Graduates, I examine how immigrants perform in activities likely to increase U.S. productivity, according to the type of visa on which they first entered the United States. Immigrants who entered on a student/trainee visa or a temporary work visa have a large advantage over natives in wages, patenting, and publishing. Much of the advantage is explained by immigrants' higher education and field of study. Immigrants who entered with legal permanent residence do not outperform natives for any of the outcomes considered. Immigrants are more likely to start companies than similar natives.",https://doi.org/10.1086/659409,3.7158682
ej,2011,Does Hospital Competition Save Lives? Evidence from the English NHS Patient Choice Reforms,"Recent substantive reforms to the English National Health Service expanded patient choice and encouraged hospitals to compete within a market with fixed prices. This study investigates whether these reforms led to improvements in hospital quality. We use a difference‐in‐difference‐style estimator to test whether hospital quality (measured using mortality from acute myocardial infarction) improved more quickly in more competitive markets after these reforms came into force in 2006. We find that after the reforms were implemented, mortality fell (i.e. quality improved) for patients living in more competitive markets. Our results suggest that hospital competition can lead to improvements in hospital quality.",https://doi.org/10.1111/j.1468-0297.2011.02449.x,3.7100053
le,2016,Learning from the Great Divergence in unemployment in Europe during the crisis,NA,https://doi.org/10.1016/j.labeco.2016.05.022,3.7086694
bjir,2014,The Unexpected Appearance of a New <scp>G</scp>erman Model,"Abstract Most C ontinental E uropean labour markets and welfare states have experienced a substantial transformation. G ermany is a case in point as it exhibits increasing levels of employment and a growing share of low pay and non‐standard work. The article claims that changes in labour market institutions play a major role, but changes in industrial relations at the sectoral level and individual firms' staffing practices are equally important. Regarding labour market institutions, the pattern found in G ermany shows sequences of reforms addressing the margins of the labour market and contributing to a growing dualization of employment. This dualization trend was reinforced by micro‐level dynamics in industrial relations and company employment practices, where we can observe growing reliance on mechanisms of internal flexibility for the skilled core workforce and increasing use of non‐standard types of employment in less specifically skilled occupations, in particular in the private service sector. Hence, the adjustment of the G erman model can only be understood by taking into account the interaction of policy change and actors' adaptive behaviour.",https://doi.org/10.1111/bjir.12055,3.6876395
jpub,2010,"Education, unemployment and migration",NA,https://doi.org/10.1016/j.jpubeco.2010.01.005,3.671693
bjir,2010,"The Involvement of Civil Society Organizations in British Industrial Relations: Extent, Origins and Significance","Abstract This article examines the involvement of civil society organizations (CSOs) in UK industrial relations. Organizations of this type, including advocacy, campaigning, identity and community organizations have attracted increasing attention from employment relations scholars in recent years. The study reported in this article demonstrates that CSOs have become increasingly active in the sphere of work and employment, partly in response to trade union decline but also owing to political opportunities, afforded by the labour market policy of the New Labour government. It is claimed that CSOs operate at multiple levels of the industrial relations system and interact with the state, employers and trade unions. They generate significant effects within UK industrial relations and can rightly be judged significant ‘new actors’ on the UK employment scene.",https://doi.org/10.1111/j.1467-8543.2010.00803.x,3.6630573
jeea,2011,EMERGENCE AND PERSISTENCE OF INEFFICIENT STATES,"We present a theory of the emergence and persistence of inefficient states based on patronage politics. The society consists of rich and poor. The rich are initially in power, but expect to transition to democracy, which will choose redistributive policies. Taxation requires the employment of bureaucrats. By choosing an inefficient state structure, the rich may be able to use patronage and capture democratic politics, so reducing the amount of redistribution in democracy. Moreover, the inefficient state creates its own constituency and tends to persist over time. Intuitively, an inefficient state structure creates more rents for bureaucrats than would an efficient one. When the poor come to power in democracy, they will reform the structure of the state to make it more efficient so that higher taxes can be collected at lower cost and with lower rents for bureaucrats. Anticipating this, when the society starts out with an inefficient organization of the state, bureaucrats support the rich, who set lower taxes but also provide rents to bureaucrats. We obtain that the rich–bureaucrats coalition may also expand the size of bureaucracy excessively so as to generate enough political support. The model shows that an equilibrium with an inefficient state is more likely to arise when there is greater income inequality, when bureaucratic rents take intermediate values, and when individuals are sufficiently forward-looking.",https://doi.org/10.1111/j.1542-4774.2010.01008.x,3.5958984
eer,2015,Search costs and efficiency: Do unemployed workers search enough?,NA,https://doi.org/10.1016/j.euroecorev.2015.04.001,3.586028
ilr,2011,The Impact of International Outsourcing on Unionization and Wages: Evidence from the Apparel Export Sector in Central America,"It is often assumed that manufacturing workers in developing countries, as recipients of outsourced jobs, would achieve economic benefits and organizational power. The author argues that job growth in developing countries through outsourcing to competing firms has often actually resulted in declining unionization and lower wage rates relative to traditional, integrated manufacturing firms. Using time-series data on union membership from 1980–2003 for Honduras and El Salvador as well as 2004 Household Survey Data for El Salvador, he examines the determinants of unionization rates and wages in the manufacturing sectors. He finds that that competitive outsourcing hurts labor at the plant-level in three ways: 1) it reduces labor's strike leverage by geographically dispersing the production process; 2) it increases the threat of plant mobility by decreasing plant-level investments; and 3) it increases labor costs relative to total costs, which creates an incentive for employers to keep wages low and unions out.",https://doi.org/10.1177/001979391106400205,3.5850558
bjir,2014,Straight to the Core — Explaining Union Responses to the Casualization of Work: The <scp>IG M</scp>etall Campaign for Agency Workers,"Abstract The existing literature provides different accounts on the strategies of unions regarding marginal workers. It has been argued that under increasing labour market segmentation, unions have either to prioritize their core constituencies and to seek compromises with management, or to adopt inclusive strategies towards peripheral workers to counterbalance eroding bargaining power. This article shows that both strategies represent equally viable options to protect the interests of unions' core members. The strategic choice depends on the (perceived) competition between core and peripheral employees related to employers' personnel strategies; this affects the possible alignment of interests between unions' core members, on the one hand, and either management or peripheral employees, on the other. Our historical analysis of union strategies towards agency workers in the German metal sector illustrates this mechanism, and identifies institutional change towards liberalization as the trigger for aggressive segmentation strategies by employers and for inclusive union strategies.",https://doi.org/10.1111/bjir.12079,3.5818324
le,2013,Low pay persistence in Europe,NA,https://doi.org/10.1016/j.labeco.2013.04.014,3.5811746
ei,2010,SKILLED‐UNSKILLED WAGE INEQUALITY AND URBAN UNEMPLOYMENT,"The impact of trade liberalization on the labor market in the North has drawn tremendous attention in the face of the growing skilled‐unskilled wage gap but in the South it has been somewhat neglected. One of the key structural differences between the North and the South is that the South experiences a pronounced rural‐urban migration in the presence of urban unemployment. We introduce this feature in the structure of a simple general equilibrium model to analyze the effects of trade liberalization and fragmentation on employment and the skilled‐unskilled wage differential in the South. In particular, we show that while fragmentation necessarily improves the unskilled wage and the skilled wage, more lucrative global opportunities for the skilled final product, in the absence of fragmentation, can reduce the rural wage and increase urban unemployment. The effect of fragmentation, ceteris paribus, on the skilled‐unskilled wage gap is sensitive to the degree of substitutability between land and unskilled labor. As such, fragmentation can magnify the increase in the skilled‐unskilled wage gap resulting from an improvement in the terms of trade. It is also shown that a technological progress in the intermediate goods sector increases the skilled‐unskilled wage gap and raises urban unemployment. ( JEL F1, O1, F11, F12)",https://doi.org/10.1111/j.1465-7295.2009.00247.x,3.5287554
aer,2014,Consumption and Labor Supply with Partial Insurance: An Analytical Framework,"We develop a model with partial insurance against idiosyncratic wage shocks to quantify risk sharing. Closed-form solutions are obtained for equilibrium allocations and for moments of the joint distribution of consumption, hours, and wages. We prove identification and demonstrate how labor supply data are informative about risk sharing. The model, estimated with US data over the period 1967–2006, implies that (i) 39 percent of permanent wage shocks pass through to consumption; (ii ) the share of wage risk insured increased until the early 1980s; and (iii) preference heterogeneity is important in accounting for observed dispersion in consumption and hours. (JEL E21, E23, E31, E52)",https://doi.org/10.1257/aer.104.7.2075,3.5203643
aejp,2012,Happiness on Tap: Piped Water Adoption in Urban Morocco,"Connecting private dwellings to the water main is expensive and typically cannot be publicly financed. We show that households' willingness to pay for a private connection is high when it can be purchased on credit, not because a connection improves health but because it increases the time available for leisure and reduces inter- and intra-household conflicts on water matters, leading to sustained improvements in well-being. Our results suggest that facilitating access to credit for households to finance lump sum quality-of-life investments can significantly increase welfare, even if those investments do not result in any health or income gains. (JEL D12, I31, O12, O13, O18, Q25)",https://doi.org/10.1257/pol.4.4.68,3.509441
ilr,2015,Harmonious Unions and Rebellious Workers,"The authors examine enterprise-level antecedents of wildcat strikes in Vietnam using a national representative sample of foreign-invested enterprises over the period 2010 to 2012, coding of factory audits, and field research. They predict that these unauthorized, semi-spontaneous work stoppages are more common among unionized workplaces, because the presence of a union in the workplace signals to workers that by engaging in a wildcat strike, they may be able to activate the representation and protection role of official trade unions. That is, workers can in some cases push unions from below to act on their behalf. In addition, wholly foreign-owned enterprises, investments by Asian-owned firms, and manufacturing operations in industrial zones are associated with more strikes than are joint ventures with state-owned and private enterprises, firms owned by Western investors, and firms in higher-value-added activities. Statistical results and field research provide strong support for these predictions. These findings suggest that the role of trade unions in socialist states may be more nuanced than previously assumed. At the same time, they reinforce the observation in the literature that Vietnamese employment relations institutions are unable, in and of themselves, to address worker grievances.",https://doi.org/10.1177/0019793915594596,3.5052717
jole,2015,Import Competition and the Great US Employment Sag of the 2000s,"Even before the Great Recession, US employment growth was unimpressive. Between 2000 and 2007, the economy gave back the considerable employment gains achieved during the 1990s, with a historic contraction in manufacturing employment being a prime contributor to the slump. We estimate that import competition from China, which surged after 2000, was a major force behind both recent reductions in US manufacturing employment and—through input-output linkages and other general equilibrium channels—weak overall US job growth. Our central estimates suggest job losses from rising Chinese import competition over 1999–2011 in the range of 2.0–2.4 million.",https://doi.org/10.1086/682384,3.484436
ilr,2013,Union Density and Varieties of Coverage: The Anatomy of Union Wage Effects in Germany,"Collective bargaining in Germany takes place at either industry or firm level, and bargaining coverage is much higher than union density. The share of a firm's employees covered can vary between 0% and 100%, suggesting that researchers should distinguish union density, coverage at the firm level, and coverage at the individual level. Using linked employer-employee data, the authors estimate OLS and quantile regressions of wages on these dimensions of union influence. They find that a higher share of employees in a firm covered by industrywide or firm-specific contracts is associated with higher wages but find no clear-cut effect on wage dispersion. Yet, holding coverage at the firm level constant, individual coverage is associated with lower wages and less wage dispersion. Higher union density reinforces the effects of coverage. But for employees in firms without coverage, density's effect is negative and thus compresses the wage distribution in firms without coverage.",https://doi.org/10.1177/001979391306600107,3.4687815
ej,2013,The Impact of Firing Restrictions on Labour Market Equilibrium in the Presence of On‐the‐job Search,"Journal Article The Impact of Firing Restrictions on Labour Market Equilibrium in the Presence of On‐the‐job Search Get access Fabien Postel‐Vinay, Fabien Postel‐Vinay University of Bristol and Sciences Po Paris Search for other works by this author on: Oxford Academic Google Scholar Hélène Turon Hélène Turon University of Bristol and Sciences Po Paris Search for other works by this author on: Oxford Academic Google Scholar The Economic Journal, Volume 124, Issue 575, March 2014, Pages 31–61, https://doi.org/10.1111/ecoj.12040 Published: 01 July 2013 Article history Received: 26 September 2011 Accepted: 06 February 2013 Published: 01 July 2013",https://doi.org/10.1111/ecoj.12040,3.46867
qje,2015,The Effects of Youth Employment: Evidence from New York City Lotteries *,"Abstract Programs to encourage labor market activity among youth, including public employment programs and wage subsidies like the Work Opportunity Tax Credit, can be supported by three broad rationales. They may (i) provide contemporaneous income support to participants; (ii) encourage work experience that improves future employment and/or educational outcomes of participants; and/or (iii) keep participants “out of trouble.” We study randomized lotteries for access to the New York City (NYC) Summer Youth Employment Program (SYEP), the largest summer youth employment program in the United States, by merging SYEP administrative data on 294,100 lottery participants to IRS data on the universe of U.S. tax records; to New York State administrative incarceration data; and to NYC administrative cause of death data. In assessing the three rationales, we find that (i) SYEP participation causes average earnings and the probability of employment to increase in the year of program participation, with modest contemporaneous crowdout of other earnings and employment; (ii) SYEP participation causes a modest decrease in average earnings for three years following the program and has no impact on college enrollment; and (iii) SYEP participation decreases the probability of incarceration and decreases the probability of mortality, which has important and potentially pivotal implications for analyzing the net benefits of the program.",https://doi.org/10.1093/qje/qjv034,3.4383
eer,2015,The employment effect of reforming a public employment agency,NA,https://doi.org/10.1016/j.euroecorev.2015.08.008,3.4363747
ecta,2016,"IV Quantile Regression for Group-Level Treatments, With an Application to the Distributional Effects of Trade","We present a methodology for estimating the distributional effects of an endogenous treatment that varies at the group level when there are group-level unobservables, a quantile extension of Hausman and Taylor, 1981. Because of the presence of group-level unobservables, standard quantile regression techniques are inconsistent in our setting even if the treatment is independent of unobservables. In contrast, our estimation technique is consistent as well as computationally simple, consisting of group-by-group quantile regression followed by two-stage least squares. Using the Bahadur representation of quantile estimators, we derive weak conditions on the growth of the number of observations per group that are sufficient for consistency and asymptotic zero-mean normality of our estimator. As in Hausman and Taylor, 1981, micro-level covariates can be used as internal instruments for the endogenous group-level treatment if they satisfy relevance and exogeneity conditions. Our approach applies to a broad range of settings including labor, public finance, industrial organization, urban economics, and development; we illustrate its usefulness with several such examples. Finally, an empirical application of our estimator finds that low-wage earners in the United States from 1990 to 2007 were significantly more affected by increased Chinese import competition than high-wage earners.",https://doi.org/10.3982/ecta12121,3.4340997
aeja,2014,Team Incentives for Education in Developing Countries: A Randomized Field Experiment in Benin,"I examine the impact of student incentives in Benin, using three different designs that can be implemented relatively cheaply and with administrative data. The first design is a standard incentive structure where students receive monetary rewards for reaching a performance target. In the other two designs, teams of four students receive incentives based on either their performance level as a group or in a team tournament scheme. I find a large and similar average treatment effect across designs, ranging from 0.27 to 0.34 standard deviations (Standard errors do not allow to rule out that the three designs are equally effective). (JEL C93, D82, I21, I28, O15)",https://doi.org/10.1257/app.6.4.90,3.422764
eer,2013,"Migration and imperfect labor markets: Theory and cross-country evidence from Denmark, Germany and the UK",NA,https://doi.org/10.1016/j.euroecorev.2013.11.007,3.4172053
jpe,2011,The Allocative Cost of Price Ceilings in the U.S. Residential Market for Natural Gas,"A direct consequence of restricting the price of a good for which secondary markets do not exist is that, in the presence of excess demand, the good will not be allocated to the buyers who value it the most. We demonstrate the empirical importance of this allocative cost for the U.S. residential market for natural gas, which was subject to price ceilings during 1954–89. Using a household-level, discrete-continuous model of natural gas demand, we estimate that the allocative cost in this market averaged $3.6 billion annually, nearly tripling previous estimates of the net welfare loss to U.S. consumers.",https://doi.org/10.1086/660124,3.3814814
jpub,2017,Equity and efficiency in rationed labor markets,NA,https://doi.org/10.1016/j.jpubeco.2017.07.001,3.3715143
ilr,2017,The Disability Employment Puzzle: A Field Experiment on Employer Hiring Behavior,"The authors investigate potential discrimination against people with disabilities through a field experiment that sent job applications to 6,016 accounting positions for which the applicants’ disabilities are unlikely to affect productivity. One-third of the cover letters disclosed that the applicant had a spinal cord injury, one-third disclosed the presence of Asperger’s syndrome, and one-third did not mention disability. The disability applications received 26% fewer expressions of employer interest. This gap was concentrated among experienced applicants and small private companies that are not covered by the Americans with Disabilities Act (ADA). Tests suggest possible positive effects of the ADA, but not of state laws, in reducing the disability gap. Results indicate there may be substantial room for employer and policy initiatives to improve employment opportunities for people with disabilities.",https://doi.org/10.1177/0019793917717474,3.3386083
economica,2017,"Two Decades of Income Inequality in Britain: The Role of Wages, Household Earnings and Redistribution","We study earnings and income inequality in Britain over the past two decades, including the period of relatively ‘inclusive’ growth from 1997 to 2004, and the Great Recession. We focus on the middle 90%, where trends have contrasted strongly with the ‘new inequality’ at the very top. Household earnings inequality has risen, driven by male earnings—although a ‘catch‐up’ of female earnings did hold down individual earnings inequality and reduce within‐household inequality. Nevertheless, net household income inequality fell due to deliberate increases in redistribution, the tax and transfer system's insurance role during the Great Recession, falling household worklessness, and rising pensioner incomes.",https://doi.org/10.1111/ecca.12220,3.3238723
le,2011,Labor market analysis for developing countries,NA,https://doi.org/10.1016/j.labeco.2011.09.005,3.3201761
ir,2015,Erratum,"Industrial Relations: A Journal of Economy and SocietyVolume 55, Issue 1 p. 187-187 ErratumFree Access Erratum This article corrects the following: Who Is Affected by the Minimum Wage? Dale Belman, Paul Wolfson, Kritkorn Nawakitphaitoon, Volume 54Issue 4Industrial Relations: A Journal of Economy and Society pages: 582-621 First Published online: September 11, 2015 First published: 07 December 2015 https://doi.org/10.1111/irel.12133AboutSectionsPDF ToolsRequest permissionExport citationAdd to favoritesTrack citation ShareShare Give accessShare full text accessShare full-text accessPlease review our Terms and Conditions of Use and check box below to share full-text version of article.I have read and accept the Wiley Online Library Terms and Conditions of UseShareable LinkUse the link below to share a full-text version of this article with your friends and colleagues. Learn more.Copy URL Share a linkShare onFacebookTwitterLinked InRedditWechat In Belman, Wolfson, and Nawakitphaitoon (2015), the following errors were published on page 584: The citation “Morgan (1990), and CHRIST, CARL F., Christ (1994)” in the main text of the Identification sub-section of Methodological Issues should have been removed. The citation in its correct format was already present in footnote 3, and its presence in the main text was redundant. The text should have read: Methodological Issues Identification. The issue identified by the phrase “Correlation is not causation” has been of interest to economics, a largely observational science, at least since Working (1927).3 Experimental sciences can resolve the issue either explicitly by systematic variation in causal variables or implicitly by randomly assigning experimental subjects to treatment or control groups. We apologize for these errors. Reference Belman, Dale, Paul Wolfson, and Kritkorn Nawakitphaitoon. 2015. “Who Is Affected by the Minimum Wage?” Industrial Relations 54(4): 582– 621. Wiley Online LibraryWeb of Science®Google Scholar Volume55, Issue1January 2016Pages 187-187 ReferencesRelatedInformation",https://doi.org/10.1111/irel.12133,3.3169706
le,2014,The impact of immigration on the French labor market: Why so different?,NA,https://doi.org/10.1016/j.labeco.2014.05.002,3.305633
le,2013,The elasticity of labor supply to the firm over the business cycle,NA,https://doi.org/10.1016/j.labeco.2013.08.005,3.2808223
ilr,2015,Wage Effects of Unionization and Occupational Licensing Coverage in the United States,"Recent estimates in standard models of wage determination for both unionization and occupational licensing have shown wage effects that are similar across the two institutions. These cross-sectional estimates use specialized data sets, with small sample sizes, for the period 2006 to 2008. The authors’ analysis examines the impact of unions and licensing coverage on wage determination using new data collected on licensing statutes that are then linked to longitudinal data from the National Longitudinal Survey of Youth (NLSY79) from 1979 to 2010. They develop several approaches, using both cross-sectional and longitudinal analyses, to measure the impact of these two labor market institutions on wage determination. The estimates of the economic returns to union coverage are greater than those for licensing statutes.",https://doi.org/10.1177/0019793915601632,3.2707922
ej,2016,Do Personality Traits Affect Productivity? Evidence from the Laboratory,"While survey data supports a strong relationship between personality and labour market outcomes, the exact mechanisms behind this association remain unexplored. We take advantage of a controlled laboratory set‐up to explore whether this relationship operates through productivity. Using a real‐effort task, we analyse the impact of the Big Five personality traits on performance. We find that more neurotic subjects perform worse, and that more conscientious individuals perform better. These findings suggest that at least part of the effect of personality on labour market outcomes operates through productivity. In addition, we find evidence that gender and university major affect this relationship.",https://doi.org/10.1111/ecoj.12373,3.25032
ei,2015,"FOOD PRICES, WAGES, AND WELFARE IN RURAL INDIA","With soaring food prices in recent years has come alarm about rising poverty in the developing world. Less appreciated, however, is that many of the poor in agricultural economies may benefit from higher wages. This study finds that wages for manual labor in rural India, both within and outside agriculture, rose faster in districts growing more of those crops with large producer price run‐ups over the 2004–2009 period. Based on a general equilibrium framework that accounts for such wage gains, rural households across the income spectrum are found, contrary to more conventional welfare analysis, to benefit from higher agricultural prices. ( JEL Q17, Q18, F14)",https://doi.org/10.1111/ecin.12237,3.2448678
ee,2018,Decomposition methods for analyzing inequality changes in Latin America 2002–2014,NA,https://doi.org/10.1007/s00181-018-1518-4,3.202492
bjir,2012,Organizing ‘Spaces of Hope’: Union Formation by Indian Garment Workers,"Abstract This article concerns union formation among female garment workers in B angalore, in the southern state of K arnataka, I ndia. It analyses a case where a category of workers dismissed by established national unions as impossible to organize came to form their own women's movement and thence their own union. The case highlights the crucial role of a sustained, flexible approach towards organizing at the micro level, in the mobilization of vulnerable workers employed in highly competitive labour markets.",https://doi.org/10.1111/j.1467-8543.2012.00917.x,3.194646
le,2013,"Gender wage gaps, ‘sticky floors’ and ‘glass ceilings’ in Europe",NA,https://doi.org/10.1016/j.labeco.2013.01.003,3.1895156
aer,2012,Comparing Real Wage Rates,"A real wage rate is a nominal wage rate divided by the price of a good and is a transparent measure of how much of the good an hour of work buys. It provides an important indicator of the living standards of workers, and also of the productivity of workers. In this paper I set out the conceptual basis for such measures, provide some historical examples, and then provide my own preliminary analysis of a decade long project designed to measure the wages of workers doing the same job in over 60 countries—workers at McDonald's restaurants. The results demonstrate that the wage rates of workers using the same skills and doing the same jobs differ by as much as 10 to 1, and that these gaps declined over the period 2000–2007, but with much less progress since the Great Recession. (JEL C81, C82, D24, J31, N30, O57)",https://doi.org/10.1257/aer.102.2.617,3.161958
eer,2010,An experimental investigation of overdissipation in the all pay auction,NA,https://doi.org/10.1016/j.euroecorev.2010.02.006,3.1590002
aejp,2014,The Trade-Offs of Welfare Policies in Labor Markets with Informal Jobs: The Case of the “Seguro Popular” Program in Mexico,"In 2002, the Mexican government began an effort to improve health access to the 50 million uninsured in Mexico, a program known as Seguro Popular (SP). The SP offered virtually free health insurance to informal workers, altering the incentives to operate in the formal economy. We find that the SP program had a negative effect on the number of employers and employees formally registered in small and medium firms (up to 50 employees). Our results suggest that the positive gains of expanding health coverage should be weighed against the implications of the reallocation of labor away from the formal sector. (JEL E26, I13, I18, I38, J46, O15, O17)",https://doi.org/10.1257/pol.6.4.71,3.1574244
oep,2014,"Self-employment, wage employment, and informality in a developing economy","We construct a simple model incorporating various urban labour market phenomena obtaining in developing economies, and we give a diagrammatic formulation of the market equilibrium. Our initial formulation assumes an integrated labour market and allows for entrepreneurship, self-employment, and wage employment. We then introduce labour market segmentation. In equilibrium voluntary and involuntary self-employment, formal and informal wage employment, and formal and informal entrepreneurship may all coexist. We illustrate the model by an example calibrated on Latin American data, examining individual labour market transitions and implications of education/training and labour market policies.",https://doi.org/10.1093/oep/gpu047,3.1444612
ilr,2014,Book Review: Occupational Change in Europe: How Technology and Education Transform the Job Structure,"What types of jobs are becoming more important in our economies, and what causes these changes? This timely book by Daniel Oesch attempts to tackle these questions for five European countries (Britain, Denmark, Germany, Spain, and Switzerland), over 1990 to 2008. For each country, Oesch analyzes changes in the structure of employment and uses a supply-demand-institutions (SDI) logic to interpret these changes. The SDI framework follows that of the “canonical model” of labor markets. Such a model attributes changes in skill-upgrading and the skill premium to shifts in the relative demand for skilled workers due to technological progress and globalization; to shifts in the relative supply of skilled workers due to changes in educational attainment growth rates and immigration; and to labor market institutions such as collective bargaining and minimum wages. Despite its simplicity, the SDI framework has proved to be extremely successful in explaining skill-upgrading in employment as well as changes in the skill premium over time. The SDI framework therefore is a natural starting point to discuss recent changes in relative occupational employment and wages. The author does this by using an easy-to-follow methodology and by drawing on a literature of related work from the fields of sociology and labor economics.",https://doi.org/10.1177/0019793914537464,3.1366754
aer,2016,How to Restore Equitable and Sustainable Economic Growth in the United States,"Today's weakness in the US economy results from lack of aggregate demand, due to high and growing inequality, underinvestment in public infrastructure and technology that is complementary to private capital, continuing mild austerity, difficulties encountered in making the structural transformation from manufacturing to a service-based economy, and a financial sector failing to provide adequate funds to SMEs. An agenda to restore growth includes a carbon price, inducing climate investments; increased public investments in infrastructure and technology; fighting inequality through redistribution and rewriting the rules structuring the economy; and reforming the financial sector and the global reserve system.",https://doi.org/10.1257/aer.p20161006,3.134908
le,2012,"Labor supply, income, and welfare of the farm household",NA,https://doi.org/10.1016/j.labeco.2012.03.004,3.1219244
bjir,2010,The Licensing of Barbers in the USA,"Abstract Barbering is one of the earliest professions to be licensed in the USA. This article discusses the origins of barber licensing, as well as its current status and scope, and then estimates the effects that such licensing has had on barbers' earnings. To estimate these effects we use micro‐level data from the 2000 US Census along with several measures of the strictness of state licensing of barbers. Our results suggest that certain licensing provisions may have increased barber earnings by between 11 and 22 per cent. The magnitude of our estimates is somewhat higher than those found in studies examining the effects of licensing in similar professions.",https://doi.org/10.1111/j.1467-8543.2010.00811.x,3.117222
bjir,2011,"Subcontracting, Posted Migrants and Labour Market Segmentation in Finland","Abstract Using evidence from the shipbuilding and construction industries in Finland, this article shows how trade union responses to the introduction of migrant workers can be conditioned by product markets. Growing numbers of ‘posted workers’, or intra‐European Union work migrants employed via transnational subcontractors, are segmenting the labour market, by competing with domestically domiciled workers whose employment is more tightly regulated. In Finland, the construction worker's union has had a far more assertive and successful approach to enforcing wage norms than the union in shipbuilding. This appears to be related to the greater exposure of shipbuilding to international product market competition.",https://doi.org/10.1111/j.1467-8543.2011.00859.x,3.1125312
jpam,2012,The Role of Economic Factors and Economic Support in Preventing and Escaping from Intimate Partner Violence,NA,https://doi.org/10.1002/pam.21666,3.095849
bjir,2017,"CSR Participation Committees, Wildcat Strikes and the Sourcing Squeeze in Global Supply Chains","Abstract Lead firms in apparel global supply chains are increasingly using social compliance programmes that require worker‐management participation committees in their supplier factories. These committees are designed to ensure respect for internationally recognized labour standards, to empower workers, and to reduce labour unrest. However, these committees have remained weak, and in countries such as Vietnam worker unrest remains common. This article argues that this is because lead firms in these CSR programmes are imposing a ‘sourcing squeeze’ on supplier factors by reducing the prices and production times they allot to their suppliers, which undermines efforts by committees to address cost‐sensitive issues and overtime violations. At the same time, the sourcing squeeze increases strike leverage, providing workers with a much more effective source of worker voice.",https://doi.org/10.1111/bjir.12275,3.0780964
ilr,2010,The Structure of Labor Costs with Overtime Work in U.S. Jobs,"The author analyzes employment contract and labor demand models of the Fair Labor Standards Act overtime pay regulation to determine their effects on employers' labor costs. Using National Compensation Survey data to obtain a representative sample of U.S. private-industry jobs, he assesses each model's ability to predict either the adjustment of wage rates if overtime is warranted (the employment contract model) or the probability of using overtime to meet labor demands (the labor demand model). Using quasi-fixed employment costs as independent variables allows for a better accounting of labor demand. He finds that lower wages go hand-in-hand with jobs requiring more overtime work, which indicates that overtime pay regulation influences the structure of compensation.",https://doi.org/10.1177/001979391006400106,3.0694792
restat,2013,In School and Out of Trouble? The Minimum Dropout Age and Juvenile Crime,Abstract This paper examines the relationship between the minimum high school dropout age and juvenile arrest rates by exploiting state-level variation in dropout age laws. County-level arrest data for the period 1980 to 2008 and difference-in-difference-in-difference-type empirical strategy are used to compare the arrest rates over time of various age groups within counties that differ by their state's minimum dropout age. The evidence suggests that minimum dropout age requirements have a significant and negative effect on property and violent crime arrest rates for individuals 16 to 18 years old. The results are consistent with an incapacitation effect of schooling.,https://doi.org/10.1162/rest_a_00360,3.0605636
bjir,2017,Extra‐Institutional Changes under Pressure from Posting,"The posting of workers has become a key topic in debates about how national labour relations respond to pressures from EU market making. While most prior studies have shown that national employment relations are under pressure from above (via EU regulation) and from below (due to increasing use of posting), the question is whether these pressures will lead to erosion of employment relations or adaptation at the national level. Taking the case of posting in the Danish construction sector, the article shows that, while formal institutions stay the same through minor adaptation, the increasing use of posting has led to changes in the strategies of the social partners, shifts in predominant policy arenas and the appearance of new actors on the regulatory scene. As such, we argue that conflicts regarding posting are driving a process of extra‐institutional change.",https://doi.org/10.1111/bjir.12287,3.058348
el,2017,Unintended consequences of unemployment insurance: Evidence from stricter eligibility criteria in Brazil,NA,https://doi.org/10.1016/j.econlet.2017.10.016,3.0555384
jole,2010,New Market Power Models and Sex Differences in Pay,"In the context of certain models, it is possible to infer the elasticity of labor supply to the firm from the elasticity of the quit rate with respect to the wage. We use this strategy to estimate the elasticity of labor supply for men and women workers at a chain of grocery stores, identifying separation elasticities from differences in wages and separation rates across different job titles within the firm. We estimate that women have lower elasticities, so a Robinson‐style monopsony model can explain reasonably well the lower relative pay of women in the retail grocery industry.",https://doi.org/10.1086/651245,3.0550709
le,2017,"Seniority rules, worker mobility and wages: Evidence from multi-country linked employer-employee data","We construct multi-country employer-employee data to examine the consequences of last-in, first-out rules. We identify the effects by comparing worker exit rates between different units of the same firms operating in Sweden and Finland, two countries that have different seniority rules. We observe a relatively lower exit rate for more senior workers in Sweden in the shrinking firms and among the low-wage workers. These empirical patterns are consistent with last-in, first-out rules in Sweden providing protection from dismissals for the more senior workers among the worker groups to whom the rules are most relevant. Similarly, we observe a steeper seniority-wage profile in Sweden, suggesting that last-in, first-out rules may also be beneficial for more senior workers in terms of compensation.",https://doi.org/10.1016/j.labeco.2017.11.006,3.0506516
ilr,2016,Governing Work and Employment Relations in an Internationalized Economy,"Growing internationalization of economic activity has corroded the capacity of national institutions to regulate work and employment. In this changing context, established international institutions have generally not proved adequate to the resulting challenge. New initiatives have emerged to address the growing regulatory gap at the international level, variously aimed at cross-border flows of capital, labor, goods, and services. Most of these initiatives entail the addition of new institutional arrangements and regulation at the international level alongside, and not in place of, national frameworks. The resulting multilevel arrangements raise particular governance challenges. The solutions conventionally proposed neglect the role of power relations in shaping arrangements and hence their contested nature. This research and policy article examines the academic research on internationalization and work and employment regulation at the national level, the response of established international institutions, and the rise of new regulatory initiatives at the international level. It applies and modifies Streeck and Thelen’s framework for analyzing different types of gradual change and elaborates ways forward for new, multilevel arrangements that take account of power relations.",https://doi.org/10.1177/0019793916654891,3.0368865
labour,2011,Paying More than Necessary? The Wage Cushion in Germany,"In Germany, more than 40 per cent of plants covered by collective agreements pay wages above the level stipulated in the agreement, giving rise to a wage cushion between actual and contractual wages. Cross-sectional and fixed-effects estimations indicate that the wage cushion mainly varies with the profit situation of the plant and with indicators of labour shortage and the business cycle. Whereas plants bound by multi-employer agreements seem to pay wage premiums in order to overcome the restrictions imposed by the rather centralized bargaining system in (western) Germany, plants that use single-employer agreements are significantly less likely to have wage cushions.",https://doi.org/10.1111/j.1467-9914.2010.00514.x,3.025714
jep,2015,Putting Distribution Back at the Center of Economics: Reflections on <i>Capital in the Twenty-First Century</i>,"When a lengthy book is widely discussed in academic circles and the popular media, it is probably inevitable that the arguments of the book will be simplified in the telling and retelling. In the case of my book Capital in the Twenty-First Century (2014), a common simplification of the main theme is that because the rate of return on capital r exceeds the growth rate of the economy g, the inequality of wealth is destined to increase indefinitely over time. In my view, the magnitude of the gap between r and g is indeed one of the important forces that can explain historical magnitudes and variations in wealth inequality. However, I do not view r &gt; g as the only or even the primary tool for considering changes in income and wealth in the 20th century, or for forecasting the path of income and wealth inequality in the 21st century. In this essay, I will take up several themes from my book that have perhaps become attenuated or garbled in the ongoing discussions of the book, and will seek to re-explain and re-frame these themes. First, I stress the key role played in my book by the interaction between beliefs systems, institutions, and the dynamics of inequality. Second, I briefly describe my multidimensional approach to the history of capital and inequality. Third, I review the relationship and differing causes between wealth inequality and income inequality. Fourth, I turn to the specific role of r &gt; g in the dynamics of wealth inequality: specifically, a larger r − g gap will amplify the steady-state inequality of a wealth distribution that arises out of a given mixture of shocks. Fifth, I consider some of the scenarios that affect how r − g might evolve in the 21st century, including rising international tax competition, a growth slowdown, and differential access by the wealthy to higher returns on capital. Finally, I seek to clarify what is distinctive in my historical and political economy approach to institutions and inequality dynamics, and the complementarity with other approaches.",https://doi.org/10.1257/jep.29.1.67,3.0221484
ecta,2012,Bounds on Elasticities With Optimization Frictions: A Synthesis of Micro and Macro Evidence on Labor Supply,"How can price elasticities be identified when agents face optimization frictions such as adjustment costs or inattention?I derive bounds on structural price elasticities that are a function of the observed effect of a price change on demand, the size of the price change, and the degree of frictions.The degree of frictions is measured by the utility losses agents tolerate to deviate from the frictionless optimum.The bounds imply that frictions affect intensive margin elasticities much more than extensive margin elasticities.I apply these bounds to the literature on labor supply.The utility costs of ignoring the tax changes used to identify intensive margin labor supply elasticities are typically less than 1% of earnings.As a result, small frictions can explain the differences between micro and macro elasticities, extensive and intensive margin elasticities, and other disparate findings.Pooling estimates from existing studies, I estimate a Hicksian labor supply elasticity of 0.33 on the intensive margin and 0.25 on the extensive margin after accounting for frictions.",https://doi.org/10.3982/ecta9043,3.0210495
aejp,2013,Does Less Income Mean Less Representation?,"We assemble a novel dataset of matched legislative and constituent votes and demonstrate that less income does not mean less representation. We show: (i) The opinions of high- and low-income voters are highly correlated; the legislator's vote often reflects the desire of both. (ii) What differences in representation by income exist vary by legislator party. Republicans more often vote the will of their higher income over their lower income constituents; Democratic legislators do the reverse. (iii) Differences in representation by income are largely explained by the correlation between constituent income and party affiliation. (JEL D31, D72)",https://doi.org/10.1257/pol.5.2.53,3.0119894
jpam,2010,Extending the EITC to noncustodial parents: Potential impacts and design considerations,"This paper examines the noncustodial parent earned income tax credit (NCP EITC), a new type of credit recently enacted in New York and Washington, D.C. and proposed by Senator Bayh and then-Senator Obama in 2007. The NCP EITC offers an earned income tax credit to low-income noncustodial parents who work and pay their full child support. This paper describes the rationale for this policy and provides national estimates of the benefits and costs of an NCP EITC under three alternative policy scenarios. It also discusses several key design and implementation issues.",https://doi.org/10.1002/pam.20533,2.999987
jpub,2010,Optimal Policies with an Informal Sector,NA,https://doi.org/10.1016/j.jpubeco.2010.10.010,2.9990644
restat,2012,"The Effect of Rising Income Inequality on Taxation and Public Expenditures: Evidence from U.S. Municipalities and School Districts, 1970–2000","Abstract The income distribution in many developed countries widened dramatically from 1970 to 2000. Some scholars argue that income inequality contributes to a host of social ills by undermining voters' willingness to support public expenditures. In contrast, we find that growing income inequality is associated with an expansion in government revenues and expenditures on a wide range of services in U.S. municipalities and school districts. Results are robust to a number of model specifications, including instrumental variables that address the endogeneity of the local income distribution. Our results are inconsistent with models predicting that heterogeneous societies provide lower levels of public goods.",https://doi.org/10.1162/rest_a_00332,2.991467
eer,2017,Habit formation in consumption: A meta-analysis,NA,https://doi.org/10.1016/j.euroecorev.2017.03.009,2.9842196
jole,2011,The Impact of Low-Skilled Immigration on the Youth Labor Market,"The employment to population rate of high school–aged youth has fallen by about 20 percentage points since the late 1980s. One potential explanation is increased competition from substitutable labor, such as immigrants. I demonstrate that the increase in the population of less educated immigrants has had a considerably more negative effect on employment outcomes for native youth than for native adults. At least two factors are at work: there is greater overlap between the jobs that youth and less educated adult immigrants traditionally do, and youth labor supply appears more responsive to immigration-induced wage changes.",https://doi.org/10.1086/662073,2.9809163
jeea,2014,THE BALANCED US PRESS,"We measure the relative ideological positions of newspapers, voters, interest groups, and political parties, using data on ballot propositions. We exploit the fact that newspapers, parties, and interest groups take positions on these propositions, and the fact that citizens ultimately vote on them. We find that, on average, newspapers in the United States are located almost exactly at the median voter in their states—that is, they are balanced around the median voter. Still, there is a significant amount of ideological heterogeneity across newspapers, which is smaller than the one found for interest groups. However, when we group propositions by issue area, we find a sizable amount of ideological imbalance: broadly speaking, newspapers are to the left of the state-level median voter on many social issues, and to the right on many economic issues. To complete the picture, we use two existing methods of measuring bias and show that the news and editorial sections of newspapers have almost identical partisan positions.",https://doi.org/10.1111/jeea.12101,2.9713354
jhr,2017,"Manila to Malaysia, Quezon to Qatar","Caroline Theoharides⇑ Caroline Theoharides is an assistant professor of economics at Amherst College. Caroline Theoharides, AC #2201, Amherst College, Amherst, MA 01002 (ctheoharides{at}amherst.edu).",https://doi.org/10.3368/jhr.53.4.0216.7714r1,2.9618375
jhe,2014,Did liberalising bar hours decrease traffic accidents?,NA,https://doi.org/10.1016/j.jhealeco.2014.03.007,2.9554691
el,2015,Fertility and unemployment in a social security system,NA,https://doi.org/10.1016/j.econlet.2015.05.014,2.9480457
le,2010,Mixing the princes and the paupers: Pay and performance in the National Basketball Association,NA,https://doi.org/10.1016/j.labeco.2010.11.012,2.9438453
bjir,2010,Union Immobility? Trade Unions and the Freedoms of Movement in the Enlarged EU,"Abstract East–West union co‐operation in Europe is discussed as the most serious test to cross‐border union solidarity, in the light of new frameworks capable to make sense of transnational trade union activity and alternative to theoretical nationalism. The empirical assessment of trade union chances reviews the activities of trade unions in the UK, Germany, Austria and Poland on foreign investment, migration and movement of services. Secondary evidence and case studies show that the strength of transnational union action does not depend on the country, but rather on its form. ‘Structural’ Europeanization remains weak (e.g. in most European Works Councils), while network‐based action is displaying strong developments, especially on migration, but least on the movement of services.",https://doi.org/10.1111/j.1467-8543.2010.00802.x,2.9316049
aer,2017,Returns to Education through Access to Higher-Paying Firms: Evidence from US Matched Employer-Employee Data,"We use administrative US matched employer-employee data merged with detailed information on individuals' academic records to assess the extent to which returns to education are mediated by the sorting of workers across firms. We present three results. First, we confirm findings in the earlier literature of large pay differences across higher education degrees. Second, we show that up to one quarter of pay premiums for higher degrees are explained by between-firm pay differences. Third, higher degrees are associated with greater representation at the best-paying firms. We conclude that employer heterogeneity is an important factor in mediating the returns to education.",https://doi.org/10.1257/aer.p20171013,2.9282928
ir,2017,U.S. Free Trade Agreements and Enforcement of Labor Law in Latin America,The paper provides difference‐in‐differences estimates suggesting that Latin American countries that signed a free trade agreement with the United States experienced an increase in the number of labor inspectors and inspections. We also find large heterogeneity across signers and no evidence that the North American Free Trade Agreement ( NAFTA ) had a positive impact on Mexico. We conclude by suggesting that the stringency of content of the accord and the resources devoted by the U.S. government to increase enforcement make a difference.,https://doi.org/10.1111/irel.12199,2.9113941
jhr,2010,"Two Sides of the Same Coin: U.S. ""Residual"" Inequality and the Gender Gap","We show that the narrowing gender gap and the growth in earnings inequality are consistent with a simple model in which skills are heterogeneous, and the growth in skill prices has been particularly strong for skills with which women are well endowed. Empirical analysis of DOT, CPS, and NLSY79 data finds evidence to support this model. A large increase in the prices of cognitive and people skills—skills with which women are well endowed—and a decline in the price of motor skills account for up to 40 percent of the rising inequality and 20 percent of the narrowing gender gap.",https://doi.org/10.1353/jhr.2010.0006,2.9085433
ee,2010,Subsidies on low-skilled workers’ social security contributions: the case of Belgium,NA,https://doi.org/10.1007/s00181-010-0367-6,2.9045837
le,2017,Making disability work? The effects of financial incentives on partially disabled workers,NA,https://doi.org/10.1016/j.labeco.2017.05.008,2.9007459
ilr,2015,"Employer Attitudes, the Marginal Employer, and the Ethnic Wage Gap","In most EU countries, ethnic minorities have lower wages than does the ethnic majority. To what extent these wage gaps are the result of prejudice toward ethnic minority workers is virtually unknown. The authors examine the role that prejudice plays in the creation of the ethnic wage gap in one of Europe’s most egalitarian countries, Sweden. The analysis takes into account the important distinction between average employer attitudes and the attitude of the marginal employer (the attitude of the most prejudiced employer hiring the ethnic minority). Results confirm that the attitudes of the marginal employer—but not those of the average employer—are important for explaining the ethnic wage gap.",https://doi.org/10.1177/0019793915601630,2.8885362
aer,2017,"Replication, Meta-Analysis, and Research Synthesis in Economics","Replicability is essential to assure the scientific integrity of empirical economic research. Some authors have suggested metadata analysis as a complementary tool. This suggestion must be addressed with caution. Empirical studies in most of economics are nonstochastic in the sense that they seldom are created via experiments and, with the data and computer software in-hand, should be reproducible without error.",https://doi.org/10.1257/aer.p20171033,2.8859076
jpam,2010,Fighting poverty: Attentive policy can make a huge difference,NA,https://doi.org/10.1002/pam.20498,2.8738418
ilr,2010,Does Outsourcing Reduce Wages in the Low-Wage Service Occupations? Evidence from Janitors and Guards,"Outsourcing of labor services grew substantially during the 1980s and 1990s and was associated with lower wages, fewer benefits, and lower rates of unionization. The authors focus on two occupations for which they can identify outsourcing in those two decades using industry and occupation codes: janitors and guards. Across a wide array of specifications, they find that the outsourcing wage penalty ranged from 4% to 7% for janitors and from 8% to 24% for guards. Their findings on health benefits mirror those on wages. Evidence suggests that the outsourcing penalty was not due to compensating differentials for higher benefits or lower hours, skill differences, or the types of industries that outsourced. Rather, outsourcing seems to have reduced labor market rents for workers, especially for those in the upper half of the occupational wage distribution. Industries with higher historical wage premia were more likely to outsource service work.",https://doi.org/10.1177/001979391006300206,2.863467
qje,2017,Optimal Tax Progressivity: An Analytical Framework*,"Abstract What shapes the optimal degree of progressivity of the tax and transfer system? On the one hand, a progressive tax system can counteract inequality in initial conditions and substitute for imperfect private insurance against idiosyncratic earnings risk. On the other hand, progressivity reduces incentives to work and to invest in skills, distortions that are especially costly when the government must finance public goods. We develop a tractable equilibrium model that features all of these trade-offs. The analytical expressions we derive for social welfare deliver a transparent understanding of how preference, technology, and market structure parameters influence the optimal degree of progressivity. A calibration for the U.S. economy indicates that endogenous skill investment, flexible labor supply, and the desire to finance government purchases play quantitatively similar roles in limiting optimal progressivity. In a version of the model where poverty constrains skill investment, optimal progressivity is close to the U.S. value. An empirical analysis on cross-country data offers support to the theory.",https://doi.org/10.1093/qje/qjx018,2.8556373
el,2011,"Corruption, inflation and growth",NA,https://doi.org/10.1016/j.econlet.2011.06.015,2.846509
aer,2013,Sexual Violence against Women and Labor Market Outcomes,"This study is the first in the economics literature to explore the labor market consequences of sexual violence toward women. Using data from the Add Health, we find that sexual violence against women is associated with a 6.6 percent lower probability of labor force participation and 5.1 percent lower average wages. These estimates are robust to controls for unobserved heterogeneity at the school- and family-levels, as well as detailed controls for personality, personal discount rates, and risk preferences. We find that the adverse labor market effects of sexual violence are partially explained by its adverse psychological and physical consequences.",https://doi.org/10.1257/aer.103.3.274,2.8359158
ilr,2010,The Theoretical Foundation of Industrial Relations and its Implications for Labor Economics and Human Resource Management,"The author identifies the core principle that forms the theoretical and policy foundation for the field of industrial relations—labor is embodied in human beings and is not a commodity—and argues that the field's two central dependent variables are labor problems and the employment relationship. Next, he uses this core principle, along with complementary ideas from institutional economics, to develop a theoretical framework that not only explains the nature of the employment relationship and labor problems but also reveals shortcomings in related theories from labor economics and human resource management. Finally, this framework is used to derive the “fundamental theorem” of industrial relations, demonstrate that optimal economic performance occurs in a mixed economy of imperfect labor markets and organizations, and show that a certain amount of labor protectionism promotes economic efficiency and human welfare.",https://doi.org/10.1177/001979391006400104,2.8292553
bjir,2010,The Second Automobile Revolution. Trajectories of the World Carmakers in the 21st Century – Edited by Michel Freyssenet,NA,https://doi.org/10.1111/j.1467-8543.2010.00796_6.x,2.8202987
ilr,2018,The Affordable Care Act and the Growth of Involuntary Part-Time Employment,"This study tests whether the employer mandate under the Affordable Care Act (ACA) increased involuntary part-time (IPT) employment. Using data from the Current Population Survey between 1994 and 2015, the authors find that IPT employment in 2015 exceeded predictions based on economic conditions and the structure of the labor market. Of greater importance, using difference-in-difference methods, they find that the increase in the probability of IPT employment since passage of the ACA was greater in occupations with a larger share of workers affected by the mandate. The authors’ estimates suggest that approximately 700,000 additional workers without a college degree are in IPT employment as a result of the ACA employer mandate.",https://doi.org/10.1177/0019793918796812,2.80943
oep,2014,The trade-off between unemployment and wage inequality revisited,"The Krugman hypothesis attributes high wage inequality in the US and high unemployment in continental Europe in the 1980s to the same negative change in the demand for the low skilled under different degrees of wage rigidity.This paper revisits the hypothesis in order to explain the labor market developments in France, the UK, and the US in the 1990s.We estimate a labor supply and labor demand model with heterogenous types of labor to analyze the effects of market forces and wage rigidity on changes in skill-group labor market outcomes.The results provide evidence in favor of the Krugman hypothesis when France is compared to the US and the UK.We also find support for an extended version of the Krugman hypothesis, which suggests that, when labor supply is sensitive to wages, there is a trade-off between unemployment on one hand, and wage inequality and inactivity on the other. AbstraktPokud jde o vysokou mzdovou nerovnost v USA a vysokou nezaměstnanost v zemích evropského kontinentu v osmdesátých letech dvacátého století , Krugmanova hypotéza připisuje oba jevy poklesu poptávky po pracujících s nízkou kvalifikací, jehož důsledky se liší podle různého stupně mzdové rigidity.Předkládaná studie zkoumá, zda tato hypotéza je schopna vysvětlit také vývoj na trhu práce ve Francii, Velké Británii a USA také v následující dekádě, v letech devadesátých.Odhadujeme model nabídky práce a poptávky po práci s heterogenními typy pracujících, jehož pomocí analyzujeme vliv tržních sil a mzdové rigidity na pozorované změny výstupů na trhu práce skupin pracujících s odlišnou kvalifikací.Naše výsledky ukazují, že pomocí Krugmanovy hypotézy lze vysvětlit rozdílný vývoj na trhu práce ve Francii ve srovnání s USA a Velkou Británií.Nacházíme také empirickou relevanci rozšířené verze Krugmanovy hypotézy, která říká, že pokud je nabídka práce citlivá na mzdy, existuje substituční vztah mezi nezaměstnaností",https://doi.org/10.1093/oep/gpu015,2.7962441
aer,2012,Understanding Price Controls and Nonprice Competition with Matching Theory,"We develop a quality competition model to understand how price controls affect market outcomes in buyer-seller markets with discrete goods of varying quality. While competitive equilibria do not necessarily exist in such markets when price controls are imposed, we show that stable outcomes do exist and characterize the set of stable outcomes in the presence of price restrictions. In particular, we show that price controls induce non-price competition: price floors induce the trade of inefficiently high quality goods, while price ceilings induce the trade of inefficiently low quality goods.",https://doi.org/10.1257/aer.102.3.371,2.7954638
bjir,2016,The Developing Role of Unions in China's Foreign‐Invested Enterprises,"Abstract This article evaluates the development of Chinese enterprise unions, drawing on case‐study evidence from foreign‐invested enterprises in the Pearl River Delta. Findings suggest that it was difficult for such employers to resist the establishment of an enterprise union. However, they generally sought to co‐opt the union to meet organizational needs. Management strategy was critical in shaping the union's role, and our evidence suggests that this was influenced by factors such as home‐country policies, the expectations of overseas customers, management ideology and pressures from the ACFTU and the Party‐State to comply with the requirement for a union. The implications for the role of unions are evaluated.",https://doi.org/10.1111/bjir.12218,2.7851672
jole,2010,Estimating the Firm’s Labor Supply Curve in a “New Monopsony” Framework: Schoolteachers in Missouri,"In the context of certain dynamic models, it is possible to infer the elasticity of labor supply to the firm from the elasticity of the quit rate with respect to the wage. Using this property, we estimate the average labor supply elasticity to public school districts in Missouri. We leverage the plausibly exogenous variation in prenegotiated district salary schedules to instrument for actual salary. These estimates imply a labor supply elasticity of about 3.7, suggesting that school districts possess significant market power. The presence of monopsony power in this teacher labor market may be partially explained by its institutional features.",https://doi.org/10.1086/649904,2.7830079
ilr,2013,Introduction to the Special Issue on Job Quality: What Does it Mean and How Might We Think about It?,"Scholars, employers, and certainly many employees share a perception that how work is organized has radically changed. The long period of relative stability that followed World War II began to erode in the 1970s with the multiple shocks of the oil crisis and accelerating international competition. Many also believe that the computer revolution, which transformed possibilities for managing firms and work processes, hastened change. Diffusion of new organizational models such as the Toyota Production system, not simply into automobiles but into a wide range of service as well as manufacturing industries, also remade employment systems. Distinctive organizational designs, such as the networked model found in the Silicon Valley, emerged. Firms redefined their relationship to their workforce as witnessed by the rise of contingent work and reduced mutual commitment. These developments are well known and add up to a transformation of work as experienced by employees. What is much less understood is the implication of these developments for job quality. We have yet to arrive at a coherent answer to this essential question. Nor do we understand how outcomes vary across national settings that differ substantially in their labor market institutions. To begin to answer these questions, in November 2011 the Cornell ILR School and the ILR Review sponsored a conference on job quality. That conference brought together scholars from a diverse range of disciplines and countries to assess changes in the job market and the attendant consequences for the workforce. The articles in this special issue were presented at the conference and have subsequently been revised in response to discussions at the conference and suggestions coming out of the ILR Review's review process.",https://doi.org/10.1177/001979391306600401,2.7748153
ir,2012,Decomposing the Sources of Earnings Inequality: Assessing the Role of Reallocation,"This study exploits longitudinal employer–employee matched data from the U.S. Census Bureau to investigate the contribution of worker and firm reallocation to changes in earnings inequality within and across industries between 1992 and 2003. We find that factors that cannot be measured using standard cross‐sectional data, including the entry and exit of firms and the sorting of workers across firms, are important sources of changes in earnings distributions over time. Our results also suggest that the dynamics driving changes in earnings inequality are heterogeneous across industries.",https://doi.org/10.1111/j.1468-232x.2012.00697.x,2.765242
jpam,2015,What Do Right‐to‐Work Laws Do? Evidence from a Synthetic Control Method Analysis,"Abstract Using the case study of Oklahoma and a recently developed econometric technique, we examine the impact of right‐to‐work (RTW) laws on state‐level labor market outcomes. Our results show that the passage of RTW laws in Oklahoma decreased private sector unionization rates. Several other state outcomes including total employment rate and private sector average wages, on the other hand, were not affected by RTW laws. The findings for the private sector generally carry over to the manufacturing sector.",https://doi.org/10.1002/pam.21861,2.7626643
cje,2012,The effects of labour unions on international capital tax competition,"Abstract We analyze the impact of labour market rigidities on tax competition between two imperfectly integrated countries. Following a shift from a competitive to a unionized labour market in both countries, the capital tax can be adjusted upward in the country with the less rigid labour market, whereas the capital tax is always adjusted downward in the other country. Moreover, by reducing the labour cost differential between countries, trade liberalization gives rise to tax and welfare convergences. Finally, when a country adopts a flexible labour market, the unionized country may attract the majority of capital.",https://doi.org/10.1111/j.1540-5982.2012.01746.x,2.7620475
el,2014,"Fiscal adjustments, labour market flexibility and unemployment",NA,https://doi.org/10.1016/j.econlet.2014.05.029,2.7549067
ei,2015,WHOSE PREFERENCES ARE REVEALED IN HOURS OF WORK?,"ABSTRACT It has become orthodox in economics research to interpret the association between hourly earnings and working hours as the expression of the preferences of workers. This convention originated in H. Gregg Lewis' explanation for the decline in hours of work since the nineteenth century. His explanation rested on an explicit resolution of the identification problem inherent in any quantity (hours)–price (wage) relation. For over 40 years, researchers have neglected this identification problem with the result that the findings in the purported “labor supply” literature are of questionable value. ( JEL J22, J23, C13)",https://doi.org/10.1111/ecin.12276,2.7462437
jpub,2010,Mandatory sick pay provision: A labor market experiment,NA,https://doi.org/10.1016/j.jpubeco.2010.08.009,2.7425807
ei,2015,INFORMAL LABOR MARKETS AND ON‐THE‐JOB TRAINING: EVIDENCE FROM WAGE DATA,"Abstract This study examines whether informal sector jobs are a source of training for young less‐educated workers. Controlling for worker and job characteristics, it is found that, in the early years of workers' careers in Mexico, wage growth in the informal sector is higher than in the formal sector. This result is consistent with general human capital investment on‐the‐job if the informal labor market is more competitive than the formal labor market due to frictions generated by labor regulations. ( JEL O17, J24, J310)",https://doi.org/10.1111/ecin.12279,2.7418494
ir,2013,Sidney and Beatrice Webb's Institutional Theory of Labor Markets and Wage Determination,"Sydney and B eatrice W ebb were among the most influential institutional labor economists of the pre‐ W orld W ar II period yet this portion of their work has fallen out of sight for more than a half‐century. This paper reconstructs the W ebbs' theory of labor markets and wage determination and explains how it differs from the rival neoclassical labor theory of A lfred M arshall. Key institutional components of their theory are developed, such as rent theory, institutional pyramid, chain of bargains, inequality of bargaining power, unemployed residuum, and common rule. The W ebbs' theory is then used to explain the operation of labor markets and why in the absence of regulation they generate numerous social problems, including widespread poverty wages, excessive work hours and injuries, substantial unemployment, and human capital exploitation. Also described is the set of labor policies the W ebbs advocate to solve these problems. Implications for modern labor theory and policy are developed.",https://doi.org/10.1111/irel.12032,2.7350852
ilr,2016,Contesting Firm Boundaries,"This article develops and applies a framework for analyzing the relationship among institutions, cost structures, and patterns of labor–management contestation over organizational boundaries. Collective negotiations related to the externalization of call center jobs are compared across 10 incumbent telecommunications firms located in Europe and the United States. All 10 firms moved call center work to dedicated subsidiaries, temporary agencies, and domestic and offshore subcontractors. A subset of the firms, however, later re-internalized call center jobs, in some cases following negotiated concessions on pay and working conditions for internal workers. Findings are based on 147 interviews with management and union representatives, archival data on restructuring measures and associated collective agreements, and wage data gathered through collective agreements and surveys. The authors argue that variation in outcomes can be explained by both the extent of the cost differentials between internal and external labor and the ease of exiting internal employment relationships, which in turn affected patterns of contestation associated with externalization measures.",https://doi.org/10.1177/0019793915624088,2.7172875
eer,2011,Job matching when employment contracts suffer from moral hazard,NA,https://doi.org/10.1016/j.euroecorev.2011.04.002,2.6994343
jole,2018,Estimating Equilibrium Effects of Job Search Assistance,"Identifying policy-relevant treatment effects from randomized experiments requires the absence of spillovers between participants and nonparticipants (SUTVA) or variation in observed treatment levels. We find that SUTVA is violated for a Danish activation program for unemployed workers. Using a difference-in-differences model, we show that nonparticipants in the experiment regions find jobs more slowly after the introduction of the program than workers.",https://doi.org/10.1086/697513,2.6799867
jpub,2014,The dog that did not bark: The EITC for single mothers in the Netherlands,NA,https://doi.org/10.1016/j.jpubeco.2014.07.010,2.6791036
bjir,2014,Paid and Unpaid Labour in Non‐Profit Organizations: Does the Substitution Effect Exist?,"Abstract In non‐profit organizations ( NPOs ), volunteers often work alongside paid workers. Such a co‐production setting can lead to tension between the two worker groups. This article examines for the first time if and how volunteers influence the separation of paid employees, and thus it contributes to the debate over whether volunteers can substitute paid workers. Using A ustrian data at the organizational level, we find a significant impact of volunteers on the separations of paid workers in NPOs facing increased competition. These findings support the assumption that a partial substitution effect exists between paid workers and volunteers.",https://doi.org/10.1111/bjir.12071,2.673321
sej,2014,Carrots That Look Like Sticks: Toward an Understanding of Multitasking Incentive Schemes,"Constructing compensation schemes for effort in multi-dimensional tasks is complex, particularly when some dimensions are not easily observable. When incentive schemes contractually reward workers for easily observed measures, such as quantity produced, the standard model predicts that unrewarded dimensions, such as quality, will be neglected. Yet, there remains mixed empirical evidence in favor of this standard principal-agent model prediction. This paper reconciles the literature by using both theory and empirical evidence. The theory outlines conditions under which principals can use a piece rate scheme to induce higher quantity and quality levels than analogous fixed wage schemes. Making use of a series of complementary laboratory and field experiments we show that this effect occurs because the agent is uncertain about the principal’s monitoring ability and the principal’s choice of a piece rate signals to the agent that she is efficient at monitoring.",https://doi.org/10.4284/0038-4038-2013.248,2.6725395
aejp,2017,Consumption Responses to Temporary Tax Incentives: Evidence from State Sales Tax Holidays,"States offer sales tax holidays (STHs) temporarily exempting items like clothes, shoes, and school supplies from the state sales tax. Spending response to these temporary tax changes are investigated using two datasets: the Diary portion of the Consumer Expenditure Survey and a unique dataset of credit card transactions. Results based on a difference-in-differences methodology show that there are substantial increases in spending on covered goods during these holidays that are not offset by declines in spending before or after the holidays. (JEL D12, H25, H31, H71)",https://doi.org/10.1257/pol.20130429,2.6614313
jlr,2015,Unionisation and Firm Performance in China’s Manufacturing Industries,NA,https://doi.org/10.1007/s12122-014-9197-1,2.6588907
ei,2016,PARTY AFFILIATION AND PUBLIC SPENDING: EVIDENCE FROM U.S. GOVERNORS,"This paper investigates whether the party affiliation of governors (Democrat or Republican) has an impact on the allocation of state expenditures. Exploiting gubernatorial election results from 1960 to 2012 and a Regression Discontinuity Design ( RDD ), we find that Democratic governors allocate a larger share of their budget to health/hospitals and education sectors. We find no significant impact of the political party of governors on total spending, only on the allocation of funds. The results are robust to a wide range of controls and model specifications. ( JEL D72, H75, H72)",https://doi.org/10.1111/ecin.12393,2.6575043
jlr,2010,"College Quality, Earnings, and Job Satisfaction: Evidence from Recent College Graduates",NA,https://doi.org/10.1007/s12122-010-9086-1,2.6573272
ilr,2018,Governance of Labor Standards in Australian and German Garment Supply Chains: The Impact of Rana Plaza,"This article analyzes the impact of the 2013 Rana Plaza building collapse on garment lead firms’ labor standards policies in the light of new governance approaches, particularly the pathbreaking Accord on Fire and Building Safety in Bangladesh. Based on a sample of 20 Australian and German garment firms, the authors find that firms with low prior baseline standards revised their supply chain and sourcing policies and signed the Accord. Firms with medium and high baseline standards responded variously, from making no changes to revising their policies and signing the Accord. Firm response variation can be explained by stakeholder pressure occurring in different national industrial and institutional contexts following the Rana Plaza incident, which served as a focusing event. Results suggest the wider applicability of the focusing event framework for industrial relations scholarship and highlight some of the mechanisms driving changes in industrial relations institutions.",https://doi.org/10.1177/0019793918771360,2.6571949
bjir,2011,The Gender Pay Gap for Private‐Sector Employees in Canada and Britain,"Abstract The gender earnings differentials for private‐sector employees in Britain and Canada are similar, substantial and significant. Using linked employer–employee data, we show that women are more likely to be employed in low‐wage workplaces than men in both counties. After accounting for the workplace, women continue to earn less than comparable men. Although men and women face a more equal pay structure within their workplace than they do across workplaces, a substantial portion of the gender pay gap in both countries remains unexplained by the individual characteristics or workplace effects considered in this study.",https://doi.org/10.1111/j.1467-8543.2011.00868.x,2.6471207
le,2017,"Top earnings inequality and the gender pay gap: Canada, Sweden, and the United Kingdom",NA,https://doi.org/10.1016/j.labeco.2017.05.010,2.6295235
aer,2013,Worktime Regulations and Spousal Labor Supply,"We study interdependencies in spousal labor supply by exploiting the design of the French workweek reduction, which introduced exogenous variation in one's spouse's labor supply, at constant earnings. Treated employees work on average two hours less per week. Husbands of treated women respond by reducing their labor supply by about half an hour, consistent with substantial leisure complementarity, and specifically cut the nonusual component of their workweek, leaving usual hours unchanged. Women's response to their husband's treatment is instead weak and rarely statistically significant, possibly due to heavier constraints in the organization of their workweek. (JEL J16, J22, K31)",https://doi.org/10.1257/aer.104.1.252,2.6130912
bjir,2014,Does Deregulation Work? Reassessing the Unemployment Effects of Employment Protection,"Abstract Using new data, this article examines the effect of employment protection legislation ( EPL ) on aggregate and youth unemployment in advanced economies and Central and Eastern E urope during 1980–2009. The results offer no clear support for the argument that EPL is a cause of unemployment. Although EPL reaches statistical significance at conventional levels in some models, the results are sensitive to small changes in the sample or the use of alternative estimators. While the analysis suggests some scope for complementary reforms of EPL and the tax wedge in tackling youth unemployment, the findings on the whole indicate that government efforts to tackle unemployment by deregulating EPL alone may well be futile.",https://doi.org/10.1111/bjir.12086,2.5982633
jhr,2013,Native Competition and Low-Skilled Immigrant Inflows,NA,https://doi.org/10.1353/jhr.2013.0033,2.5917838
ir,2012,Varieties of Capitalism and Employment Relations: Informally Dominated Market Economies,"The varieties of capitalism and employment relations literature have largely focused on formally regulated market economies, with a general neglect of the informal economy and of emerging markets where this work arrangement is dominant. In this article, however, the intention is to propose the Informally Dominated Market Economy as a form of capitalism that could be usefully incorporated into the industrial relations literature. To start to unpack this variety of capitalism, this article explores institutions and employment relations practices in the African economy of Mozambique. The outcome is a conceptual framework that includes both formal and informal institutions and considers the implications for work and employment relations.",https://doi.org/10.1111/j.1468-232x.2012.00690.x,2.5892618
jhr,2015,Changes in the Distribution of Earnings Volatility,"Recent research has documented a rise in the volatility of individual labor earnings in the United States since 1970. Existing measures of this trend abstract from within-group latent heterogeneity, effectively estimating an increase in average volatility for observable groups. We decompose this average and find no systematic rise in volatility for the vast majority of individuals. Increasing average volatility has been driven almost entirely by rising earnings volatility of those with the most volatile earnings, identified ex ante by large past earnings changes. We characterize dynamics of the volatility distribution with a nonparametric Bayesian stochastic volatility model from Jensen and Shore (2011).",https://doi.org/10.3368/jhr.50.3.811,2.5819607
le,2011,The price of labour and understanding the causes of poverty,NA,https://doi.org/10.1016/j.labeco.2011.09.006,2.5819077
jce,2013,Reinterpreting social pacts: Theory and evidence,NA,https://doi.org/10.1016/j.jce.2013.05.008,2.5657911
jhe,2018,The effect of retirement on healthcare utilization: Evidence from China,"We examine the effect of retirement on healthcare utilization in China using longitudinal data. We use a nonparametric fuzzy regression discontinuity design, exploiting the statutory retirement age in urban China as a source of exogenous variation in retirement. In contrast to previous results for developed countries, we find that in China retirement increases healthcare utilization. This increase can be attributed to deteriorating health and in particular to the reduced opportunity cost of time after retirement. For the sample as a whole, income is not a dominating mechanism. People with low education, however, are more likely to forego recommended inpatient care after retirement.",https://doi.org/10.1016/j.jhealeco.2018.09.009,2.5599031
sej,2015,The impact of E‐Verify mandates on labor market outcomes,"A number of states have adopted laws that require employers to use the federal government's E‐Verify program to check workers' eligibility to work legally in the United States. Using data from the Current Population Survey, this study examines whether such laws affect labor market outcomes among Mexican immigrants who are likely to be unauthorized. We find evidence that E‐Verify mandates reduce average hourly earnings among likely unauthorized male Mexican immigrants while increasing labor force participation among likely unauthorized female Mexican immigrants. Furthermore, the mandates appear to lead to better labor market outcomes among workers likely to compete with unauthorized immigrants. Employment rises among male Mexican immigrants who are naturalized citizens in states that adopt E‐Verify mandates, and earnings rise among U.S.‐born Hispanic men. There is no evidence of significant effects among U.S.‐born non‐Hispanic whites.",https://doi.org/10.1002/soej.12023,2.5563564
ei,2018,EARLY EVIDENCE ON RECREATIONAL MARIJUANA LEGALIZATION AND TRAFFIC FATALITIES,"Over the last few years, marijuana has become legally available for recreational use to roughly a quarter of Americans. Policy makers have long expressed concerns about the substantial external costs of alcohol, and similar costs could come with the liberalization of marijuana policy. Indeed, the fraction of fatal accidents in which at least one driver tested positive for tetrahydrocannabinol has increased nationwide by an average of 10% from 2013 to 2016. For Colorado and Washington, both of which legalized marijuana in 2014, these increases were 92% and 28%, respectively. However, identifying a causal effect is difficult due to the presence of significant confounding factors. We test for a causal effect of marijuana legalization on traffic fatalities in Colorado and Washington with a synthetic control approach using records on fatal traffic accidents from 2000 to 2016. We find the synthetic control groups saw similar changes in marijuana‐related, alcohol‐related, and overall traffic fatality rates despite not legalizing recreational marijuana. ( JEL K42, I12, I18)",https://doi.org/10.1111/ecin.12751,2.54287
le,2014,Wage bargaining or wage posting? Evidence from the employers' side,NA,https://doi.org/10.1016/j.labeco.2014.05.004,2.5385141
economica,2011,Privatization and the Decline of Labour's Share: International Evidence from Network Industries,"Some authors have suggested that deregulation of product and labour markets is responsible for the decline in Labour's share of GDP. A simple model predicts that privatization is associated with a lower labour share, due to job shedding. We test this hypothesis by focusing on privatization of network industries in the OECD. We find that, on average, privatization accounts for a fifth of the fall of Labour's share, and over half in Britain and France. This is due to lower employment, but it is partially offset by higher wages and falling barriers to entry, which dampen profit margins.",https://doi.org/10.1111/j.1468-0335.2011.00906.x,2.5336668
icc,2013,Institutions and venture capital,"We survey the literature on venture capital and institutions and present a case study comparing the development of the venture capital market in the US to Sweden.Our literature survey underscores that the legal environment, financial market development, the tax system, labor market regulations, and public spending on research and development correlates with venture capital activities across countries.Our case study suggests these institutional differences led to the later development of an active venture capital market in Sweden compared to the US.In particular, a later development of financial markets and a heavier tax burden for entrepreneurs have played a key role.",https://doi.org/10.1093/icc/dts050,2.5294037
obes,2018,"The Gender Wage Gap in Europe: Job Preferences, Gender Convergence and Distributional Effects","Abstract The gender wage gap has declined over time. However, most of the remaining gap is unexplained, partly because of gender convergence in wage‐determining characteristics. In this paper, we show the degree of convergence differs substantially across Europe. In some countries, predominantly in Eastern Europe, the gender wage gap is entirely unexplained. However, in other countries, differences between the characteristics of men and women explain a relatively large proportion of the wage gap. Gender differences in job preferences contribute 10% to the wage gap, which is more than job tenure, previous employment status or field of study. The role of job preferences is particularly strong at the top of the wage distribution.",https://doi.org/10.1111/obes.12282,2.527291
obes,2012,The Distributional Effects of Tax‐benefit Policies under New Labour: A Decomposition Approach<sup>*</sup>,"Abstract I revisit the distributional effects of tax‐benefit policy reforms under New Labour using counterfactual microsimulations embedded in a Shapley decomposition of time change in inequality and poverty indices. This makes it possible to quantify the relative effect of policy changes compared to all other changes, and to check the sensitivity of this policy effect to the use of (i) income vs. price indexation, and (ii) base vs. end period data. Inequality and poverty depth would have increased, and the sharp fall in child poverty would not have occurred, had the reforms of income support and tax credits not been implemented.",https://doi.org/10.1111/j.1468-0084.2011.00684.x,2.507078
le,2016,Foreign human capital and the earnings gap between immigrants and Canadian-born workers,NA,https://doi.org/10.1016/j.labeco.2016.05.021,2.5031452
jlr,2012,Employee Perceptions of Working Conditions and the Desire for Worker Representation in Britain and the US,NA,https://doi.org/10.1007/s12122-012-9152-y,2.495509
restat,2018,Does Home Production Replace Consumption Spending? Evidence from Shocks in Housing Wealth in the Great Recession,"Becker's theory of home production suggests substitutability between consumption spending and home production. Using panel data with detailed information on spending and time use, we analyze house-holds' ability to replace consumption spending by home produced counterparts. Keeping wages fixed and changing lifetime resources by the shock to housing wealth during the Great Recession we estimate an elasticity of substitution that is consistent with a Life-Cycle Becker model. However, we estimate that only about 11% of total spending is replaceable by home production, which, in contrast to prior literature, makes it unlikely that home production fully mitigates the consequences of wealth shocks to well-being.",https://doi.org/10.1162/rest_a_00794,2.495466
ilr,2011,"Institutional Labor Economics, the New Personnel Economics, and Internal Labor Markets: A Reconsideration","The author illustrates the utility of institutional labor economics and makes a case for a reconsideration of it. Two recent developments motivate this effort: the rise of New Personnel Economics (NPE) as a significant subfield of labor economics and the substantial shifts in work organization that have taken place since the 1990s. Understanding how and why firms have reorganized work opens the door for a renewed interest in institutional approaches. The author explains that the rules of institutional labor markets (ILMs) emerge from the competition between organizational interest groups—unions, personnel professionals, and the government—and competing views of firms' objectives, resulting in the rise of ILMs, the slow diffusion of High Performance Work Systems, strategies used to obtain a high level of commitment from workers, the use of contingent employees, and the spread of new promotion rules in response to equal employment opportunity pressures. As such, the role of power and influence in establishing work rules is of central concern, though more conventional NPE considerations also remain important.",https://doi.org/10.1177/001979391106400401,2.491038
ilr,2014,Part-Time Wage Penalties for Women in Prime Age,"Using the European Union Statistics on Income and Living Conditions data for the year 2009, the authors evaluate how vertical and horizontal job segregation explains the differential between full-time and part-time pay for prime-age women in four European countries: Austria, Italy, Poland, and the United Kingdom. The selected countries are representative of different welfare state regimes, labor market regulations, and extents and forms of part-time employment. Full-time hourly wages exceed part-time hourly wages, especially in market-oriented economies, such as Poland and the United Kingdom. Results using the Neuman-Oaxaca decomposition methods show that most of the full-time–part-time wage gap is driven by job segregation, especially its vertical dimension. Vertical segregation explains an especially large part of the pay gap in Poland and the United Kingdom, where, more than elsewhere, part-timers are concentrated in low-skilled occupations and the wage disparities across occupations are quite large.",https://doi.org/10.1177/0019793914537457,2.4883895
jhr,2010,The Income Losses of Displaced Workers,"We use a new, matched worker-firm dataset for the United Kingdom to estimate the income loss resulting from firm closure and mass layoffs. We track workers for up to nine years after the displacement event, and the availability of predisplacement characteristics allows us to implement difference-in-differences estimators using propensity score matching methods. Income losses during the first five years after the displacement event are in the range 18-35 percent per year for workers whose firm closes down, and 14-25 percent for workers who exit a firm which suffers a mass layoff. These losses are largely due to periods of nonemployment, which is consistent with previous work from Europe, but contrasts with that from the United States.",https://doi.org/10.1353/jhr.2010.0000,2.4798307
izajl,2018,The role of employment interruptions and part-time work for the rise in wage inequality,"Abstract The incidence of employment interruptions and temporary part-time work has grown strongly among full-time workers, yet little is known about the impact on wage inequality. This is the first study showing that such episodes play a substantial role for the rise in inequality of full-time wages, considering the case of Germany. While there are also strong composition effects of education for males and of age and experience for females, changes in industry and occupation explain fairly little of the inequality rise. Extending the analysis to total employment reveals substantial negative selection into part-time work. JEL-Classification: J31, J20, J60",https://doi.org/10.1186/s40172-018-0070-y,2.464049
obes,2013,Do Low‐Wage Workers React Less to Longer Unemployment Benefits? Quasi‐Experimental Evidence*,Abstract The fact that unemployed workers have different abilities to smooth consumption entails heterogeneous responses to extended unemployment benefits. Our empirical exercise explores a quasi‐experimental setting generated by an increase in the benefits entitlement period. The results suggest a hump‐shape response of unemployment duration over the one‐year pre‐unemployment wage distribution; individuals at the bottom and top of the wage distribution reacted less than those in the interquartile range. This behaviour of job searchers is consistent with labour supply models with unemployment insurance and savings. It questions the optimality of very long entitlement periods to target the unemployment experiences of low‐wage workers.,https://doi.org/10.1111/obes.12019,2.462801
ei,2011,MODELING INFORMALITY FORMALLY: HOUSEHOLDS AND FIRMS,"Informality is widespread in most developing countries. In Latin America, 50% of salaried employees work informally. Three stylized facts characterize informality: (1) small firms tend to operate informally while large firms tend to operate formally; (2) unskilled workers tend to be informal while skilled ones have formal jobs; (3) ceteris paribus, secondary workers (a worker other than the household head) are less likely to operate formally than primary workers. We develop a model that accounts for all these facts. In our model, both heterogeneous firms and workers have preferences over the sector they operate and choose optimally whether to function formally or informally. There are two labor markets, one formal and the other informal, and both firms and workers act unconstrained in them. By contrast, a prominent feature of the preexisting literature is that workers' decisions play no role in determining the equilibrium of the economy. In our model, policies that reduce the supply of workers in the informal labor market at given wages will increase the level of formality in the economy. This has noteworthy implications for the design of social programs in developing countries. We also show that an increase in the participation of secondary workers would tend to raise the level of informality in the economy. ( JEL J24, J33)",https://doi.org/10.1111/j.1465-7295.2011.00413.x,2.4575584
izajl,2015,Evaluating search and matching models using experimental data,"Abstract This paper introduces an innovative test of search and matching models using the exogenous variation available in experimental data. We take an off-the-shelf search model and calibrate it to data on the control group from a randomized social experiment. We then simulate a program group from a randomized experiment within the model. As a measure of the performance of the model, we compare the outcomes of the program groups from the model and from the randomized experiment. We illustrate our methodology using the Canadian Self-Sufficiency Project (SSP), a social experiment providing a time-limited earnings supplement for Income Assistance recipients who obtain full-time employment within a 12-month period. We find two features of the model are consistent with the experimental results: endogenous search intensity and exogenous job destruction. We find mixed evidence in support of the assumption of fixed hours of labor supply. Finally, we find a constant job destruction rate is not consistent with the experimental data in this context. JEL Classification: J2; I38; J6",https://doi.org/10.1186/s40172-015-0031-7,2.452965
bjir,2010,Delivering Flexibility: Contrasting Patterns in the French and the UK Food Processing Industry,"Abstract This article provides a comparative analysis of changes in numerical and functional labour flexibility in the French and the UK food processing industry. Based upon case study data, it explores the interaction between competitive pressures and institutional and regulatory structures and their impact on workplace practices. The findings indicate that, faced with a similar competitive environment, firms in both countries have sought to increase labour flexibility. However, the predominant forms of flexibility vary across the two countries, partly reflecting the characteristics of national labour market institutions. Numerical flexibility dominates in the UK, with high levels of paid overtime and temporary agency work. In contrast, French workplaces rely more on internal functional flexibility while also achieving numerical flexibility through seasonal variations in work schedules and a wide range of short‐term employment contracts.",https://doi.org/10.1111/j.1467-8543.2010.00792.x,2.4488955
jce,2013,Changing social contracts: Beliefs and dissipative inclusion in Brazil,NA,https://doi.org/10.1016/j.jce.2013.01.006,2.444673
le,2015,Married with children: What remains when observable biases are removed from the reported male marriage wage premium,NA,https://doi.org/10.1016/j.labeco.2015.02.010,2.4437442
qje,2014,Do Markets Erode Social Responsibility? *,"Abstract This article studies socially responsible behavior in markets. We develop a laboratory product market in which low-cost production creates a negative externality for third parties, but where alternative production with higher costs mitigates the externality. Our first study, conducted in Switzerland, reveals a persistent preference among many consumers and firms for avoiding negative social impact in the market, reflected both in the composition of product types and in a price premium for socially responsible products. Socially responsible behavior is generally robust to varying market characteristics, such as increased seller competition and limited consumer information, and it responds to prices in a manner consistent with a model in which positive social impact is a utility-enhancing feature of a consumer product. In a second study, we investigate whether market social responsibility varies across societies by comparing market behavior in Switzerland and China. While subjects in Switzerland and China do not differ in their degree of social concern in nonmarket contexts, we find that low-cost production that creates negative externalities is significantly more prevalent in markets in China. Across both studies, consumers in markets exhibit less social concern than subjects in a comparable individual choice context.",https://doi.org/10.1093/qje/qju031,2.4401197
ei,2010,COMPETITION AND TEACHER PAY,"Competition‐based school reform could have a significant impact on teacher earnings. If school districts behave as typical oligopsonists, then increased competition could lead to higher salaries. However, if teachers receive a share of the economic rents generated by the monopoly power of school districts, then increased competition could lower teacher salaries. This study uses panel data from 670 Texas school districts and more than 335,000 teachers to examine the relationship between school competition and teacher pay. The analysis suggests that an increase in competition results in higher wages for most teachers but lower wages for teachers in relatively concentrated markets . ( JEL I2, J3)",https://doi.org/10.1111/j.1465-7295.2008.00130.x,2.4155781
le,2018,Wage Floor Rigidity in Industry-Level Agreements: Evidence from France,NA,https://doi.org/10.2139/ssrn.3253486,2.4153652
jpub,2014,Work and tax evasion incentive effects of social insurance programs,NA,https://doi.org/10.1016/j.jpubeco.2014.04.015,2.4128675
jhe,2011,The impact of Medicaid insurance coverage on dental service use,NA,https://doi.org/10.1016/j.jhealeco.2011.08.002,2.4103043
jce,2014,Wage determination and distribution in urban China and Vietnam: A comparative analysis,NA,https://doi.org/10.1016/j.jce.2014.02.004,2.408575
jpe,2018,Are Negative Supply Shocks Expansionary at the Zero Lower Bound?,"The standard new Keynesian model predicts that economies behave differently at the zero lower bound: completely wasteful government spending or forward guidance is very stimulative, and capital destruction or oil supply shocks are expansionary. I provide empirical evidence on this prediction and find it wanting: The Great East Japan Earthquake and oil supply shocks are contractionary at the zero lower bound. Modifications of the model that are consistent with this evidence also overturn other unusual policy predictions, such as large fiscal multipliers. My results suggest that many of the usual rules of economics continue to hold at zero nominal interest rates.",https://doi.org/10.1086/701421,2.406957
eer,2014,"Slavery, education, and inequality",NA,https://doi.org/10.1016/j.euroecorev.2014.04.007,2.4068642
aer,2017,Consumption Smoothing and Frequency of Benefit Payments of Cash Transfer Programs,"We analyze two noncontributory Mexican pension programs for the elderly. Both paid similar amounts, but one paid monthly while the other paid every two months. The Life Cycle Hypothesis suggests frequency of benefits payments should not affect consumption smoothing, but we find the monthly program was more effective in smoothing food expenditure. It also increased doctor visits and reduced the incidence of hunger spells. Under the bimonthly program, expenditures on food significantly decline between paychecks but ownership of durable goods increased. This suggests the importance of payment frequency in social programs.",https://doi.org/10.1257/aer.p20171147,2.397653
izajl,2017,Medium- and long-term consequences of pollution on labor supply: evidence from Indonesia,"Abstract We use a natural experiment in Indonesia to study the medium- and long-term effects of air pollution on labor supply. We find that exposure to air pollution reduces hours worked and while the medium-term effects are larger in magnitude, some effects do persist in the long term. More interestingly, we are able to provide some insight regarding the underlying channels that contribute to the reduced labor supply. Own health seems to be the only responsible channel in the long term, while in the medium term, a different channel based on dependent caregiving is the most important. JEL Classification: J22, Q53",https://doi.org/10.1186/s40172-017-0055-2,2.3905404
ej,2012,"Temporary Employment, Job Flows and Productivity: A Tale of Two Reforms","We investigate the effects of two reforms of temporary employment using panel data on Italian firms. We exploit variation in their implementation across regions and sectors for identification. Our results show that the reform of apprenticeship contracts increased job turnover and induced the substitution of external staff with firms’ apprentices, with an overall productivity-enhancing effect. The reform of fixed-term contracts instead did not produce the intended results: it induced a substitution of temporary employees in favour of external staff and reduced capital intensity, generating productivity losses. We estimate substitution elasticities across various types of temporary contracts that are consistent with this interpretation.",https://doi.org/10.1111/j.1468-0297.2012.02535.x,2.3879814
ecta,2011,On the Dynamics of Unemployment and Wage Distributions,NA,https://doi.org/10.3982/ecta9070,2.3870149
qje,2017,Human Capital and Development Accounting: New Evidence from Wage Gains at Migration*,"We use new data on the pre- and postmigration wages of immigrants to the United States to measure wage gains at migration. The average immigrant from a middle-income or poor country increases their wage by a factor of two to three upon migration. This wage gain is small relative to the underlying gap in GDP per worker. In a development accounting framework, this finding implies that switching countries accounts for 40% of cross-country income differences, while human capital accounts for 60%. Wage gains decline with education, consistent with imperfect substitution between skill types. We augment our analysis to allow for this possibility and bound the human capital share in development accounting to between one-half and two-thirds. We also provide results on the importance of premigration sector of employment, assimilation, and skill transfer.",https://doi.org/10.1093/qje/qjx047,2.3828764
le,2018,Unemployment shocks for individuals on the margin: Exploring recidivism effects,NA,https://doi.org/10.1016/j.labeco.2018.02.001,2.3747237
bjir,2011,"Management, Organizational Justice and Emotional Exhaustion among Chinese Migrant Workers: Evidence from two Manufacturing Firms","Abstract This article explores how Human Resource (HR) policies and practices influence employee perceptions of organizational justice, which in turn impacts employee emotions and feelings of emotional exhaustion. Using structural equation modelling and based on employee survey data drawn from two manufacturing organizations, we find that a strong HR system — perceived by workers as distinctive, attractive and consistently implemented — fosters perceptions of distributive, procedural and interactive justice. However, only distributive injustice leads to negative emotions and emotional exhaustion. This is explained by reference to the cultural and institutional context (China), status (migrant) and type of workers (semi‐skilled, manual) included in the study. We discuss the theoretical and practical implications that arise from these findings.",https://doi.org/10.1111/j.1467-8543.2011.00858.x,2.357964
aer,2015,Fertility and Childlessness in the United States,"We develop a theory of fertility, distinguishing its intensive margin from its extensive margin. The deep parameters are identified using facts from the 1990 US Census: (i) fertility of mothers decreases with education; (ii) childlessness exhibits a U-shaped relationship with education; (iii) the relationship between marriage rates and education is hump-shaped for women and increasing for men. We estimate that 2.5 percent of women were childless because of poverty and 8.1 percent because of high opportunity cost of childrearing. Over time, historical trends in total factor productivity and in education led to a U-shaped response in childlessness rates while fertility of mothers decreased. (JEL I20, J13, J16, N31, N32)",https://doi.org/10.1257/aer.20120926,2.3570495
ilr,2015,Did Employers in the United States Back Away from Skills Training during the Early 2000s?,"A number of recent studies suggest that employer-paid training is on the decline in the United States. The present study provides empirical evidence on the issue by analyzing data on employer-paid training from the Survey of Income and Program Participation, a nationally representative data set. The findings reveal a 28% decline in the incidence of training between 2001 and 2009. Very few industries were immune from the decline, and the pattern was evident across occupation, education, age, job-tenure, and demographic groups. A decomposition of the difference in training incidence reveals a diminishing large-firm training effect. In addition, the workforce appears to have had the educational credentials by 2009 that, had they occurred in 2001, would have led to substantially more training.",https://doi.org/10.1177/0019793915619904,2.3550751
jhe,2014,Long-run effects of gestation during the Dutch Hunger Winter famine on labor market and hospitalization outcomes,NA,https://doi.org/10.1016/j.jhealeco.2014.10.002,2.354969
jeea,2011,SCREENING DISABILITY INSURANCE APPLICATIONS,"Journal Article Screening Disability Insurance Applications Get access Philip de Jong, Philip de Jong 1University of Amsterdam and Aarts, De Jong, Wilms & Goudriaan Public Economics B.V. Search for other works by this author on: Oxford Academic Google Scholar Maarten Lindeboom, Maarten Lindeboom 2VU University Amsterdam Tinbergen Institute and Health Economics Bergen Search for other works by this author on: Oxford Academic Google Scholar Bas van der Klaauw Bas van der Klaauw 3VU University Amsterdam Tinbergen Institute Search for other works by this author on: Oxford Academic Google Scholar Journal of the European Economic Association, Volume 9, Issue 1, 1 February 2011, Pages 106–129, https://doi.org/10.1111/j.1542-4774.2010.01002.x Published: 01 February 2011",https://doi.org/10.1111/j.1542-4774.2010.01002.x,2.3527446
sej,2012,The Stability of Social Preferences in a Low‐Income Neighborhood,"We investigate whether social preferences are stable across contexts using a field population of low‐income Americans. We develop and demonstrate a simplified, visually‐based experimental methodology appropriate for this population. We show that choices in a laboratory public goods game predict giving in real donation experiments, as well as self‐reported donations and volunteering outside the lab. At the same time, choices vary systematically by individual characteristics and decision context. Thus, our results provide evidence both for an underlying stable social preference and for the role of context in influencing the expression of that preference.",https://doi.org/10.4284/0038-4038-79.1.15,2.3512223
ir,2018,"Permanent Jobs, Employment Protection, and Job Content","Using Programme for the International Assessment of Adult Competencies ( PIAAC ) data for twenty‐one countries, I study the impact of employment protection laws ( EPL ) on job content. I find that workers’ use of influence, reading, writing, planning, numeracy and information and computer technology skills, and their task discretion, were higher in permanent than in temporary jobs. Moreover, stricter EPL on permanent jobs raised the gap in job content for influence, reading, writing, and planning skills used in permanent jobs versus temporary jobs.",https://doi.org/10.1111/irel.12209,2.3494446
bjir,2010,The Craftsman – By Richard Sennett,NA,https://doi.org/10.1111/j.1467-8543.2010.00796_1.x,2.342466
ej,2012,Comparing Corruption in the Laboratory and in the Field in Burkina Faso and in Canada,"We investigate the external validity of corruption experiments by conducting the same experiment in three different environments: a laboratory in a developed country, a laboratory in a developing country and the field in a developing country. In the experiment, a candidate proposes a bribe to a grader to obtain a better grade. We find the direction and magnitude of several treatment effects to be statistically indistinguishable across the three environments. In particular, increasing the graders' wage reduces the probability of accepting the bribe but promotes reciprocation. Our results therefore provide evidence that laboratory experiments on corruption can have empirical relevance.",https://doi.org/10.1111/ecoj.12019,2.337049
ee,2012,The effect of public financial aid on dropout from and completion of university education: evidence from a student grant reform,NA,https://doi.org/10.1007/s00181-012-0638-5,2.327521
jae,2011,Eliciting probabilistic expectations with visual aids in developing countries: how sensitive are answers to variations in elicitation design?,"Abstract Eliciting subjective probability distributions in developing countries is often based on visual aids such as beans to represent probabilities and intervals on a sheet of paper to represent the support. We conduct an experiment in India which tests the sensitivity of elicited expectations to variations in three facets of the elicitation methodology: the number of beans, the design of the support (predetermined or self‐anchored), and the ordering of questions. Our results show remarkable robustness to variations in elicitation design. Nevertheless, the added precision offered by using more beans and a larger number of intervals with a predetermined support improves accuracy. Copyright © 2011 John Wiley &amp; Sons, Ltd.",https://doi.org/10.1002/jae.1233,2.3150544
ilr,2014,How the Perception of Control Influences Unemployed Job Search,"The author considers how locus of control—the degree to which one believes one’s actions influence outcomes—is related to an unemployed person’s job search. He finds evidence that “internal” job seekers (who believe their actions determine outcomes) set higher reservation wages than do their more “external” counterparts (who believe their actions have little effect on outcomes) and weak evidence that internal job seekers search more intensively. Consistent with the assumption that locus of control influences job search through an effect on beliefs about the return to search effort, internal job seekers are no better at converting search effort into job offers and earn no more than their peers upon finding employment.",https://doi.org/10.1177/0019793914556245,2.3041449
jpub,2018,Seniority wages and the role of firms in retirement,NA,https://doi.org/10.1016/j.jpubeco.2018.04.013,2.3014565
ilr,2012,Relative Wage Positions and Quit Behavior: Evidence from Linked Employer-Employee Data,"The authors analyze the importance of relative wage positions within firms in western Germany in the context of individual quit decisions as an inverse measure of job satisfaction. Using a linked employer-employee data set (LIAB) for the years 1996–2005 whose sample consists of full-time male prime-age workers in western Germany without college degrees, they ascertain whether workers find status or signal effects stronger motivators for quit decisions. They find that workers with higher relative wage positions within their firms are, on average, more likely to quit their jobs than those with lower relative wage positions and that workers who experience a loss in their relative wage positions are also more likely to accept a wage cut associated with their job transition. Overall, results suggest that a signal effect is, on average, stronger than a status effect.",https://doi.org/10.1177/001979391206500107,2.300481
ej,2012,The Productivity Effect of Temporary Agency Work: Evidence from German Panel Data,"This study investigates the effect of temporary agency work on the user firm’s productivity. We hypothesise that using temporary agency work to enhance numerical flexibility and to screen job candidates may increase productivity, whereas temporary workers’ lower firm‐specific human capital and spillover effects on the user’s permanent employees may adversely affect productivity. Other than the sparse existing literature on this issue, we exploit a large panel data set and control for time‐invariant and time‐varying unobserved heterogeneity by using the system GMM estimator. We find a robust hump‐shaped effect of the extent of temporary agency work on the user firm’s productivity.",https://doi.org/10.1111/j.1468-0297.2012.02536.x,2.2898226
le,2014,Dual labour markets and the tenure distribution: Reducing severance pay or introducing a single contract,NA,https://doi.org/10.1016/j.labeco.2014.05.001,2.28633
aer,2018,The Persistence of Local Joblessness,"Differences in employment-population ratios across US commuting zones have persisted for many decades. We claim these disparities represent real gaps in economic opportunity for individuals of fixed characteristics. These gaps persist despite a strong migratory response, and we attribute this to high persistence in labor demand shocks. These trends generate a “race” between local employment and population: population always lags behind employment, yielding persistent deviations in employment rates. Methodologically, we argue the employment rate can serve as a sufficient statistic for local well-being; and we model population and employment dynamics using an error correction mechanism, which explicitly allows for disequilibrium. (JEL J21, J61, J64, R23)",https://doi.org/10.1257/aer.20160575,2.2733202
el,2015,Labour market reforms in Greece and the wage curve,NA,https://doi.org/10.1016/j.econlet.2015.08.026,2.2684853
jeea,2014,DISCRIMINATION AND EMPLOYMENT PROTECTION,"We study a search model with employment protection legislation. We show that if the output from the match is uncertain at the hiring stage, a discriminatory equilibrium may exist in which workers with the same productive characteristics are subject to different hiring standards. If a bad match takes place, discriminated workers will take longer to find another job, prolonging the costly period for the firm. This makes it less profitable for firms to hire discriminated workers, thus sustaining the discrimination. In contrast to Becker’s model, the existence of employers with a taste for discrimination may make it more profitable to discriminate, even for firms without discriminatory preferences.",https://doi.org/10.1111/jeea.12097,2.2668858
ei,2018,DO BUSINESSMEN MAKE GOOD GOVERNORS?,"This paper evaluates the economic performance of U.S. state governors with a business background (chief executive officer [CEO] governors). Applying a matching method, I find, first, that businesspeople tend to take office in times of economic and fiscal strain. Second, the tenures of CEO governors are associated with a 0.5 percentage points (pp.) higher annual income growth rate, a 0.4 pp. higher growth rate of the private capital stock, and a 0.6 pp. lower unemployment rate than are the tenures of non‐CEO governors. State‐level income inequality is not affected by CEO governors holding office, indicating that low‐income households benefit from the economic upswing. ( JEL C21, E24, O47)",https://doi.org/10.1111/ecin.12576,2.2662919
jlr,2011,How do Students Respond to Labor Market and Education Incentives? An Analysis of Homework Time,NA,https://doi.org/10.1007/s12122-011-9113-x,2.2607362
ee,2016,The wage curve before and during the Greek economic crisis,NA,https://doi.org/10.1007/s00181-016-1073-9,2.2591708
obes,2014,The Low‐Pay No‐Pay Cycle: Are There Systematic Differences across Demographic Groups?,"Abstract We investigate transitions between unemployment, low‐paid employment and higher‐paid employment using dynamic panel data methods applied to household panel data. We find state dependence in both unemployment and low‐paid employment and evidence of a low‐pay no‐pay cycle. However, we also find significant differences in effects across population subgroups. Typically, the young and better‐educated face lower penalties from unemployment and low‐paid employment. Further, low‐paid employment is preferable to unemployment for women regardless of their demographic characteristics, but for men who have only completed secondary schooling, low‐paid employment actually decreases the chances of entering higher‐paid employment by more than does unemployment.",https://doi.org/10.1111/obes.12084,2.258718
bjir,2011,Whither Industrial Relations: Does It Have a Future in Post-Industrial Society?,"Abstract This article addresses the difficulties that industrial relations is experiencing both as a set of practices and as an intellectual tradition. It traces those difficulties to the changes in the basic structures of industrial society that have undermined the framework which the field grew up around and presumed. But it also relates them to the salience of Keynesian and Marxian thought, which defined the intellectual context in which industrial relations as a field was embedded and the way in which the decline of these traditions has undermined industrial relations as well.",https://doi.org/10.1111/j.1467-8543.2011.00880.x,2.2552903
ei,2015,USING THE PARETO DISTRIBUTION TO IMPROVE ESTIMATES OF TOPCODED EARNINGS,"Inconsistent censoring in the public‐use March Current Population Survey ( CPS ) limits its usefulness in measuring labor earnings trends, as previous approaches for imputing topcoded earnings systematically understate top earnings. Using Pareto estimation methods with less‐censored internal data, we create an enhanced cell‐mean series to capture top earnings in the public‐use data. Annual earnings inequality trends since 1963 using our series largely mirror those found by Kopczuk, Saez, and Song using social security administration data for commerce and industry workers. When we extend our analysis to 2013 and consider all workers, earnings inequality levels are higher but its growth is more modest. ( JEL C81, D31, J01)",https://doi.org/10.1111/ecin.12299,2.253565
ej,2011,Are Children Decision‐Makers within the Household?,"Journal Article Are Children Decision‐Makers within the Household? Get access Anyck Dauphin, Anyck Dauphin Université du Québec en Outaouais, CIRPÉE Search for other works by this author on: Oxford Academic Google Scholar Abdel‐Rahmen El Lahga, Abdel‐Rahmen El Lahga Institut Supérieur de Gestion de Tunis Search for other works by this author on: Oxford Academic Google Scholar Bernard Fortin, Bernard Fortin Université Laval, CIRPÉE, CIRANO Search for other works by this author on: Oxford Academic Google Scholar Guy Lacroix Guy Lacroix Université Laval, CIRPÉE, CIRANO Search for other works by this author on: Oxford Academic Google Scholar The Economic Journal, Volume 121, Issue 553, 1 June 2011, Pages 871–903, https://doi.org/10.1111/j.1468-0297.2010.02404.x Published: 21 January 2011 Article history Received: 22 September 2008 Accepted: 26 July 2010 Published: 21 January 2011",https://doi.org/10.1111/j.1468-0297.2010.02404.x,2.252486
jpam,2010,Indicators of poverty and social exclusion in a global context,"Abstract The measurement of poverty and social exclusion is analytically and operationally relevant at all levels of policymaking. Here our focus is on national governments making policy in a global or multinational context such as the European Union (EU). In this process, social indicators are playing a growing role, and we need to stand back and examine their construction and use. In this paper, we argue on the basis of EU experience for a principle‐based approach and explore the possible architecture of indicators of poverty and social exclusion in a multinational context. We consider the implementation of a set of indicators and their contribution to the policy process. © 2010 by the Association for Public Policy Analysis and Management.",https://doi.org/10.1002/pam.20492,2.2495873
le,2017,Routine-biased technical change: Panel evidence of task orientation and wage effects,NA,https://doi.org/10.1016/j.labeco.2017.08.007,2.2364078
aer,2015,Clientelism in Indian Villages,"We study the operation of local governments (Panchayats) in rural Maharashtra, India, using a survey that we designed for this end. Elections are freely contested, fairly tallied, highly participatory, non-coerced, and lead to appointment of representative politicians. However, beneath this veneer of ideal democracy we find evidence of deeply ingrained clientelist vote-trading structures maintained through extra-political means. Elite minorities undermine policies that would redistribute income toward the majority poor. We explore the means by which elites use their dominance of land ownership and traditional social superiority to achieve political control in light of successful majoritarian institutional reforms. (JEL D72, H23, I38, J15, O15, O17, O18)",https://doi.org/10.1257/aer.20130623,2.2329936
jhe,2018,Does long-term care subsidization reduce hospital admissions and utilization?,NA,https://doi.org/10.1016/j.jhealeco.2018.01.002,2.2239683
ir,2015,Pay Secrecy and the Gender Wage Gap in the United States,"Legislators and advocates claim that pay secrecy perpetuates the gender wage gap and that the Fair Labor Standards Act ( FLSA ) should be amended to outlaw these practices. Using a difference‐in‐differences fixed‐effects human‐capital wage regression, I find that women with higher education levels who live in states that have outlawed pay secrecy have higher earnings, and that the wage gap is consequently reduced. State bans on pay secrecy and federal legislation to amend the FLSA to allow workers to share information about their wages may improve the gender wage gap, especially among women with college or graduate degrees.",https://doi.org/10.1111/irel.12109,2.2144454
jpam,2014,What Is a Summer Job Worth? The Impact of Summer Youth Employment on Academic Outcomes,"Abstract This paper estimates the impact of New York City's Summer Youth Employment Program (SYEP) on school attendance and other educational outcomes in the following school year for a large sample of low‐income high school students. The program provides summer jobs and training to youth aged 14 to 21, and due to high demand allocates slots through a lottery. Analyses focusing on 36,550 students who applied in 2007 indicate that SYEP produces small increases in attendance in the following school year, with larger increases for students who may be at greater educational risk: those aged 16 and older with low baseline school attendance. For this group, SYEP also increases the likelihood of attempting and passing statewide high school math and English examinations. Findings suggest that although SYEP's explicit goals focus on workforce readiness rather than academics, the program fosters engagement and success in school.",https://doi.org/10.1002/pam.21780,2.2102735
bjir,2010,Licensing Exam Difficulty and Entry Salaries in the US Market for Lawyers,"Abstract This article provides evidence of a correlation between licensing exam difficulty and salaries in a regulated profession. Exam difficulty is positively correlated with salaries across states and over time, both at the aggregate and individual state levels. The magnitude of this correlation is substantial: a 1 per cent increase in exam difficulty implies a 1.7 per cent increase in median entry‐level salaries. Exam difficulty does not significantly affect the inter‐quartile difference in salaries.",https://doi.org/10.1111/j.1467-8543.2010.00810.x,2.200772
ilr,2016,Filling the Holes,"Although work schedulers serve an organizational role influencing decisions about balancing conflicting stakeholder interests over schedules and staffing, scheduling has primarily been described as an objective activity or individual job characteristic. The authors use the lens of job crafting to examine how schedulers in 26 health care facilities enact their roles as they ""fill holes"" to schedule workers. Qualitative analysis of interview data suggests that schedulers expand their formal scope and influence to meet their interpretations of how to manage stakeholders (employers, workers, and patients). The authors analyze variations in the extent of job crafting (cognitive, physical, relational) to broaden role repertoires. They find evidence that some schedulers engage in rule-bound interpretation to avoid role expansion. They also identify four types of schedulers: enforcers, patient-focused schedulers, employee-focused schedulers, and balancers. The article adds to the job-crafting literature by showing that job crafting is conducted not only to create meaningful work but also to manage conflicting demands and to mediate among the competing labor interests of workers, clients, and employers.",https://doi.org/10.1177/0019793916642761,2.1981087
restud,2017,The Demand for Bad Policy when Voters Underappreciate Equilibrium Effects,"Most of the political economy literature blames inefficient policies on institutions or politicians’ motives to supply bad policy, but voters may themselves be partially responsible by demanding bad policy. In this article, we posit that voters may systematically err when assessing potential changes in policy by underappreciating how new policies lead to new equilibrium behaviour. This biases voters towards policy changes that create direct benefits—welfare would rise if behaviour were held constant—even if those reforms ultimately reduce welfare because people adjust behaviour. Conversely, voters are biased against policies that impose direct costs even if they induce larger indirect benefits. Using a lab experiment, we find that a majority of subjects vote against policies that, while inflicting direct costs, would help them to overcome social dilemmas and thereby increase welfare. Subjects also support policies that, while producing direct benefits, create social dilemmas and ultimately hurt welfare. Both mistakes arise because subjects fail to fully anticipate the equilibrium effects of new policies. More precisely, we establish that subjects systematically underappreciate the extent to which policy changes will affect the behaviour of other people, and that these mistaken beliefs exert a causal effect on the demand for bad policy.",https://doi.org/10.1093/restud/rdx031,2.1967795
ei,2012,THE CONSEQUENCES OF (DE)REGULATION ON EMPLOYMENT DURATION AND EFFICIENCY: AN EXPERIMENTAL STUDY,"If the future market wage is uncertain, engaging in long‐term employment is risky, with the risk depending on how regulated the labor market is. In our experiment long‐term employment can result either from offering long‐term contracts or from repeatedly and mutually opting for rematching. Treatments differ in how regulations restrict the employer's flexibility in adapting the employment contract. All treatments allow for longer contract duration as well as for mutually opting to be rematched. Effort is chosen by employees after a contract is concluded. Treatments vary from no contract flexibility to no restriction at all. Will more (downward) flexibility be used in ongoing employment but reduce labor market efficiency? And will regulation crowd out long‐term employment, in the form of long‐term contracts or voluntary rematching? ( JEL C72, C90, F16, J21, J24, L10)",https://doi.org/10.1111/j.1465-7295.2011.00436.x,2.1930416
ee,2012,Evaluating the effectiveness of in-work tax credits,NA,https://doi.org/10.1007/s00181-012-0678-x,2.183952
labour,2012,Product Market Regulation and Labor Market Performance around the World,"Abstract Using annual data on 80 countries for 1980–2007 and a new indicator of product market regulation, this paper studies the effects of product market regulation on labor market performance among the total population as well as among two important groups of labor market outsiders: women and youth. It finds that stricter regulation is likely to both increase the unemployment rate and decrease the employment rate. The magnitude of the estimated effects is substantial. There are above‐average effects on both groups of outsiders, with the effects being particularly strong on youth. The results are robust to variations in specification.",https://doi.org/10.1111/j.1467-9914.2012.00551.x,2.1768308
ilr,2018,Editorial Essay: From Cautious Optimism to Renewed Pessimism: Labor Voice and Labor Scholarship in China,"This introductory essay highlights the changing foci of labor scholarship during five distinct periods in the evolution of Chinese industrial relations. In so doing, the author argues that labor scholarship has oscillated between pessimistic and optimistic views regarding whether a labor movement is forming in China. The three articles brought together in this special section focus on the key themes of labor activism, collective bargaining, and the role of labor NGOs during a single period, 2006 to 2015. Together, the articles evidence optimism about the future of labor voice in China. This essay, however, suggests that the post-2015 period has been marked by changes in state policy that are having a chilling effect on labor voice and labor scholarship.",https://doi.org/10.1177/0019793918789390,2.1767938
jlr,2011,The Effect of Exercise on Earnings: Evidence from the NLSY,NA,https://doi.org/10.1007/s12122-011-9129-2,2.172752
obes,2017,Heterogeneity in Labour Supply Responses: Evidence from a Major Tax Reform,"Abstract We use a large and rich administrative household panel data set to estimate labour supply responses for a large number of subgroups in the Netherlands. The identification of the parameters benefits from a major tax reform in the data period. We uncover large differences in behavioural responses. In particular, we find differences in labour supply responses between households with and without children that are much bigger than suggested by previous studies that had to pool these household types in the estimation of preferences. An efficient tax‐benefit system should take the substantial heterogeneity in behavioural responses into account.",https://doi.org/10.1111/obes.12168,2.1676471
jole,2013,Unions and Workers’ Welfare in Chinese Firms,"Based on a survey of 1,268 firms in 12 cities, this article empirically studies unions' effects on worker welfare in China. Regressions carried out on a rich set of specifications show that unionization is significantly associated with higher hourly wages and larger pension coverage and weakly associated with lower monthly working hours. Further econometric analysis finds that unions promote individual and collective contracts. The effect of collective contracts vanishes when unions are present, whereas individual contracts have independent and positive effects. In addition, unions have effects on workers' welfare independent of collective and individual contracts.",https://doi.org/10.1086/669819,2.1670322
jpam,2015,FROM WELFARE TO A WORK‐BASED SAFETY NET: AN INCOMPLETE TRANSITION,NA,https://doi.org/10.1002/pam.21880,2.1620083
ilr,2014,Manager Impartiality: Worker-Firm Matching and the Gender Wage Gap,"Using a rich matched employer-employee data set from Sweden, the author examines whether female managers in a firm narrow the gender pay gap. The study's main contribution is its ability to account for unobserved heterogeneity among both workers and firms that is potentially correlated with manager gender. The results show a substantial negative association between the representation of female managers and the establishment's gender wage gap. Estimates that account for sorting on unobserved worker skills, however, do not support the conclusion that managers favor same-sex workers in wage setting. Additional results show that organizations with more female managers recruit more nonmanagerial, high-wage women. Together these findings suggest that associations between manager gender and male-female wage gaps should be interpreted with caution, as worker sorting seems to be a crucial component behind this relationship.",https://doi.org/10.1177/001979391406700205,2.1584177
restat,2011,Local Electoral Incentives and Decentralized Program Performance,"This paper analyzes how electoral incentives affected the performance of a major decentralized conditional cash transfer program intended on reducing school dropout rates among children of poor households in Brazil. We show that while this federal program successfully reduced school dropout by 8 percentage points, the program's impact was 36% larger in municipalities governed by mayors who faced reelection possibilities compared to those with lame-duck mayors. First-term mayors with good program performance were much more likely to be reelected. These mayors adopted program implementation practices that were not only more transparent but also associated with better program outcomes.",https://doi.org/10.1162/rest_a_00182,2.156002
le,2014,The lifetime earnings premium in the public sector: The view from Europe,"In a context of widespread concern about budget deficits, it is important to assess whether public sector pay is in line with the private sector. Our paper proposes an estimation of differences in lifetime values of employment between public and private sectors for five European countries. We use data from the European Community Household Panel over the period 1994–2001 for Germany, the Netherlands, France, Italy and Spain. We look at lifetime values instead of wage levels because, as we show in our results, differences in earnings mobility, earnings volatility and job loss risk across sectors occur in many instances and these will matter to forward-looking individuals. When aggregated into a measure of lifetime value of employment in either sector, these differences yield estimates of the lifetime premium in the public sector for these five countries. We also present differences in the institutional and labour market structures in these countries and find that countries for which we estimate a positive lifetime premium in the public sector, i.e. France and Spain, are also the countries where access to the public sector requires costly entry procedures. This paper is to the best of our knowledge the first to use this dynamic approach applied to Europe, which we are able to do with a common dataset, time-period and model.",https://doi.org/10.1016/j.labeco.2014.07.015,2.155371
jpub,2014,Voting suffrage and the political budget cycle: Evidence from the London Metropolitan Boroughs 1902–1937,"We study the opportunistic political budget cycle in the London Metropolitan Boroughs between 1902 and 1937 under two different suffrage regimes: taxpayer suffrage (1902–1914) and universal suffrage (1921–1937). We argue and find supporting evidence that the political budget cycle operates differently under the two types of suffrage. Taxpayer suffrage, where the right to vote and the obligation to pay local taxes are linked, encourages demands for retrenchment and the political budget cycle manifests itself in election year tax cuts and savings on administration costs. Universal suffrage, where all adult residents can vote irrespective of their taxpayer status, creates demands for productive public services and the political budget cycle manifests itself in election year hikes in capital spending and a reduction in current spending.",https://doi.org/10.1016/j.jpubeco.2014.01.003,2.1551404
bjir,2016,Employer Organizations and Labour Immigration Policy in Australia and the United Kingdom: The Power of Political Salience and Social Institutional Legacies,"Abstract This article examines employer organizations and labour immigration policy in Australia and the United Kingdom. Drawing on 102 elite interviews, it analyses employer organizations’ preferences and influence over recent reforms. The article builds on Culpepper's arguments relating to the significance of political salience and identifies the importance of various institutional factors, particularly social institutions, in shaping employer organizations’ decisions and engagement with the policy process. Political salience and social institutional legacies are critical for explaining why employer organizations played a central role in driving labour immigration reforms in Australia and a marginal role in the UK. Large intakes of workers from the European Union, which sustained immigration as a high salience issue and fuelled the Brexit campaign, also influenced the strategies of UK employer organizations.",https://doi.org/10.1111/bjir.12216,2.1541336
le,2016,Health insurance reform and part-time work: Evidence from Massachusetts,NA,https://doi.org/10.1016/j.labeco.2016.05.017,2.149864
ee,2018,A replication of ‘Entry regulation and entrepreneurship: a natural experiment in German craftsmanship’,NA,https://doi.org/10.1007/s00181-018-1457-0,2.1477833
sej,2017,Corruption and Entrepreneurship: Cross‐Country Evidence from Formal and Informal Sectors,"While the impact of institutional quality on formal entrepreneurial activity has been well documented in the literature, whether and to what extent corruption influences entrepreneurship in the informal sector is less forthcoming. In this article, we analyze the effect of corruption on entrepreneurship in the formal and informal sectors. Using unique cross‐country data on formal and informal entrepreneurship, we find that corruption deters entrepreneurship in the formal sector and promotes informal entrepreneurship. These results remain robust even after conducting a series of sensitivity analyses.",https://doi.org/10.1002/soej.12250,2.1419098
jpam,2017,Introduction to the Research Articles,NA,https://doi.org/10.1002/pam.22021,2.1353393
restat,2010,The Location Decisions of Foreign Investors in China: Untangling the Effect of Wages Using a Control Function Approach,"There is almost no support for the proposition that capital is attracted to low wages from firm-level studies. We examine the location choices of 2,884 firms investing in China between 1993 and 1996 to offer two main contributions. First, we find that the location of labor-intensive activities is highly elastic to provincial wage differences. Generally, investors' wage sensitivity declines as the skill intensity of the industry increases. Second, we find that unobserved location-specific attributes exert a downward bias on estimated wage sensitivity. Using a control function approach, we estimate a downward bias of 50% to 90% in wage coefficients estimated with standard techniques.",https://doi.org/10.1162/rest.2009.11350,2.130342
jpam,2013,Do Alternative Base Periods Increase Unemployment Insurance Receipt Among Low‐Educated Unemployed Workers?,"Abstract Unemployment Insurance (UI) is the major social insurance program that protects against lost earnings resulting from involuntary unemployment. Existing literature finds that low‐earning unemployed workers experience difficulty accessing UI benefits. The most prominent policy reform designed to increase rates of monetary eligibility, and thus UI receipt, among these unemployed workers is the Alternative Base Period (ABP). In 2009, the American Recovery and Reinvestment Act sought to increase use of the ABP, making ABP adoption a necessary precondition for states to receive their share of the $7 billion targeted at UI programs. By January 2013, 40 states and the District of Columbia had adopted the ABP despite the absence of an evaluation of ABP efficacy using nationally representative data. This study analyzes Current Population Survey data from 1987 to 2011 to assess the efficacy of the ABP in increasing UI receipt among low‐educated unemployed workers. We used a natural‐experiment design to capture the combined behavioral and mechanical effects of the policy change. We found no association between state‐level ABP adoption and individual UI receipt for all unemployed workers. However, among part‐time unemployed workers with less than a high school degree, adoption of the ABP was associated with a 2.8 percentage point increase in the probability of UI receipt.",https://doi.org/10.1002/pam.21708,2.1303282
restat,2012,Firing Costs and Flexibility: Evidence from Firms' Employment Responses to Shocks in India,"A key prediction of dynamic labor demand models is that firing restrictions attenuate firms' employment responses to economic fluctuations. We provide the first direct test of this prediction using data from India. We exploit the fact that rainfall fluctuations, through their effects on agricultural productivity, generate variation in local demand within districts over time. Consistent with the theory, we find that industrial employment is more sensitive to shocks where labor regulation is less restrictive. Our results are robust to controlling for endogenous firm placement and vary across factory size in a pattern consistent with institutional features of Indian labor law.",https://doi.org/10.1162/rest_a_00305,2.1205513
ilr,2018,"Taming Labor: Workers’ Struggles, Workplace Unionism, and Collective Bargaining on a Chinese Waterfront","This article examines the case of the Yantian International Container Terminal (YICT) to consider under what conditions unions can provide effective workplace representation in China. The authors draw on semi-structured interviews to analyze how and why the union was effective, despite rigid prohibitions against organizing outside of the Party-led All-China Federation of Trade Unions. The authors argue that the YICT union developed a system of annual collective bargaining that tamed the power of militant dockworkers and helped prevent strikes. This outcome required an effective enterprise-level trade union that was nevertheless able to influence and manage members’ somewhat ambiguous acceptance of its role. Ultimately, workers’ interests were partially represented and their acquisition of associational power—in the form of trade unions—increased.",https://doi.org/10.1177/0019793918768791,2.115768
bjir,2012,Firm‐Level Collective Bargaining and Wages in <scp>G</scp>reece: A Quantile Decomposition Analysis,"Abstract This article analyzes the effect of firm‐level contracting on the wage structure in the G reek private sector. Using a matched employer–employee dataset for 2006, unconditional quantile regressions and relevant decomposition methods, we identify a wage premium associated with firm‐level contracting, which follows a hump‐shaped profile across the wage distribution. Further, the wage differential between workers under firm‐level and broader‐level collective agreements can be primarily attributed to the differences in the regime‐specific wage setting structure, for those below the median of the unconditional wage distribution, and to differences in worker and firm‐specific characteristics for those in the upper tail.",https://doi.org/10.1111/j.1467-8543.2012.00918.x,2.1134257
ilr,2016,How Financial Cutbacks Affect the Quality of Jobs and Care for the Elderly,"Based on case studies in 12 nursing homes in the United Kingdom, the authors illustrate how financial cutbacks affect job quality and the quality of care. The dimensions of job quality that suffered most were those directly related to the ability of workers to provide care: reductions in staffing, longer working hours, and work intensification. Cuts to labor costs eroded the quality of workers’ jobs in all 12 homes but with two differential outcomes: in seven homes, care quality was maintained, and in five homes, it deteriorated. Care quality was maintained in homes where a patient-centered care approach and remaining job quality allowed workers to develop work-arounds to protect residents from spillover effects. Care quality declined in homes where custodial approaches to care and low job quality did not provide workers the time or resources to protect residents or to maintain prior levels of care. A tipping point was reached, leading to a spillover into impoverished care.",https://doi.org/10.1177/0019793916640491,2.111931
ej,2018,Why Don't Remittances Appear to Affect Growth?,"While measured remittances by migrant workers have recently soared, macroeconomic studies have difficulty detecting their effect on economic growth. We propose three new explanations for this puzzle. First, a large majority of the recent rise in measured remittances may be illusory – arising from changes in measurement. Second, cross‐country regressions may lack power to detect such growth effects. Third, remittances rise primarily with rising emigration, whose opportunity cost to GDP creates endogeneity bias. Migration and remittances clearly have first‐order effects on poverty, migrant households' welfare and global GDP but detecting the effect of remittances on economic growth faces important challenges.",https://doi.org/10.1111/ecoj.12463,2.110105
ei,2016,CASH INFLOWS AND BUBBLES IN ASSET MARKETS WITH CONSTANT FUNDAMENTAL VALUES,"Previous experimental research on asset markets has reported that the level of cash available to traders does not affect asset prices when fundamentals follow a time trajectory that is constant over time. This contrasts with other research indicating that greater cash levels increase prices when fundamental values are decreasing over time. We report a new experiment in which we show that greater initial cash levels are indeed associated with higher prices when fundamental values are constant over time. Thus, high cash levels will lead to bubbles, if the cash is introduced before the market opens. Our results reconcile the two previous sets of findings. ( JEL C90, D03, G02, G12)",https://doi.org/10.1111/ecin.12320,2.103068
jce,2012,Trade integration and the skill premium: Evidence from a transition economy,NA,https://doi.org/10.1016/j.jce.2012.08.002,2.1007142
jpam,2015,INCREASING WORK OPPORTUNITIES AND REDUCING POVERTY TWO DECADES AFTER WELFARE REFORM,NA,https://doi.org/10.1002/pam.21884,2.0992985
ilr,2013,The American Jobs Crisis and its Implication for the Future of Employment Policy: A Call for a New Jobs Compact,"The author proposes a new Jobs Compact to close the nation's jobs deficit, to create sufficient high-quality jobs to raise wages and end thirty years of wage stagnation, and to update and strengthen labor and employment policies. A set of market and institutional failures are identified as root causes of these problems, and local innovations and policy proposals are suggested for overcoming them. Achieving these objectives will require a stronger voice in national policymaking as well as proactive efforts to mobilize and coordinate the constituencies that share an interest in and responsibility for employment policy and practice. The author calls on the president and the secretary of labor to lead these efforts by mobilizing and engaging business, labor, women, ethnic, community, and education leaders at regional and national levels.",https://doi.org/10.1177/001979391306600201,2.0963728
ilr,2017,Asymmetric Labor Market Reforms: Effects on Wage Growth and Conversion Probability of Fixed-Term Contracts,"The authors investigate the impact of a change in employment protection laws in Portugal that increased the maximum legal duration of fixed-term contracts. They find that this reform led to a reduction in the probability that a worker on a fixed-term contract would be converted to a permanent contract. In addition, those workers who had their contracts converted experienced a significantly higher hourly wage growth at the time of conversion and faced a lower reduction in wage growth during the years in which the changed legislation was in force. Consequently, the implementation of this law led to a 27% increase in the wage-growth differential between the two contracts. The findings are based on an endogenous regime-switching model using rich administrative linked employer–employee data.",https://doi.org/10.1177/0019793917737506,2.0958524
el,2010,Cash transfer programs and child health in Brazil,NA,https://doi.org/10.1016/j.econlet.2010.04.009,2.0876713
jpub,2015,Empowering poor people through public information? Lessons from a movie in rural India,NA,https://doi.org/10.1016/j.jpubeco.2015.09.010,2.0858543
ir,2014,Prevailing Wage Regulations and School Construction Costs: Cumulative Evidence from British Columbia,"The effect of prevailing wage laws on the cost of public construction has been the subject of an ongoing public policy debate. We measure this effect by comparing the public/private construction cost differential for schools built before and after British Columbia's Skills Development and Fair Wage Policy. Regression results indicate that public schools were 40.5 percent more expensive to build prior to the policy. This differential was 40.1 percent after the policy's enforcement. However, this change is not statistically significant. Regression results also indicate a stable construction cost function over the policy period. These results indicate that the effect of fair wage requirements was not different from zero in terms of magnitude or statistical significance. Combining these results with the findings of our previous research provides a comprehensive view regarding the effect of the British Columbian prevailing wage policy on school construction. This body of research, utilizing a variety of statistical methods, provides consistent evidence indicating that a relatively strong prevailing wage policy was not associated with changes in the efficiency or productivity of construction that contributes to increased building costs.",https://doi.org/10.1111/irel.12072,2.0851765
ei,2010,THE EFFECT OF HOUSE PRICE ON FERTILITY: EVIDENCE FROM HONG KONG,"This article extends a standard Beckerian model of fertility behavior to formulate the effect of house price (HP) on fertility. The simple model predicts a negative effect of HP on the number of children for a representative household not only through the income effect but also through the compensated substitution effect. The prediction is confirmed by a cointegration analysis applied to the annual data at the aggregate level covering the period from 1971 to 2005 in Hong Kong. It is found that a 1% increase in HP is significantly related to a 0.45% decrease in total fertility rates (TFRs), which is robust in sensitivity tests with an alternative model specification and alternative measures of TFRs. This implies that high HP inflation can account for about 65% of the fertility decrease in Hong Kong in the past four decades. ( JEL J13, J11, C32)",https://doi.org/10.1111/j.1465-7295.2009.00213.x,2.0746143
ecta,2012,"Status, Intertemporal Choice, and Risk-Taking","This paper studies endogenous risk-taking by embedding a concern for status (relative consumption) into an otherwise conventional model of economic growth. We prove that if the intertemporal production function is strictly concave, an equilibrium must converge to a unique steady state in which there is recurrent endogenous risk-taking. (The role played by concavity is clarified by considering a special case in which the production function is instead convex, in which there is no persistent risk-taking.) The steady state is fully characterized. It displays features that are consistent with the stylized facts that individuals both insure downside risk and gamble over upside risk, and it generates similar patterns of risk-taking and avoidance across environments with quite different overall wealth levels. Endogenous risk-taking here is generally Pareto-inefficient. A concern for status thus implies that persistent and inefficient risk-taking hinders the attainment of full equality.",https://doi.org/10.3982/ecta9042,2.0706043
bjir,2011,Social Capital and Union Revitalization: A Study of Worker Networks in the UK Audio‐Visual Industries,"Abstract This article examines Jarley's contention that trade union revitalization is conditional upon the generation of social capital through the systematic creation of networks. It draws on a qualitative study of freelance workers in the UK audio‐visual industry to consider two propositions. The first, that ‘social capital within networks is forged on “bonds” that are conducive to trade union identity’ was not sustained by the data, which instead suggested that social capital is more likely to be generated by networks outside trade union structures. However, the data did support the second proposition that ‘trade unions can harness social capital in order to achieve concrete industrial relations outcomes’ by linking networks to reservoirs of expertise and influence.",https://doi.org/10.1111/j.1467-8543.2011.00850.x,2.0648453
ei,2010,A COMPARATIVE ANALYSIS OF THE NATIVITY WEALTH GAP<sup>*</sup>,"We investigate the relative wealth position of immigrant households residing in Australia, Germany, and the United States. In Germany and the United States, wealth differentials stem from differences in the educational attainment and demographic characteristics of the native and immigrant populations, rather than income differentials. In contrast, the small nativity wealth gap in Australia exists because immigrants to Australia do not translate their relative educational and demographic advantage into a wealth advantage. Overall, we find substantial disparity in the economic well‐being of immigrant and native families which is largely consistent with domestic labor markets and immigration policies. ( JEL F22, D31)",https://doi.org/10.1111/j.1465-7295.2009.00221.x,2.0628583
labour,2015,New Firms as Employers: The Wage Penalty for Voluntary and Involuntary Job Switchers,"Abstract According to previous research, new firms pay lower wages. However, previous studies have been unable to control for the possibility that the opportunity costs of accepting employment at new firms may differ across individuals. In this paper, we investigate whether a wage penalty for being employed at a new firm exists if we take the individual employee's experience and status in the labour market into consideration. We focus on individuals who decide to switch jobs and use matched employee–employer data about all firms and employees in Sweden for the period 1998–2010. Our results show that the share of job transitions into lower wages are higher for those who switch to new firms compared with incumbent firms (40 per cent and 31 per cent, respectively). Our endogenous wage equation estimates indicate that being an involuntary job switcher has an equally negative effect on wages at both new and incumbent firms. However, the positive effect of education on wages is more pronounced for job switchers selecting into incumbent firms.",https://doi.org/10.1111/labr.12055,2.062802
jae,2013,IDENTIFYING THE RESPONSE OF FERTILITY TO FINANCIAL INCENTIVES,"SUMMARY While using financial incentives to increase fertility has become relatively common, the effects of such policies are difficult to assess. We propose an identification strategy that relies on the fact that the variation in wages induces variation in benefits and tax credits among ‘comparable’ households. We implement our approach by estimating a discrete‐choice model of female participation and fertility using individual data from the French Labor Force Survey and a detailed representation of the French tax–benefit system. Our results suggest that financial incentives have had a significant effect on fertility decisions in France. As an example, we simulate the effects of an additional, unconditional child credit of 150 euros per month. The effects are strongest for the third child. Copyright © 2013 John Wiley &amp; Sons, Ltd.",https://doi.org/10.1002/jae.2332,2.0562727
jlr,2015,"Alcohol Consumption, Deterrence and Crime in New York City",NA,https://doi.org/10.1007/s12122-015-9201-4,2.0557218
ei,2018,THE EFFECT OF INCENTIVE‐INDUCED RETIREMENT ON SPOUSAL RETIREMENT RATES: EVIDENCE FROM A NATURAL EXPERIMENT,"We identify, quantify, and explain the impact of incentive‐induced early retirement (ER) of husbands on their wives' probability to retire within 1 year, using administrative data from the Netherlands. Our identification strategy is based on a policy intervention by which targeted individuals working at the central government level became unexpectedly and temporarily eligible for very generous ER benefits. This retirement window of opportunity implied for interested workers that transitions from the current job into full retirement had to be effected swiftly and irreversibly. We find that induced ER of husbands increased their wives' probability to retire by 10 percentage points. This is a strong and robust local average treatment effect. Partly, the effect runs through wives at ages when they may have been eligible for ER programs themselves. ( JEL C26, J26, J120, J140)",https://doi.org/10.1111/ecin.12747,2.0546746
cje,2017,Exporting and labour demand: Micro‐level evidence from Germany,"Abstract It is widely believed that globalization increases the extent of employment and wage responses to economic shocks. In this paper, we investigate the effect of firms’ exporting activities on the wage elasticity of labour demand. Using rich, administrative linked employer–employee panel data from Germany and destination‐specific industry‐level information on trade flows, we explicitly control for self‐selection into exporting and endogeneity concerns. Overall, we find that exporting has a significant positive effect on the (absolute value of the) unconditional wage elasticity of labour demand. In line with our hypothesis, we further show that the effect is particularly strong for those plants that export a significant share of their output to low‐ and medium‐income countries, hence face relatively more price‐elastic product demand.",https://doi.org/10.1111/caje.12290,2.0521762
aejp,2017,Can Hiring Quotas Work? The Effect of the Nitaqat Program on the Saudi Private Sector,"This paper studies the effects of quota-based labor regulations on firms in the context of Saudi Arabia's Nitaqat program, which imposed quotas for Saudi hiring at private firms. I use a comprehensive firm-level administrative dataset and exploit kinks in hiring incentives generated by the quotas to estimate the effects of this policy. I find that the program increased native employment at substantial cost to firms, as demonstrated by increasing exit rates and decreasing total employment at surviving firms. Firms without any Saudi employees at the onset of the program appear to bear most of these costs. (JEL J08, J23, J68, K31, L25, O15, O17)",https://doi.org/10.1257/pol.20150271,2.0492315
jhr,2016,Employment Trends by Age in the United States: Why Are Older Workers Different?,"Abstract In the 1960s, 1970s, and 1980s, male employment rates were declining or flat at all ages, and female employment rates were rising or flat at all ages. But employment trends diverged more recently, with employment rising at older ages and falling at younger ages. We estimate labor supply models for men and women, allowing differences in behavior across age groups. The results indicate that changes in the educational composition of the population, the increase in age at first marriage, and Social Security reforms can account for a modest proportion of the divergence. However, much of the divergence remains unexplained.",https://doi.org/10.3368/jhr.51.1.163,2.0445774
jhr,2013,Native Competition and Low-Skilled Immigrant Inflows,"This paper demonstrates that immigration decisions depend on local labor market conditions by documenting the change in low-skilled immigrant inflows in response to supply increases among the US-born. Using prereform welfare participation rates as an instrument for changes in native labor supply, I find that immigrants competing with native entrants systematically prefer cities with smaller supply shocks. The extent of the response is substantial: for each native woman working due to reform, 0.5 fewer female immigrants enter the local labor force. These results provide direct evidence that international migration flows tend to equilibrate returns across US local labor markets.",https://doi.org/10.3368/jhr.48.4.910,2.0444956
cje,2011,Rigid labour markets with trade and capital mobility: theory and evidence,"Abstract We develop a multi-country model with imperfect labour markets to study the effect of labour market frictions on bilateral trade flows. We use a framework that allows for goods trade and capital mobility and show that labour market imperfections exert opposite effects in the absence of capital mobility (the short run) and its presence (the long run), respectively. In the short run, a higher degree of labour market rigidity decreases the value of total trade, but increases the share of intra-industry trade for a country that is larger than its trading partner. The reverse effects are observed when capital is allowed to cross country borders. Using data on unemployment and income distribution for 23 OECD countries, we compute the central parameter in our theoretical model that describes the degree of labour market rigidity. We use this new empirical concept to provide evidence for our theoretical findings by means of reduced-form regressions as well as simulation results of a calibrated general equilibrium model. On développe un modèle à plusieurs pays avec des marchés du travail imparfaits pour étudier l’effet des frictions dans les marchés du travail sur les flux de commerce bilatéraux. On utilise un cadre analytique qui permet le commerce des biens et la mobilité du capital, et on montre que les imperfections sur le marché du travail ont des effets opposés en l’absence de mobilité du capital (à court terme) et quand mobilité du capital il y a (à long terme). A court terme, un fort degré de rigidité dans le marché du travail réduit la valeur totale du commerce, mais accroît la part du commerce intra-industrie pour le pays qui a une taille plus grande que celle de son partenaire commercial. Les effets inverses sont observés quand on permet au capital de traverser les frontières. A l’aide de données sur le chômage et la répartition du revenu pour 23 pays de l’OCDE, on calcule le paramètre central du modèle théorique qui décrit le degré de rigidité du marché du travail. On utilise ce nouveau concept empirique pour tester les résultats théoriques au moyen de régressions de formes réduites ainsi qu’au moyen de simulations d’un modèle calibré d’équilibre général.",https://doi.org/10.1111/j.1540-5982.2011.01642.x,2.0415113
oep,2018,Job creation in a multi-sector labour market model for developing economies,"This paper proposes an overlapping generations multi-sector model of the labour market for developing countries with four heterogeneities—heterogeneity within self-employment, heterogeneity in job experience, heterogeneity in pathways to self-employment, and heterogeneity in ability. We revisit an iconic paradox in a class of multi-sector labour market models in which the creation of high-wage employment exacerbates unemployment. Our richer setting allows for generational differences in the motivations for job search to be reflected in two distinct inverted-U-shaped relationships between unemployment and high-wage employment, one for youth and another for adults. In turn, the relationship between overall unemployment and high-wage employment is shown to be non-monotonic and multi-peaked. The model also sheds light on the implications of increasing high-wage employment on self-employed workers. Non-monotonicity in unemployment notwithstanding, increasing high-wage employment leads to an unambiguous increase in high-paying self-employment, and an unambiguous decrease in free-entry (low-wage) self-employment.",https://doi.org/10.1093/oep/gpy029,2.0408783
cje,2011,Assessing the impact of a wage subsidy for single parents on social assistance,"Abstract This paper studies the impact of a wage subsidy program aimed at long‐term social assistance recipients in Quebec. The program closely mimics the Self‐Sufficiency Project and was implemented for a trial period of one year in 2002.We focus on the labour market transitions of the targeted population starting one year before the implementation of the program and until the end of 2005. Our results show that the duration of spells off social assistance increased, while the duration of social assistance spells decreased slightly. The response to the program varies considerably with both observed and unobserved characteristics.",https://doi.org/10.1111/j.1540-5982.2011.01672.x,2.04025
bjir,2017,Government Regulation of International Corporate Social Responsibility in the US and the UK: How Domestic Institutions Shape Mandatory and Supportive Initiatives,"Abstract While most scholarship on corporate social responsibility (CSR) focuses on company‐level CSR initiatives, it increasingly also examines government programs for CSR. However, research on how governments contribute to CSR has mainly focused on domestic and not international CSR challenges. This literature also does not specify whether governments shape CSR through mandatory regulation or supportive initiatives. This article adopts a process‐tracing approach to determine how governments regulate international CSR. It demonstrates that the legal and political systems in the liberal market economies of the UK and the US lead to different forms of public CSR regulation — notably in the areas of labour standards in apparel and tax transparency in extractives. The UK government has been more likely to support bottom‐up collaborative multi‐stakeholder initiatives, whereas the US government has favoured top‐down mandatory regulation.",https://doi.org/10.1111/bjir.12253,2.0396554
qje,2018,The Unequal Gains from Product Innovations: Evidence from the U.S. Retail Sector*,"This article examines how product innovations led to inflation inequality in the United States from 2004 to 2015. Using scanner data from the retail sector, I find that annual inflation for retail products was 0.661 (std. err. 0.0535) percentage points higher for the bottom income quintile relative to the top income quintile. When including changes in product variety over time, this difference increases to 0.8846 (std. err. 0.0739) percentage points a year. In CEX-CPI data covering the full consumption basket, the annual inflation difference is 0.368 (std. err. 0.0502) percentage points. I investigate the following hypothesis: (i) the relative demand for products consumed by high-income households increased because of growth and rising inequality; (ii) in response, firms introduced more new products catering to such households; (iii) as a result, the prices of continuing products in these market segments fell due to increased competitive pressure. Using a shift-share research design, I find causal evidence that increasing relative demand leads to increasing product variety and lower inflation for continuing products. A calibration indicates that the hypothesized channel accounts for a large fraction (over 50%) of observed inflation inequality.",https://doi.org/10.1093/qje/qjy031,2.0395465
ir,2016,The Structure of Hiring Costs in Germany: Evidence from Firm‐Level Data,"This paper analyzes the structure of hiring costs of skilled workers in Germany. Using detailed and representative firm‐level data on recruitment and adaptation costs of new hires, we find that average hiring costs amount to more than 8 weeks of wage payments (€4700). The structure of hiring costs is convex, as an increase in the number of hires by 1 percent increases hiring costs by 1.3 percent. We find moderate effects of labor market institutions on the magnitude but none on the structure of hiring costs. Furthermore, we provide evidence in favor of monopsony power in the German labor market.",https://doi.org/10.1111/irel.12139,2.0369172
aeja,2018,The Effects of Micro-entrepreneurship Programs on Labor Market Performance: Experimental Evidence from Chile,"We investigate the impact of a program providing asset transfers and business training to low income individuals in Chile, and asked whether a larger asset transfer would magnify the program's impact. We randomly assigned participation in a large scale, publicly run micro-entrepreneurship program and evaluated its effects over 45 months. The program improved business practices, employment, and labor income. In the short run, self-employment increased by 14.8/25.2 percentage points for a small/large asset transfer. In the long run, individuals assigned to a smaller transfer were 9 percentage points more likely to become wage workers, whereas those assigned to larger transfers tended to remain self-employed. (JEL J16, J23, L25, L26, L53, O14, R23)",https://doi.org/10.1257/app.20150245,2.0361369
jeea,2018,Firm Dynamics and Growth Measurement in France,"In this paper we use the same methodology as Aghion et al. (2017a) to compute missing growth estimates from creative destruction in France. We find that from 2004 to 2015, about 0.5 percentage point of real output growth per year is missed by the statistical office, which is about the same as what was found in the United States. We look at how missing growth varies across French sectors and regions, and we look at the underlying establishment and firm dynamics. In particular we show that the similar missing growth estimates between France and the United States hide noticeable differences in plant dynamics between the two countries.",https://doi.org/10.1093/jeea/jvy031,2.0356207
le,2013,Wage rigidity and employment adjustment at the firm level: Evidence from survey data,NA,https://doi.org/10.1016/j.labeco.2013.02.001,2.0345747
jlr,2014,Does the Family and Medical Leave Act (FMLA) Increase Fertility Behavior?,NA,https://doi.org/10.1007/s12122-014-9181-9,2.0335643
eer,2016,Labor policies and capital mobility in theory and in EMU,NA,https://doi.org/10.1016/j.euroecorev.2016.04.007,2.0203042
jpub,2016,Can welfare abuse be welfare improving?,NA,https://doi.org/10.1016/j.jpubeco.2016.07.001,2.0172184
jpub,2011,"Disability policy and the labor market: Evidence from a natural experiment in Canada, 1998–2006",NA,https://doi.org/10.1016/j.jpubeco.2011.09.001,2.01196
le,2010,An empirical assessment of assortative matching in the labor market,NA,https://doi.org/10.1016/j.labeco.2010.05.001,2.010105
le,2018,The effect of graduating with honors on earnings,NA,https://doi.org/10.1016/j.labeco.2018.05.012,2.0070746
oep,2011,The effects of general and firm-specific training on wages and performance: evidence from banking,"Using new panel data for Finnish co-operative banks we study the impact of training on wages and performance. To our knowledge, this is the first paper to compare explicitly the effects of general and firm-specific workplace training on outcomes for both employees and firms. Unlike much existing literature, we find stronger evidence that training improves worker outcomes rather than organizational performance. Depending upon specification, the estimated wage elasticity with respect to training ranges from 3–7%, whereas we find virtually no effects on organizational performance.",https://doi.org/10.1093/oep/gpr013,2.00414
oep,2016,What drives the gender wage gap? A look at the role of firm and job-title heterogeneity,"Journal Article What drives the gender wage gap? A look at the role of firm and job-title heterogeneity Get access Ana Rute Cardoso, Ana Rute Cardoso a Institute for Economic Analysis (CSIC) and Barcelona GSE, Spain Search for other works by this author on: Oxford Academic Google Scholar Paulo Guimarães, Paulo Guimarães b Banco de Portugal, Praça da Liberdade 92, 4000-322, Porto, and CEFUP, Universidade do Porto, Porto, Portugal; e-mail: pfguimaraes@bportugal.pt Search for other works by this author on: Oxford Academic Google Scholar Pedro Portugal Pedro Portugal c Banco de Portugal, Lisbon, Portugal Search for other works by this author on: Oxford Academic Google Scholar Oxford Economic Papers, Volume 68, Issue 2, April 2016, Pages 506–524, https://doi.org/10.1093/oep/gpv069 Published: 07 January 2016",https://doi.org/10.1093/oep/gpv069,2.0021412
jpe,2012,"Regulated Prices, Rent Seeking, and Consumer Surplus","Price controls lead to misallocation of goods and encourage rent seeking. The misallocation effect alone ensures that a price control always reduces consumer surplus in an otherwise-competitive market with convex demand if supply is more elastic than demand or with log-convex demand (e.g., constant elasticity) even if supply is inelastic. The same results apply whether rationed goods are allocated by costless lottery or whether costly rent seeking and/or partial decontrol mitigates the inefficiency. Our analysis exploits the observation that in any market, consumer surplus equals the area between the demand curve and the industry marginal revenue curve.",https://doi.org/10.1086/665416,2.0010884
jpub,2015,Replacing churches and mason lodges? Tax exemptions and rural development,NA,https://doi.org/10.1016/j.jpubeco.2015.03.006,1.9959043
ee,2010,An analysis of the impact of the self-sufficiency project on wages,NA,https://doi.org/10.1007/s00181-010-0387-2,1.9941652
cje,2015,Differences in the degree of unionization as a source of comparative advantage in open economies,"Abstract This paper considers two integrated countries that differ only in their labour markets: one country hosts unions, whereas the other one pays competitive wages. These institutional differences are a source of comparative advantage, which crucially impact inter‐industry trade and welfare in the open economy. In this setting, deunionization exerts opposing welfare effects in the two economies. Increasing product market competition is beneficial for the unionized country and detrimental for its trading partner. Finally, we conduct an empirical analysis that provides strong support for the main hypotheses of our theoretical model.",https://doi.org/10.1111/caje.12124,1.9925929
el,2013,Who pays for obesity? Evidence from health insurance benefit mandates,NA,https://doi.org/10.1016/j.econlet.2013.08.029,1.9831921
izajl,2017,Job loss and the mental health of spouses and adolescent children,"Abstract Panel data from the Household, Income and Labour Dynamics in Australia Survey are used to examine the impact of involuntary job loss on the mental health of spouses and adolescent children. Estimates from fixed effects models show that the mental health of women (but not men) declines following a spouse’s job loss, but only if that job loss results in a sustained period of non-employment or if the couple experienced prior financial hardship or relationship strain. A negative effect of parental job loss on the mental health of adolescent children is also found but is restricted to girls. JEL Classification : I31, J10, J65",https://doi.org/10.1186/s40172-017-0056-1,1.9787567
le,2015,Childcare subsidies and labour supply — Evidence from a large Dutch reform,NA,https://doi.org/10.1016/j.labeco.2015.03.007,1.9720552
bjir,2017,The Impact of Acquiring EU Status on the Earnings of East European Migrants in the UK: Evidence from a Quasi‐Natural Experiment,"Abstract On 1 May 2004, 10 new states — including the ‘A8’ countries in Central and Eastern Europe — joined the European Union (EU). This article explores the impact of EU enlargement on A8 workers who were already working in the UK before 1 May 2004 — legally or illegally. More specifically, the article analyses the impact of the change in the legal (immigration) status that A8 workers experienced on 1 May 2004 on their earnings in the UK. The empirical analysis employs difference‐in‐difference estimation using data obtained from a relatively small but unique survey of migrant workers from four of the A8 countries (Poland, Czech Republic, Slovakia and Lithuania) and two other East European countries (Ukraine and Bulgaria), carried out one month before and six to eight months after EU enlargement in May 2004. The results of this exploratory analysis suggest a statistically significant and positive impact of acquiring EU status on earnings. The data further indicate that, in part, this effect was brought about by A8 workers gaining the right to freely change jobs after EU enlargement. There is no evidence of a ‘legalization effect’ on earnings.",https://doi.org/10.1111/bjir.12223,1.9687687
jpam,2016,"Child Poverty, the Great Recession, and the Social Safety Net in the United States","In this paper, we comprehensively examine the effects of the Great Recession on child poverty, with particular attention to the role of the social safety net in mitigating the adverse effects of shocks to earnings and income. Using a state panel data model and data for 2000 to 2014, we estimate the relationship between the business cycle and child poverty, and we examine how and to what extent the safety net is providing protection to at-risk children. We find compelling evidence that the safety net provides protection; that is, the cyclicality of after-tax-and-transfer child poverty is significantly attenuated relative to the cyclicality of private income poverty. We also find that the protective effect of the safety net is not similar across demographic groups, and that children from more disadvantaged backgrounds, such as those living with Hispanic or single heads, or particularly those living with immigrant household heads—or immigrant spouses—experience larger poverty cyclicality than those living with non- Hispanic white or married heads, or those living with native household heads with native spouses. Our findings hold across a host of choices for how to define poverty. These include measures based on absolute thresholds or more relative thresholds. They also hold for measures of resources that include not only cash and near-cash transfers net of taxes but also several measures of the value of public medical benefits.",https://doi.org/10.1002/pam.21963,1.9662485
bjir,2010,"European Employment Models in Flux: A Comparison of Institutional Change in Nine European Countries – Edited by Gerhard Bosch, Steffen Lehndorff and Jill Rubery","low-compensating differential on service sector employment might have been written very differently.Also questionable is the author's evaluation of the role of German unification.Since 1990, approximately 3 per cent of Germany's gross national product has been transferred annually from West to East Germany.This exceeds the burden caused by oil crises, acknowledged worldwide as external shocks.Also, the erosion of the wage system did not get into full swing until after unification.Of further interest is the fact that the transfer of West German institutions to East Germany resulted in reform falling into stagnation for more than 10 years.Because of imperfect reproduction and a continually changing environment, stagnation inevitably leads to the gradual erosion of old institutions in the ways described by Wolfgang Streeck.Finally, the question arises as to whether an analysis of one country can provide broad general conclusions that apply to changes in all capitalist countries.For example, in many other European welfare states (e.g.Denmark, Sweden, France), the product and financial markets were deregulated without leading to, as in Germany, a decrease in collective bargaining coverage or an increase in earnings differentiation.A deciding factor is perhaps that the German wage system, in contrast to the wagesetting systems in the other countries mentioned, is vulnerable to outsider competition because its unions are too weak and because binding collective wage agreements and minimum wages are generally lacking.Creeping erosion is perhaps not the unchangeable fate of wage systems in the age of liberalisation but rather the consequence of the specific architectures of institutions.Moreover, it could also be that the German model is not unsustainable per se but simply that it is not being sustained by important players.This leads to the players' roles.Streeck has not been able to detect a master plan in the transformation and sees change as the aggregate result of unco-ordinated actions from below.Important think tanks and political players have been presenting the same master plans for the deregulation of the German system year after year.These plans reflect the natural instincts of business people, who seek to shed all institutional shackles and who rely merely on a common guiding ideology for their co-ordination.The search for a single architect of a master plan will probably never be fruitful.After all, there is considerable evidence for the existence of similar master plans and harmonised behaviour by many players in various arenas of action.In conclusion, it can be said that this book is a rich repository of theories concerning forms of gradual institutional change in capitalism.However, the full story of the transformation of German capitalism has yet to be written.",https://doi.org/10.1111/j.1467-8543.2009.00776_3.x,1.9594808
bjir,2010,Men at Work in a Land Down-Under: Testing Some Predictions of Human Capital Theory,"We use new training data from waves 3–6 of the Household, Income and Labour Dynamics in Australia Survey to investigate training and wages of full-time men. We explore the extent to which the data are consistent with the predictions of human capital theory or with recent alternative theories based on imperfectly competitive labour markets. According to the raw data, most work-related training received by full-time private-sector men is general, but it is also paid for by employers. Our fixed effects estimates reveal that this training is associated with higher wages in current and in future firms, and that the effect in future firms is larger and more precisely determined. These results are more consistent with the predictions of human capital theory based on imperfectly competitive labour markets than with the alternative of perfect competition.",https://doi.org/10.1111/j.1467-8543.2009.00766.x,1.9538437
el,2011,Hysteresis in unemployment: Fact or fiction?,NA,https://doi.org/10.1016/j.econlet.2011.12.070,1.948291
ej,2010,The Race Between Education and Technology,"Journal Article The Race Between Education and Technology Get access By Goldin (Claudia) and Katz (Larry) (Cambridge, MA: Harvard University Press: 2010. pp496. £14.95, paperback, ISBN: 978‐0‐6740‐3530‐0) John Van Reenen John Van Reenen London School of Economics and Centre for Economic Performance Search for other works by this author on: Oxford Academic Google Scholar The Economic Journal, Volume 120, Issue 548, November 2010, Pages F505–F510, https://doi.org/10.1111/j.1468-0297.2010.02389.x Published: 19 October 2010",https://doi.org/10.1111/j.1468-0297.2010.02389.x,1.9454881
economica,2010,The Effect of Private Wealth on the Retirement Rate: An Empirical Analysis,"Theoretical models predict a positive effect of the level of private wealth on retirement. In many countries, there is a trend towards the introduction of more individual freedom of choice in pension schemes. The level of private wealth will become an increasingly important factor in the retirement decision. Empirical analysis of retirement behaviour of elderly workers so far has concentrated on properties of the pension system. For a sample of elderly male workers in the Netherlands, we empirically analyse the effect of wealth on the retirement rate. We find evidence for a positive effect of wealth on (early) retirement.",https://doi.org/10.1111/j.1468-0335.2010.00845.x,1.940377
jhr,2014,"Ability, Parental Valuation of Education, and the High School Dropout Decision","The probability of dropping out of high school varies considerably with parental education. Using a rich Canadian panel data set, we examine the channels determining this socioeconomic status effect. We estimate an extended version of Carneiro, Hansen and Heckman (2003)'s factor model, incorporating effects from cognitive and noncognitive ability and parental valuation of education (PVE). We find that cognitive ability and PVE have substantial impacts on dropping out and that parental education has little direct effect on dropping out after controlling for these factors. Our results confirm the importance of determinants of ability by age 15 but also indicate an important role for PVE during teenage years.",https://doi.org/10.1353/jhr.2014.0027,1.935363
bjir,2015,Inclusion or Dualization? The Political Economy of Employment Relations in Italian and Greek Telecommunications,"Abstract Recent literature argues that trade unions in restructuring service industries have responded to the challenges of the post‐industrial era by accepting different forms of labour market dualization. This article examines two case studies from Italy and Greece, in which unions adopted divergent responses to intensified market pressures unleashed by the liberalization of national telecommunications markets. In the Italian case, collective bargaining was successfully centralized, resulting in the inclusion of traditional labour market ‘outsiders’. In contrast, bargaining centralization failed in Greek telecommunications, leading to intensified dualization. These different paths of institutional change are explained as resulting from differences in ideological cleavages among unions and distinct legacies in employers’ associations.",https://doi.org/10.1111/bjir.12136,1.9334733
ej,2011,The Effects of Home Computers on Educational Outcomes: Evidence from a Field Experiment with Community College Students,"There is no clear theoretical prediction regarding whether home computers are an important input in the educational production function. To investigate the hypothesis, we conduct a field experiment involving the random provision of free computers to low‐income community college students for home use. Although estimates for a few measures are imprecise and cannot rule out zero effects, we find some evidence that the treatment group achieved better educational outcomes than the control group. The estimated effects, however, are not large and are smaller than non‐experimental estimates. There is also some evidence that benefits from home computers increase with distance to campus.",https://doi.org/10.1111/j.1468-0297.2011.02484.x,1.9281543
le,2011,Promoting employment of disabled women in Spain; Evaluating a policy,NA,https://doi.org/10.1016/j.labeco.2011.08.003,1.9267892
bjir,2017,How Can New Players Establish Themselves in Highly Institutionalized Labour Markets? A Belgian Case Study in the Area of Project‐Based Work,"Abstract How can new players seeking to serve nonstandard worker categories (such as project‐based workers) establish themselves into labour markets that are highly institutionalized? This paper explores the case of SMart, a Belgian community‐based labour market intermediary that successfully developed solutions to better represent the interests of project‐based workers and secure their discontinuous careers. Using an organizational legitimacy approach, we find that labour market entry and growth involve different types of boundary‐crossing when addressing the needs of workers that do not fit into established categories. However, to justify boundary‐crossing, the new player must complement its pragmatic work on delivering new services and tools with conceptual (cognitive) and structural (moral) legitimation work.",https://doi.org/10.1111/bjir.12281,1.9245149
ej,2012,Benefit Generosity and the Income Effect on Labour Supply: Quasi‐Experimental Evidence,"Journal Article Benefit Generosity and the Income Effect on Labour Supply: Quasi‐Experimental Evidence Get access Alexander M. Danzer Alexander M. Danzer Ludwig‐Maximilians‐University MunichIOS Regensburg IZA BonnCESifo MunichGermany Search for other works by this author on: Oxford Academic Google Scholar The Economic Journal, Volume 123, Issue 571, 1 September 2013, Pages 1059–1084, https://doi.org/10.1111/ecoj.12006 Published: 07 January 2013 Article history Received: 12 July 2011 Accepted: 27 August 2012 Published: 07 January 2013",https://doi.org/10.1111/ecoj.12006,1.9164568
icc,2015,Whom do new firms hire?,"Using the matched employer-employee data set for Denmark and information on the founders of new firms, we analyze the hiring choices of all new firms that entered from 2003 to 2010. We develop a theoretical model in which the quality of a firm’s employees determines its average cost, a firm’s productivity is based on its pre-entry experience and persistent shocks, and over time firms learn about their productivity. The model predicts that more productive firms are larger and hire more talented employees, which gives rise to various predictions about how pre-entry experience, firm growth rates, and firm size influence the wages firms pay to their early hires. We find that beginning with the time of entry, larger firms consistently pay higher wages to their new hires. These are firms with greater survival prospects at the time of entry based on the pre-entry backgrounds of their founders and that grow at greater rates over time, both of which are predictive of the wages paid to new hires from the time of entry onward. Our findings suggest workers are allocated to firms according to their abilities, which can give rise to enduring firm capabilities.",https://doi.org/10.1093/icc/dtv026,1.9137043
restat,2018,Workers beneath the Floodgates: Low-Wage Import Competition and Workers’ Adjustment,"Abstract Using employee-employer matched data, I analyze the impact of a low-wage trade shock on manufacturing workers in a high-wage country, Denmark, and how they adjust to the shock over a decade. I derive causal effects by exploiting the dismantling of the Multifiber Arrangement quotas on products from China upon its WTO accession as a quasi-natural experiment and use within-industry, within-occupation heterogeneity in workers’ exposure to this shock. I find significant negative long-run effects on earnings and employment trajectories and identify job instability in the service sector as a main adjustment friction, concentrated among workers with manufacturing-specific education and occupation. The results establish the importance of specific human capital in trade adjustment and provide evidence of skill upgrading as workers rebuild lost human capital through education.",https://doi.org/10.1162/rest_a_00727,1.9094832
ecta,2015,A Test of Exogeneity Without Instrumental Variables in Models With Bunching,"This paper presents a test of the exogeneity of a single explanatory variable in a multivariate model. It does not require the exogeneity of the other regressors or the existence of instrumental variables. The fundamental maintained assumption is that the model must be continuous in the explanatory variable of interest. This test has power when unobservable confounders are discontinuous with respect to the explanatory variable of interest, and it is particularly suitable for applications in which that variable has bunching points. An application of the test to the problem of estimating the effects of maternal smoking in birth weight shows evidence of remaining endogeneity, even after controlling for the most complete covariate specification in the literature.",https://doi.org/10.3982/ecta11231,1.9090377
jep,2015,Adolescence and the Path to Maturity in Global Retail,"We argue that, over the past several decades, the adoption and diffusion of “modern retailing technology” represents a substantial advance in productivity, providing greater product variety, enhanced convenience, and lower prices. We first describe modern retailing, highlighting the role of modern formats, scale (often transcending national boundaries), and increased coordination with upstream and downstream partners in production and distribution. In developed markets, the transition to modern retailing is nearly complete. In contrast, many low-income and emerging markets continue to rely on traditional retail formats, that is, a collection of independent stores and open air markets supplied by small-scale wholesalers, although modern retail has begun to spread to these markets as well. E-commerce is a notable exception: the penetration of e-commerce in China and several developing nations in Asia has already surpassed that of high-income countries for some types of consumer goods. To understand the forces governing the adoption of modern technology and the unique role of e-commerce, we propose a framework that emphasizes the importance of scale and coordination in facilitating the transition from traditional to modern retailing. We conclude with some conjectures regarding the likely impact of increased retail modernization for the developing world.",https://doi.org/10.1257/jep.29.4.113,1.9082025
jlr,2018,Incarceration and Earnings: Distributional and Long-Term Effects,NA,https://doi.org/10.1007/s12122-018-9280-0,1.9059554
ir,2014,"Fluidity in Sexual Identity, Unmeasured Heterogeneity, and the Earnings Effects of Sexual Orientation","Using data drawn from the National Longitudinal Study of Adolescent Health, this study (1) examines the sensitivity of the estimated earnings penalty of sexual minority status to family‐level unobserved heterogeneity, and (2) explores whether the earnings effects of sexual orientation differ by the degree of fluidity in individuals' self‐reported sexual identity over time. Evidence from sibling pairs suggests that unobserved family heterogeneity is not an important source of bias in the estimated relationship between sexual orientation and young adult earnings. I find that gay males and bisexuals earn lower wages than their heterosexual counterparts, while lesbians earn wages that are not significantly different from heterosexual females. Finally, I examine the role of fluidity in sexual orientation over time and find that males who are longer‐term gay identifiers earn wages that are 26.4 percent lower than their consistently heterosexual‐identifying counterparts.",https://doi.org/10.1111/irel.12076,1.9053746
izajl,2018,Does education raise productivity and wages equally? The moderating role of age and gender,"Abstract We estimate the impact of education on productivity, wage costs and productivity-wage gaps (i.e. profits) using Belgian linked panel data. Findings highlight that educational credentials have a stronger impact on productivity than on wage costs. Firms’ profitability is found to rise when lower educated workers are substituted by higher educated ones. This effect is found to be more pronounced among younger workers and women. Findings thus suggest that the productivity to wage cost ratio of low-educated workers is detrimental to their employability, especially when young or female. They also support the existence of a glass ceiling on women’s career development.",https://doi.org/10.1186/s40172-017-0061-4,1.9043095
jlr,2011,Entry and Exit Strategies in Migration Dynamics,NA,https://doi.org/10.1007/s12122-011-9117-6,1.8871436
jpe,2017,Positive Spillovers and Free Riding in Advertising of Prescription Pharmaceuticals: The Case of Antidepressants,"Exploiting the discontinuity in advertising along the borders of television markets, I estimate that television advertising of prescription antidepressants exhibits significant positive spillovers on rivals' demand. I apply this identification in a demand model, where estimated parameters indicate significant and persistent spillovers driven by market expansion. Using the demand estimates to calibrate a stylized supply model, I explore the consequences of the positive spillovers on firm advertising choice. Compared with a competitive benchmark in which firms optimally free ride, simulations suggest that a category-wide advertising cooperative would produce a significant increase in total advertising.",https://doi.org/10.1086/695475,1.8862194
jhe,2012,Price elasticity of expenditure across health care services,NA,https://doi.org/10.1016/j.jhealeco.2012.07.002,1.8833873
eer,2011,How former business owners fare in the labor market? Job assignment and earnings,NA,https://doi.org/10.1016/j.euroecorev.2011.08.004,1.8788795
bjir,2011,Rent‐Sharing under Different Bargaining Regimes: Evidence from Linked Employer–Employee Data,"Abstract Using Belgian linked employer–employee data, we examine how collective bargaining arrangements affect the relationship between firms' profitability and individual wages via rent‐sharing. In industries where agreements are usually renegotiated at firm‐level (‘decentralized industries’) wages and firm‐level profits are positively correlated regardless of the type of collective wage agreement by which the workers are covered (industry or firm). On the other hand, where firm‐level wage renegotiation is less common (‘centralized industries’), wages are only significantly related to firms' profitability for workers covered by a firm‐level collective agreement. Thus, industry‐wide contracts that are not complemented by a firm‐level collective agreement suppress the impact of firm profits on workers' wages in centralized industries.",https://doi.org/10.1111/j.1467-8543.2011.00877.x,1.875535
jhe,2018,The relationship between cigarettes and electronic cigarettes: Evidence from household panel data,NA,https://doi.org/10.1016/j.jhealeco.2018.08.001,1.8746736
sej,2013,A Primer for New Teachers of Economics,"In many economics programs, both graduate students and new assistant professors are thrown into the classroom without guidance, with the potential for negative ramifications that can last throughout their careers as teachers. This article is a primer in which we offer unique insights into useful methods and practices for new teachers in the economics profession. We discuss organizational and logistical issues that new teachers must consider and then offer our advice on specific pedagogical tools and techniques. Following the growing literature on the benefits of student‐centered and interactive instruction, we focus on ways instructors can move away from the traditional “chalk and talk” approach. We organize and present these alternative pedagogies in terms of their level of complexity and time required. We conclude with suggestions and resources for the continued growth and development of new teachers in economics.",https://doi.org/10.4284/0038-4038-2013.054,1.8720877
jlr,2017,Reservation Wages and the Unemployment of Older Workers,NA,https://doi.org/10.1007/s12122-017-9247-6,1.8583626
labour,2012,Weather‐related Employment Subsidies as a Remedy for Seasonal Unemployment? Evidence from Germany,"Abstract Many European countries try to reduce seasonal unemployment by subsidizing short‐time employment during the winter period. Despite such costly efforts, pronounced seasonal unemployment patterns continue to exist. This puts doubts on the effectiveness of such policy interventions. This paper provides a first empirical assessment of the effectiveness of different subsidy schemes by exploiting the institutional variation in a German subsidy scheme that applies to the construction sector and the variation in local weather and business cycle conditions across 20 years. The findings confirm that generous short‐time subsidies reduce individual lay‐off probabilities in the case of poor weather conditions. However, the link between weather conditions and seasonal lay‐offs is much less strong than expected, making planned capacity reductions the main suspect for causing seasonality in unemployment patterns.",https://doi.org/10.1111/j.1467-9914.2012.00547.x,1.8579713
aeja,2012,What Makes Firm-based Vocational Training Schemes Successful? The Role of Commitment,"This paper studies a possible market failure in the firm-based vocational training market: training may be too complex to be specified in a contract so that it is legally enforceable, resulting in the inability of firms to commit to training provision. We present a model of firm provided training and show that training is substantially lower in the no commitment than in the commitment case. Thus, firm-based vocational training schemes are more successful in countries where commitment to training provision is more widespread. (JEL J24, L25, M12, M53)",https://doi.org/10.1257/app.4.2.36,1.8569219
sej,2016,The Impact of SNAP Vehicle Asset Limits on Household Asset Allocation,"Beginning in 2001, states were given the authority to formulate their own rules on how vehicles are counted toward the asset limit in the Supplemental Nutritional Assistance Program. We exploit differences in timing of the state vehicle asset policy changes to identify their effect on vehicle assets and debts, car ownership, liquid assets holdings, as well as non-housing wealth. We estimate difference-in-differences and household fixed effects specifications and find that liberalizing vehicle asset rules increases vehicle assets of households with a high ex ante probability of program participation. Households also take on more debt to finance their vehicles. The increase in car value can be attributed primarily to less educated single parents who already owned a car before the policy change buying more expensive cars.",https://doi.org/10.1002/soej.12135,1.8520383
ecta,2014,How Responsive Is Investment in Schooling to Changes in Redistributive Policies and in Returns?,"This paper uses an unusual pay reform to test the responsiveness of investment in schooling to changes in redistribution schemes that increase the rate of return to education. We exploit an episode where different Israeli kibbutzim shifted from equal sharing to productivity-based wages in different years and find that students in kibbutzim that reformed earlier invested more in high school education and, in the long run, also in post-secondary schooling. We further show that the effect is mainly driven by students in kibbutzim that reformed to a larger degree. Our findings support the prediction that education is highly responsive to changes in the redistribution policy.",https://doi.org/10.3982/ecta10763,1.8430406
ei,2010,WHO BENEFITS FROM CHILD BENEFIT?,"Governments, over much of the developed world, make significant financial transfers to parents with dependent children. For example, in the United States the recently introduced Child Tax Credit (CTC), which goes to almost all children, costs almost $1 billion each week, or about 0.4% of GNP. The United Kingdom has even more generous transfers and spends an average of about $30 a week on each of about 8 million children—about 1% of GNP. The typical rationale given for these transfers is that they are good for our children and here we investigate the effect of such transfers on household spending patterns. In the United Kingdom such transfers, known as Child Benefit (CB), have been simple lump sum universal payments for a continuous period of more than 20 years. We do indeed find that CB is spent differently from other income—paradoxically, it appears to be spent disproportionately on adult‐assignable goods. In fact, we estimate that as much as half of a marginal dollar of CB is spent on alcohol. We resolve this puzzle by showing that the effect is confined to unanticipated variation in CB so we infer that parents are sufficiently altruistic toward their children that they completely insure them against shocks. ( JEL I38, D79, D12)",https://doi.org/10.1111/j.1465-7295.2010.00348.x,1.8403268
economica,2013,Foreign Trade and Investment: Firm‐level Perspectives,"This Economica Coase Lecture reviews research that has revolutionized the field of international trade and foreign direct investment. It explains the motivation behind the development of new analytical frameworks, the nature of these frameworks, and the empirical studies that sprouted from them.",https://doi.org/10.1111/ecca.12064,1.8398885
ilr,2013,"Monopsony Power, Pay Structure, and Training","Although interest in monopsonistic influences on labor market outcomes has revived in recent years, only a few empirical studies provide direct evidence on this topic. In this article, the authors analyze the effect of monopsony power on pay structure, using a direct measure of labor market thinness. The authors find evidence of monopsony power, as firms facing fewer local competitors offer lower wages to skilled labor and trainees, but not to unskilled labor. The findings have important implications for the economic theory of training, as most recent models assume monopsonistic pay-setting for skilled labor, but not for trainees.",https://doi.org/10.1177/001979391306600504,1.8322815
restat,2018,From the Fringe to the Fore: Labor Unions and Employee Compensation,"Conventional wisdom suggests that labor unions raise worker wages, while the newer empirical literature finds only negligible earnings effects. I reconcile this apparent contradiction by arguing that collective bargaining targets fringe benefits. Using U.S. firm-level data from the Bureau of Economic Analysis (BEA) Multinational Enterprise Survey and Compustat, I exploit a regression discontinuity in majority rule union elections to compare changes in employee compensation at firms whose establishment barely won a union election against those that barely lost an election. Following unionization, average employee compensation and employer pension contributions increase, which raises the labor share of compensation.",https://doi.org/10.1162/rest_a_00803,1.8314838
jlr,2011,Firm Ownership and Rent Sharing,NA,https://doi.org/10.1007/s12122-011-9109-6,1.8286905
jlr,2012,Responsibility-Alleviation and Other-Regarding Preferences with Peer Workers in Labor Markets: An Experimental Investigation,NA,https://doi.org/10.1007/s12122-012-9138-9,1.8285129
ir,2010,"Cars, Employment, and Single Mothers: The Effect of Welfare Asset Restrictions","This article measures the effect of asset rules for welfare eligibility on car ownership among single mothers without a college education, and investigates whether these changes lead to changes in employment. We combine micro‐level data with data on state welfare asset rules and find that the probability of owning a car is greater in states with higher overall asset limits, states that value vehicles on an equity basis, and states with exemptions for multiple vehicles.",https://doi.org/10.1111/j.1468-232x.2010.00603.x,1.8283626
labour,2010,Is Part-time Employment Here to Stay? Working Hours of Dutch Women over Successive Generations,The Netherlands combines a high female employment rate with a high part-time employment rate. This is likely to be the result of (societal) preferences as the removal of institutional barriers has not led to higher working hours. We investigate the development of working hours over successive generations of women using the Dutch Labour Force Survey 1992–2005. We find evidence of a strictly increasing propensity to work part-time and a decreasing propensity to work full-time for the generations born after the early 1950s. Our results are in line with results of studies on social norms and attitudes. It seems likely that without changes in (societal) preferences part-time employment is indeed here to stay.,https://doi.org/10.1111/j.1467-9914.2010.00470.x,1.828263
ir,2016,Is the Erosion Thesis Overblown? Alignment from Without in Germany,"It is sometimes alleged that collective bargaining coverage in Germany is understated because uncovered firms “orient” themselves toward sectoral agreements. In fact, although orientation has grown as sectoral bargaining has declined, their joint frequency has fallen. Further, where orientation occurs at firms that leave a sectoral agreement, it provides only partial compensation. The small deficits involved, in conjunction with some indirect evidence on joiners, suggest some modest attenuation of the undoubted decline in collective bargaining.",https://doi.org/10.1111/irel.12144,1.825342
ilr,2018,Legal but Deportable: Institutionalized Deportability and the Limits of Collective Bargaining among Participants in Canada’s Seasonal Agricultural Workers Program,"This article explores how model temporary migrant worker programs (TMWPs) that permit seasonal return can institutionalize deportability or the possibility of removal among participants with legal status. It draws on the cases of two groups of workers who participated in the British Columbia–Mexico Seasonal Agricultural Workers Program (SAWP) and who managed to unionize and secure collective agreements (CAs). The author argues that the design and operation of SAWP constrains workers’ capacity to see out fixed-term contracts and to realize the promise of seasonal return. These inherent constraints lead to a form of institutionalized deportability, even among participants covered by CAs crafted to mitigate the possibility of unjust termination and premature repatriation and to address workers’ precarious transnational situation. Focusing on how deportability operates, the article analyzes immigration and labor laws and policies, CAs, key informant interviews, and testimony before British Columbia’s labor relations tribunal along with the decisions of that tribunal.",https://doi.org/10.1177/0019793918756055,1.8224145
bjir,2012,"Where Do Unions Add Value? Predominant Organizing Principle, Union Strength and Manufacturing Productivity Growth in the OECD","Abstract This article deploys comparative historical data on 14 OECD countries to examine the significance of predominant union structure for the impact of union strength on the (medium‐term) growth in hourly labour productivity in manufacturing. The analysis shows that where craft and general unionism predominates, union strength has a deleterious impact on productivity growth. Where enterprise unionism predominates, union strength is irrelevant. However, where industrial unionism predominates, union strength promotes productivity growth. These effects exist independently of established economic influences on aggregate productivity growth. The findings are interpreted as displaying the importance of the character of the governance that unions provide for their productivity impact.",https://doi.org/10.1111/j.1467-8543.2011.00888.x,1.8209285
le,2011,Accounting for labor demand effects in structural labor supply models,NA,https://doi.org/10.1016/j.labeco.2011.09.007,1.8079804
ir,2018,Governors' Party Affiliation and Unions,"Employing a regression discontinuity (RD) approach on gubernatorial elections in the United States over the last three decades, this paper investigates the causal effects of governors' party affiliation (Democrat versus Republican) on unionization of workers, and unionized workers' working hours and earnings. Surprisingly, we find no significant impact from the party affiliation of governors on union membership and union workers' labor‐market outcomes.",https://doi.org/10.1111/irel.12206,1.8054978
ej,2015,Adjusting Your Dreams? High School Plans and Dropout Behaviour,"At the end of middle school, many low‐achieving students realise that they do not have the ability to get into selective high school programmes, which may be a source of disengagement and eventually lead them to drop out of high school. Based on a randomised controlled trial, this article shows that a series of meetings facilitated by the school principals can help low‐achievers to formulate educational objectives better suited to their academic aptitudes. By changing the high school plans of the less realistic students, the intervention reduces grade repetition and dropout by 25% to 40%.",https://doi.org/10.1111/ecoj.12317,1.8006057
ilr,2012,The Effect of Protection of Temporary Workers on Employment Levels: Evidence from the 2007 Reform of South Korea,"The authors investigate the effects of recent South Korean labor reform, which was designed to protect temporary workers, on the level of temporary, permanent, and overall employment in that country. Because the effects of employment protection legislation (EPL) on employment levels remain theoretically ambiguous, they must be determined by empirical analysis. The impacts of the reform on both temporary and overall employment are negative at first and fade away in two years after the reform, hence taking a U-shape in the post-reform period. The impact of the reform on permanent employment is, however, positive two years after the reform. At least in the short run, an increase in protection for workers comes at a cost of reduced levels of employment.",https://doi.org/10.1177/001979391206500305,1.7795731
ilr,2015,Intra-firm Wage compression and Coverage of Training Costs,"The author uses German linked employer-employee data to estimate the impact of intra-firm wage dispersion on the probability that establishments pay for further training. About half of all establishments in the estimation sample cover all direct and indirect training costs, which contradicts the standard human capital approach with perfect labor markets. The main finding of cross-section, panel, and instrumental variable probit estimations is that establishments with larger intra-firm wage compression are more likely to cover all direct and indirect training costs, which is consistent with theoretical considerations of the “new training literature” about imperfect labor markets.",https://doi.org/10.1177/0019793915610307,1.7790692
sej,2010,Targeting Teaching: The Welfare Costs of Market Restrictions,"In most introductory and intermediate microeconomics textbooks, the measurable welfare effects of price controls, quantitative restrictions, and market restrictions more generally, are depicted as a Harberger triangle. This depiction understates these restrictions' inefficiency costs because it captures only the “top‐down” distortion caused by the wedge these restrictions drive between market‐wide quantity demanded and quantity supplied. It ignores the “bottom‐up” distortions caused by allocative inefficiencies on the constrained side of the market. In this article we describe a simple graphical exposition of these bottom‐up distortions. We argue that this graph can provide students with a picture of both the top‐down and bottom‐up inefficiencies. Moreover, it can be used for simple back‐of‐the‐envelope estimates of the magnitudes of the two inefficiencies.",https://doi.org/10.4284/sej.2010.77.1.213,1.7768693
jeea,2010,"GOVERNMENT SPENDING COMPOSITION, TECHNICAL CHANGE, AND WAGE INEQUALITY","In this paper we argue that government spending played a significant role in stimulating the wave of innovation that hit the U.S. economy in the late 1970s and in the 1980s, as well as the simultaneous increase in inequality and in education attainment.Since the late 1970's U.S. policy makers began targeting commercial innovations more directly and explicitly.We focus on the shift in the composition of public demand towards high-tech goods which, by increasing the market-size of innovative firms, functions as a de-facto innovation policy tool.We build a quality-ladders nonscale growth model with heterogeneous industries and endogenous supply of skills, and show that increases in the technological content of public spending stimulates R&D, raises the wage of skilled workers and, at the same time, stimulates human capital accumulation.A calibrated version of the model suggests that government policy explains between 12 and 15 percent of the observed increase in wage inequality in the period 1976-91.",https://doi.org/10.1111/j.1542-4774.2010.tb00557.x,1.7763913
le,2014,The impact of training vouchers on low-skilled workers,NA,https://doi.org/10.1016/j.labeco.2014.09.002,1.775788
le,2010,"Last in, first out?",NA,https://doi.org/10.1016/j.labeco.2010.02.007,1.7752935
ej,2014,What Can Wages and Employment Tell Us about the UK's Productivity Puzzle?,"As in many European countries, labour productivity in the UK has been stagnant since the start of the Great Recession. This article uses individual data on employment and wages to try to understand whether real wage flexibility can help shed light on the UK's productivity puzzle. It finds, perhaps unsurprisingly, that workforce composition cannot explain the reduction in wages and hence productivity that we observe, even compared to previous recessions; instead, real wages have fallen significantly within jobs this time round. Why? One possibility we investigate is that the labour supply in the UK is higher compared to previous recessions.",https://doi.org/10.1111/ecoj.12138,1.7723968
aer,2016,The Homogenization of Heterogeneous Inputs: Comment,"In a recent article in this Review (1981), James Buchanan and Robert Tollison used a truncated neoclassical model to deduce the allocational effects of forced equal-pay schemes, including equal pay for (a) workers of the same trade, (b) workers in the same firm or industry, (c) workers who perform the same work, and (d) the minimum wage. The model that Buchanan and Tollison used is one in which firms hire a single unit of each type of input, each may be hired in competitive markets where their prices differ, each has the same marginal physical product within the firm, and there is within limits among inputs of different types. They also assume only human inputs, since they are interested in equal-pay schemes. The purpose of this comment is to show that, depending on their meaning of substitution within limits, their model is either inconsistent or incorrectly specified. The key to understanding the BuchananTollison model appears to lie with identifying a production function that corresponds to substitution within limits. The early masters of marginal productivity theory recognized that two separate assumptions could be made about production coefficients. They could be assumed fixed or variable. The assumption of fixed coefficients meant that there could be no among inputs in a production process. The assumption of variable coefficients was used to illustrate cases in which a change in the relative prices of inputs would prompt entrepreneurs to alter their production methods in order to substitute inputs whose relative prices had fallen for those whose relative prices had risen. If one assumed variable coefficients, the equilibrium conditions and the various marginal equalities could be easily traced. If one assumed fixed coefficients, the marginal conditions could not be expressed. As a substitute for marginal productivity, however, Marshall and others introduced the concept of net productivity. This was not satisfactory to mathematical purists. Moreover, it left the door open to the possibility of haggling over a surplus; since product exhaustion would not occur even at the margin in the typical case. The assumption of fixed coefficients has sometimes been expressed in terms of lumpiness or indivisibility.' It seems clear that Buchanan and Tollison do not use the term within limits to mean variable coefficients. Suppose that, by chance, a firm that faced variable coefficients hired only one unit of each input of different types and that these inputs had identical marginal value products. Suppose further that the firm, industry, and economy were in general equilibrium. Now let there be a general reduction in the wages of one type of input, perhaps as a consequence of a preference by owners of that input for less leisure. The relative price of the input would fall. In neoclassical theory, the firm would attempt to substitute more of this input for other inputs and would alter its production methods to do so. In Buchanan-Tollison's model, however, this is impossible by assumption, since only one unit of each input is hired. One must conclude that within limits does not mean variable coefficients. Now consider whether they mean fixed production coefficients. Although this appears to be their meaning, it will be shown that it is inconsistent with their analytical framework. Consider their graphical representation of a firm, which provides the reference for their verbal discussion. The relevant parts are reproduced in Figure 1. Note that inputs of different types are arranged in order of ascending supply prices. An input of one",NA,1.7684269
obes,2012,The Causal Effect of Education on Wages Revisited*,"Abstract This study estimates the return to education in Britain using two instrumental variable (IV) estimators: one exploits variation in schooling associated with early smoking, the other uses the raising of the school leaving age; both affect a sizeable proportion of the sample. Early smoking is found to be a strong and valid IV and unlike previous IV strategies uses variations in education at numerous points across the distributions of (i) education, and (ii) ability. Thus whilst still a ‘local average treatment effect’ the estimate is closer to the average effect of additional education, akin to least squares but corrected for endogeneity.",https://doi.org/10.1111/j.1468-0084.2012.00708.x,1.7679244
ir,2010,The Impact of Wage Bargaining Regime on Firm‐Level Competitiveness and Wage Inequality: The Case of Ireland,"This paper uses a linked employer‐employee dataset to analyze the impact of institutional wage bargaining regimes on average labor costs and within‐firm wage dispersion in private sector companies in Ireland. The results show that while centralized bargaining reduced labor costs within both the indigenous and foreign‐owned sectors, the relative advantage was greater among foreign‐owned firms. The analysis suggests that there are potentially large competitiveness gains to multinational companies that locate in countries implementing a centralized bargaining system. Furthermore, the results provide additional support to the view that collective bargaining reduces within‐firm wage inequality.",https://doi.org/10.1111/j.1468-232x.2010.00618.x,1.7556559
restat,2016,Much Ado about Nothing? New Evidence on the Effects of Payday Lending on Military Members,"We evaluate the effect that payday loan access has on credit and labor market outcomes of individuals in the U.S. Army. Using the conditional random assignment of service members to different locations, we employ three identification strategies: cross-sectional variation in state policies, within-term variation in payday lending access, and a difference-in-difference analysis using the national Military Lending Act. We find few adverse effects of payday loan access on service members when using any of these methods, even when we examine dozens of subsamples that explore potential differential treatment effects.",https://doi.org/10.1162/rest_a_00647,1.7512157
restat,2010,Divisions within Academia: Evidence from Faculty Hiring and Placement,"I look for divisions to clusters among academic departments in three disciplines: economics, mathematics, and comparative literature. I define clusters as subsets of departments with unexpectedly little hiring across the cluster lines. The division within economics is by far the strongest, is consistent with anecdotal evidence about ""freshwater"" and ""saltwater"" schools of thought and has been stable over time. There is also a significant division within comparative literature, but the hiring patterns among top mathematics departments are consistent with random matching.",https://doi.org/10.1162/rest_a_00108,1.7497294
qje,2017,Organizational Barriers to Technology Adoption: Evidence from Soccer-Ball Producers in Pakistan*,"Abstract This article studies technology adoption in a cluster of soccer-ball producers in Sialkot, Pakistan. We invented a new cutting technology that reduces waste of the primary raw material and gave the technology to a random subset of producers. Despite the clear net benefits for nearly all firms, after 15 months take-up remained puzzlingly low. We hypothesize that an important reason for the lack of adoption is a misalignment of incentives within firms: the key employees (cutters and printers) are typically paid piece rates, with no incentive to reduce waste, and the new technology slows them down, at least initially. Fearing reductions in their effective wage, employees resist adoption in various ways, including by misinforming owners about the value of the technology. To investigate this hypothesis, we implemented a second experiment among the firms that originally received the technology: we offered one cutter and one printer per firm a lump-sum payment, approximately a month’s earnings, conditional on demonstrating competence in using the technology in the presence of the owner. This incentive payment, small from the point of view of the firm, had a significant positive effect on adoption. The results suggest that misalignment of incentives within firms is an important barrier to technology adoption in our setting.",https://doi.org/10.1093/qje/qjx010,1.7490019
ir,2012,Climbing the Job Ladder: New Evidence of Gender Inequity,"An explanation for the gender wage gap is that women are less able or less willing to “climb the job ladder.” However, the empirical evidence on gender differences in job mobility has been mixed. Focusing on a subsample of younger, university‐educated workers from an Australian longitudinal survey, we find strong evidence that the dynamics of promotions and employer changes worsen women’s labor market position.",https://doi.org/10.1111/j.1468-232x.2011.00667.x,1.7489133
sej,2013,Emporiophobia (Fear of Markets): Cooperation or Competition?,"Widespread emporiophobia (fear of markets) has important policy implications, since it leads voters to demand anti‐market policies. There are many reasons for this anti‐market attitude; however, economists could reduce emporiophobia if we stressed cooperation rather than competition in writings and policy discussions. In a sample of introductory textbooks, competition is mentioned on average eight times as often as cooperation. The fundamental economic unit is the transaction, and transactions are cooperative. The benefit of a market economy—increased consumer surplus—comes from cooperation through transactions, not from competition. Competition in a market economy is competition for the right to cooperate. Competition is important because it guarantees that the best cooperators will win and because it establishes the efficient terms for cooperation, but cooperation is fundamental. For most people, competition has negative connotations since it focuses on losers, while cooperation implies a win–win situation. Other implications involve the morality of the market, “giving back,” and characteristics of market failures.",https://doi.org/10.4284/0038-4038-2013.287,1.7422001
el,2013,A case for maximum wage,NA,https://doi.org/10.1016/j.econlet.2013.05.004,1.7380897
cje,2012,Wage posting: evidence from job ads,"Abstract Recent studies of search theory examine how employers use a wage‐setting mechanism – either by bargaining or through the posting of a non‐negotiable wage offer in a job ad – to facilitate search. We contribute to this literature by examining wage posting in job ads in the US, the UK, and Slovenia. Despite considerable differences in the incidence of wage posting, employers in all three markets are less likely to post a wage offer when searching for skilled workers. The decision on whether or not to post a wage offer is only weakly related to the outcomes of employers’ search.",https://doi.org/10.1111/j.1540-5982.2012.01738.x,1.7330632
ej,2015,Identifying the Elasticity of Taxable Income,"Journal Article Identifying the Elasticity of Taxable Income Get access Sarah K. Burns, Sarah K. Burns Institute for Defense Analyses Search for other works by this author on: Oxford Academic Google Scholar James P. Ziliak James P. Ziliak University of Kentucky Search for other works by this author on: Oxford Academic Google Scholar The Economic Journal, Volume 127, Issue 600, 1 March 2017, Pages 297–329, https://doi.org/10.1111/ecoj.12299 Published: 26 March 2016 Article history Received: 02 December 2012 Accepted: 12 April 2015 Published: 26 March 2016",https://doi.org/10.1111/ecoj.12299,1.7266299
cje,2016,"Crime, apprehension and clearance rates: Panel data evidence from Canadian provinces","Abstract The Becker model of crime establishes the importance of the probability of apprehension as a key factor in a rational individual's decision to commit a crime. In this respect, most empirical studies based on US data have relied on variation in the number of police officers to estimate the impact of the probability of apprehension or capture. We measure the probability of apprehension by clearance rates and study their effects on crime rates, employing a panel of Canadian provinces from 1986 to 2005. OLS, GMM, GLS and IV estimates yield statistically significant elasticities of clearance rates, ranging from −0.2 to −0.4 for violent crimes and from −0.5 to −0.6 for property crimes. These findings reflect the importance of police force crime‐solving productivity.",https://doi.org/10.1111/caje.12204,1.7242771
oep,2011,Information and communication technologies and skill upgrading: the role of internal vs external labour markets,"Following the adoption of information and communication technologies (ICT), firms are likely to face increasing skill requirements. They may react either by training or hiring the new skills, or by a combination of both. We first show that ICT are indeed skill biased and we then assess the relative importance of external and internal labour market strategies. We show that skill upgrading following ICT adoption takes place mostly through internal labour markets adjustments. The introduction of ICT is associated with an upward shift in firms’ occupational structure, of which one third is due to hiring and firing workers from and to the external labour market, whereas two-thirds are due to promotions. Moreover, we find no compelling evidence of external labour market strategies based on excess turnover. In contrast, French firms heavily rely on training in order to upgrade the skill level of their workforce, even if this varies across industries.",https://doi.org/10.1093/oep/gpr045,1.7238113
jhe,2018,"Job loss, firm-level heterogeneity and mortality: Evidence from administrative data",NA,https://doi.org/10.1016/j.jhealeco.2018.03.005,1.7172906
el,2014,Estimating the returns to schooling using cohort-level maternal education as an instrument,NA,https://doi.org/10.1016/j.econlet.2014.11.001,1.7158916
jhr,2016,The Effect of Social Benefits on Youth Employment,"Olivier Bargain and Karina Doorley Olivier Bargain is a full professor at Aix-Marseille University (Aix-Marseille School of Economics), CNRS & EHESS, and affiliated to IZA. Karina Doorley is a senior researcher at LISER and affiliated to IZA.",https://doi.org/10.3368/jhr.52.4.1115-7510r,1.7156354
jpam,2011,Presidential address: Evaluating the questions that alternative policy success measures answer,NA,https://doi.org/10.1002/pam.20564,1.7138807
cje,2010,Understanding the wage patterns of Canadian less skilled workers: the role of implicit contracts,"Abstract We examine the wage patterns of Canadian less skilled male workers over the last quarter‐century by organizing workers into job entry cohorts. We find entry wages for successive cohorts declined until 1997 and then began to recover. Wage profiles steepened for cohorts entering after 1997, but not for cohorts entering in the 1980s – a period when start wages were relatively high. We argue that these patterns are consistent with a model of implicit contracts with recontracting in which a worker's current wage is determined by the best labour market conditions experienced during the current job spell.",https://doi.org/10.1111/j.1540-5982.2009.01576.x,1.7112437
le,2014,From micro data to causality: Forty years of empirical labor economics,NA,https://doi.org/10.1016/j.labeco.2014.06.009,1.7100573
el,2015,Centurial evidence of breaks in the persistence of unemployment,NA,https://doi.org/10.1016/j.econlet.2015.02.012,1.7100208
ir,2014,"Multiple Job Holding, Skill Diversification, and Mobility","In this article, we investigate the interrelated dynamics of dual jobholding, human capital, occupational choice, and mobility, using a panel sample (1991–2005) of UK employees from the British Household Panel Survey. The evidence suggests that individuals may be using multiple jobholding as a conduit for obtaining new skills and expertise and as a stepping‐stone to new careers, also involving self‐employment. Individuals doing a different secondary job than their primary occupation are more likely to switch to a new primary job in the next year, and a job that is different than their current primary employment. The results show that there are human capital spillover effects between primary and secondary employment.",https://doi.org/10.1111/irel.12055,1.7084342
cje,2015,The effect of universal child benefits on labour supply,"Abstract Using a difference‐in‐differences estimator, I find the Canadian Universal Child Care Benefit has significant negative income effects on the labour supply of married individuals. The likelihood of lower‐educated mothers to participate in the labour force is reduced 3.2 percentage points when receiving the benefit. Median hours worked per week among lower‐educated mothers is reduced by 1.9 hours. The effects on higher‐educated mothers are substantial, with median hours worked among higher‐educated mothers reduced by nearly one hour per week. For men, the evidence suggests small but significant income effects on labour supply, consistent with the literature on labour supply elasticities.",https://doi.org/10.1111/caje.12132,1.7037933
oep,2011,"Tax competition, trade liberalization, and imperfect labour markets","In this paper, we study the link between trade liberalization and imperfect labour markets for tax competition. We show that rigid labour markets increase the mobility of the tax base as compared to perfect labour markets translating into lower Nash tax rates. Lower trade barriers exhibit a similar effect. It turns out that the imperfect labour market and the trade liberalization channels are interdependent.",https://doi.org/10.1093/oep/gpq032,1.6967399
ee,2017,Impact of oil booms and busts on human capital investment in the USA,NA,https://doi.org/10.1007/s00181-016-1192-3,1.6948105
bjir,2011,Peak Union Campaigning: Fighting for Rights at Work in Australia,"Abstract Many peak unions are in crisis, their traditional reliance on economic or political exchange with employers and the state undermined through falling union membership and the collapse of national bargaining systems. New methods, chiefly as agents of mobilization, and new sources of power, including community organizations, are often advanced as solutions. In Australia, where trade unions faced a fundamental and immediate threat from a national government after an election in 2004, the ‘Your Rights at Work’ campaign signalled a shift in peak union strategy. Although this campaign unseated the government in 2007, its legacy is unclear: reviving the power of peak unions and conceptualizing the means to do so remain difficult.",https://doi.org/10.1111/j.1467-8543.2011.00878.x,1.6878289
le,2015,Can the Dutch meet their own retirement expenditure goals?,NA,https://doi.org/10.1016/j.labeco.2015.03.014,1.679165
jhe,2015,Employer-sponsored health insurance and the gender wage gap,NA,https://doi.org/10.1016/j.jhealeco.2015.09.008,1.6782292
jlr,2012,Sexual Orientation and Wage Discrimination in France: The Hidden Side of the Rainbow,NA,https://doi.org/10.1007/s12122-012-9145-x,1.6781665
ej,2017,A Cup Runneth Over: Fiscal Policy Spillovers from the 2009 Recovery Act,"This article studies the effects of interregional spillovers from the American Recovery and Reinvestment Act of 2009 (the Recovery Act). Using cross‐county commuting data, we cluster US counties into local labour markets, each of which we further partition into two subregions. We then compare differential labour market outcomes and Recovery Act spending at the regional and subregional levels. Among pairs of subregions, we find evidence of fiscal policy spillovers. According to our benchmark specification, $1 of Recovery Act spending in a subregion increases its own wage bill by $0.64 and increases the wage bill in its neighbouring subregion by $0.50 during the first two years following the Act's passage. The spillover effect occurs in the service sector, whereas the direct effect occurs in both the services and goods‐producing sector.",https://doi.org/10.1111/ecoj.12475,1.6748203
ee,2012,Understanding wage determination in a multi-level bargaining system: a panel data analysis,NA,https://doi.org/10.1007/s00181-012-0554-8,1.6741288
le,2015,Do interventions targeted at micro-entrepreneurs and small and medium-sized firms create jobs? A systematic review of the evidence for low and middle income countries,NA,https://doi.org/10.1016/j.labeco.2015.01.003,1.6735693
aejp,2014,A Test for the Rational Ignorance Hypothesis: Evidence from a Natural Experiment in Brazil,"This paper tests the rational ignorance hypothesis by Downs (1957). This theory predicts that people do not acquire costly information to educate their votes. We provide new estimates for the effect of voting participation by exploring the Brazilian dual voting system—voluntary and compulsory—whose exposure is determined by citizens' date of birth. Using a fuzzy RD approach and data from a self-collected survey, we find no impact of voting on individuals' political knowledge or information consumption. Our results corroborate Downs' predictions and refute the conjecture by Lijphart (1997) that compulsory voting stimulates civic education. (JEL D12, D72, D83, O12, O17)",https://doi.org/10.1257/pol.6.4.380,1.6689327
jeea,2017,Public Sector Wage Policy and Labor Market Equilibrium: A Structural Model,"Abstract We develop and estimate a structural model that incorporates a sizeable public sector in a labor market with search frictions. The wage distribution and the employment rate in the public sector are taken as exogenous policy parameters. Overall wage distribution and employment rate are determined within the model, taking into account the private sector’s endogenous response to public sector employment policies. Job turnover is sector specific and transitions between sectors depend on the worker’s decision to accept alternative employment in the same or different sector by comparing the value of employment in the current and prospective jobs. The model is estimated on British data by a method of moments. We use the model to simulate the impact of various counterfactual public sector wage and employment policies.",https://doi.org/10.1093/jeea/jvw026,1.6687264
aeja,2018,Economic Shocks and Crime: Evidence from the Brazilian Trade Liberalization,"This paper studies the effect of changes in economic conditions on crime. We exploit the 1990s trade liberalization in Brazil as a natural experiment generating exogenous shocks to local economies. We document that regions exposed to larger tariff reductions experienced a temporary increase in crime following liberalization. Next, we investigate through what channels the trade–induced economic shocks may have affected crime. We show that the shocks had significant effects on potential determinants of crime, such as labor market conditions, public goods provision, and income inequality. We propose a novel framework exploiting the distinct dynamic responses of these variables to obtain bounds on the effect of labor market conditions on crime. Our results indicate that this channel accounts for 75 to 93 percent of the effect of the trade–induced shocks on crime. (JEL D31, F13, F16, H41, K42, O17, O19)",https://doi.org/10.1257/app.20170080,1.6603241
labour,2011,Beauty and the Labor Market: Accounting for the Additional Effects of Personality and Grooming,"This paper examines the influence of three non-cognitive personal traits — beauty, personality, and grooming — on the labor market earnings of young adults. It extends the analyses of Hamermesh and Biddle [1994, American Economic Review 84(5): 1174–1194] and others who focus primarily on the effects of beauty on labor market earnings. We find that personality and grooming significantly affect wages, and their inclusion in a model of wage determination reduces somewhat the effects of beauty. We also find some evidence of employer discrimination based on these traits in the setting of wages.",https://doi.org/10.1111/j.1467-9914.2010.00511.x,1.6476015
ir,2015,The Fair Labor Standards Act: A Living Document,NA,https://doi.org/10.1111/irel.12103,1.6437126
jhr,2011,The Phantom Gender Difference in the College Wage Premium,"Abstract A growing literature seeks to explain why so many more women than men now attend college. A commonly cited stylized fact is that the college wage premium is, and has been, higher for women than for men. After identifying and correcting a bias in estimates of college wage premiums, I find that there has been essentially no gender difference in the college wage premium for at least a decade. A similar pattern appears in quantile wage regressions and for advanced degree wage premiums.",https://doi.org/10.3368/jhr.46.3.568,1.636942
jhr,2015,Heterogeneous Economic Returns to Post-Secondary Degrees: Evidence from Chile,"We analyze the economic returns to post-secondary degrees in Chile. We posit a schooling decision model with unobserved ability, degree-specific tuition costs, and earnings. We use administrative records to carry out our empirical analysis. Our results show positive average returns to post-secondary education, especially for five-year degrees. However, we also uncover significant heterogeneity. We document how unobserved characteristics (ability) determine the economic benefits of first- and second-best choices, even leading to negative returns to post-secondary degrees. Our findings illustrate the importance of allowing for heterogeneous treatment effects and individuals' choices when examining the returns to education.",https://doi.org/10.3368/jhr.51.2.0213-5474r1,1.6366708
sej,2012,Real Interest Rate and Labor Market Performance around the World,"This article studies the effects of the real interest rate on labor market performance. Using a much larger sample of countries and more indicators of labor market performance than have been used in previous articles, it finds that a rise in the real interest rate increases the unemployment rate, raises the share of long‐term unemployed, and reduces the employment rate. The magnitude of these effects is very small in the short run but much more pronounced—though still fairly small—in the long run. Young people are disproportionately affected. The results are robust to variations in specification.",https://doi.org/10.4284/0038-4038-2011.156,1.6348511
ee,2012,Intertemporal labor supply and involuntary unemployment,NA,https://doi.org/10.1007/s00181-012-0563-7,1.6338518
ee,2011,Convergence in income inequality? evidence from panel unit root tests with structural breaks,NA,https://doi.org/10.1007/s00181-011-0482-z,1.628507
ir,2012,Immigration and Informal Labor,"We develop state‐level proxies for informal employment using differences between measures of self‐reported employment and officially sanctioned employment. In construction and landscaping, industries associated with under‐the‐table labor, we develop proxies for informal work based on productivity per officially sanctioned worker. We relate each set of proxies for informal employment to changes in immigrant population and composition. We find some evidence that immigration is associated with informal employment generally and in the construction industry when prevailing wages are low. States with high concentrations of low‐skilled male immigrants have higher levels of informal employment in the landscaping industry.",https://doi.org/10.1111/j.1468-232x.2012.00707.x,1.6260623
bjir,2013,"The <scp>G</scp>reek Public Sector Wage Premium before the Crisis: Size, Selection and Relative Valuation of Characteristics","Abstract We examine the G reek public–private wage differential before the debt crisis to evaluate the prospective impact of the recent public sector pay cuts. We find a large public premium which persists after controlling for individual and job characteristics. For men, much of this is accounted for by self‐selection into the sector that rewards better their characteristics, while for women it is largely driven by sectoral differences in returns. We attribute these effects to more egalitarian pay structures in the public sector and to demand problems in the private sector. The recent policy measures only partially change this situation, as wage deflation extends to the private sector, preserving public premia for the low paid.",https://doi.org/10.1111/bjir.12023,1.6238617
jpam,2018,The Impact of the Earned Income Tax Credit on Household Finances,"Abstract Using a simulated instrument strategy, we analyze how expansions to the federal and state Earned Income Tax Credits (EITC) affected household finances over the past two decades. Using data from the Survey of Income and Program Participation wealth topical modules, we also test whether responses differ over time, as well as whether there are different responses to the federal and state expansions, and how responses vary by educational attainment. A $1,000 policy‐induced increase in the average household EITC leads to a 3 percentage point increase in the likelihood of holding money in a savings or checking account, and approximately $700 more held in savings balances. These results are coupled with large increases in pre‐tax family earnings. We also find some evidence of decreases in unsecured debt holdings. We interpret these results as further evidence that the EITC increases the financial stability of low‐income single mothers.",https://doi.org/10.1002/pam.22062,1.6235673
le,2011,Towards a theory of the labor market with a public sector,NA,https://doi.org/10.1016/j.labeco.2011.07.006,1.6226048
labour,2010,Stuck between Surplus and Shortage: Demand for Skills in Russian Industry,"Abstract In order to remain competitive, firms need to keep the quantity and composition of jobs close to optimal for their given output. Since the beginning of the transition period, Russian industrial firms have been widely reporting that the quantity and composition of hired labour is far from being close to optimal. This paper discusses what kinds of firms in the Russian manufacturing sector are unable to optimize their employment and why. The main conclusion is that the key issue is an excess of non‐viable firms and a shortage of highly efficient firms because of weak selection mechanisms. The major solution is seen in creating institutional conditions that stimulate a more efficient reallocation of labour. The analysis presented in this paper is based on data from a large‐scale survey of Russian manufacturing firms.",https://doi.org/10.1111/j.1467-9914.2010.00483.x,1.617046
le,2015,How long and how much? Learning about the design of wage subsidies from policy changes and discontinuities,NA,https://doi.org/10.1016/j.labeco.2015.03.009,1.6169069
jpe,2018,Equilibrium Search with Multiple Attributes and the Impact of Equal Opportunities for Women,"This paper considers equilibrium two-sided search with ex ante heterogeneous agents, vectors of attributes, and idiosyncratic match draws. The analysis applies to a large class of models, from the nontransferable utility case to the collective household model with bargaining, for which transferable utility is a special case. The approach is powerful for it identifies a simple algorithm that, in our numerical application, is found to rapidly converge to equilibrium. Our application explores the impact of equal opportunities for women in the labor market on female match incentives and the timing of marriage.",https://doi.org/10.1086/700731,1.614579
jhr,2013,Long-Term and Spillover Effects of Health Shocks on Employment and Income,"Abstract We use matching combined with difference-in-differences to identify the causal effects of sudden illness, represented by acute hospitalizations, on employment and income up to six years after the health shock using linked Dutch hospital and tax register data. An acute hospital admission lowers the employment probability by seven percentage points and results in a 5 percent loss of personal income two years after the shock. There is no subsequent recovery in either employment or income. There are large spillover effects: Household income falls by 50 percent more than the income of the disabled person.",https://doi.org/10.3368/jhr.48.4.873,1.6131037
izajl,2016,Local labor markets and taste-based discrimination,"Abstract This article appeals to heterogeneity in workers’ non-wage preferences to model taste-based discrimination. Firms hire both types of workers and pay lower wages to minority workers, whatever their taste for discrimination. A single prejudiced firm in the market produces a substantial wage gap in all firms. Consequently, discrimination allows unprejudiced firms to make non-zero profits, so that they have little incentive to drive out prejudiced firms. As the market does not eliminate discrimination, state intervention is required. Indirect policies do not affect the absolute wage gap between the two groups, but may be more likely to be used than direct policies.",https://doi.org/10.1186/s40172-016-0045-9,1.6103592
ee,2018,On the wage–productivity causal relationship,NA,https://doi.org/10.1007/s00181-018-1428-5,1.6099168
oep,2016,The dynamic role of specific experience in the selection of self-employment versus wage-employment,"What drives an individual to choose self-employment over a more traditional wage-earning job, or vice-versa? Expected earnings, income variability and other non-monetary aspects such as independence and job satisfaction are possible answers. This type of decision-making may be inherently dynamic as choices affect the accumulation of specific experience and, thus, the evolution of a worker's skills and compensation. This paper models an individual's decision over employment type by estimating a dynamic, stochastic, discrete choice, optimization problem using panel data from Chile. We simulate choices of employment type in the hypothetical scenario of a proposed mandatory universal unemployment insurance structure under different categories of education and experience. We find a slight increase in the number of workers selecting self-employment due to the reform. Consistent with theories of accumulation of specific experience and specialization, we observe stronger movements the lower (higher) the amount of experience workers have in the departing (destination) sectors.",https://doi.org/10.1093/oep/gpw047,1.609907
ilr,2014,Market Transition and the Deinstitutionalization of Standard Work Hours in Post-Socialist China,"The authors investigate the relationship between market transition and work hours in urban China. Regression analysis of data from the 2006 Chinese General Social Survey reveals a negative relationship between economic marketization, measured at the province level, and the likelihood that an employee works standard hours. Standard hours are less common among those working for smaller employers, which are less subject to outside scrutiny. This relationship between employer size and standard hours is stronger in more marketized regions. These findings support the authors’ argument that standard work hours are deinstitutionalized as employers strive for low cost and flexibility in China’s increasingly marketized but poorly regulated economy. Comparisons of the Chinese experience with recent trends in the United States reveal remarkable similarities in the weakening of social employment contracts precipitated by the ascendency of markets and the systematic disempowering of labor.",https://doi.org/10.1177/0019793914537454,1.6083484
bjir,2010,When Labour Makes a Difference: Union Mobilization and the 2007 Federal Election in Australia,"Abstract In advanced democracies, unions influence industrial relations through collective action and law. They also maintain influence in politics through their alliances with labour parties. But the weakness of some labour movements, most apparent in falling membership, raises questions about their capacity to shape future industrial relations policy, reach voters and maintain their party alliances. Drawing on literature in industrial relations and political sociology, this article provides a framework for understanding how the Australian union movement successfully campaigned against the conservative Howard government's labour laws called WorkChoices. We characterize the union movement's campaign — Your Rights at Work — as a form of political organizing that responded to both shifting state strategy and the limits of traditional defences constituted by industrial action, legal protection and reliance on the Labor Party. Political mobilizations produce different kinds of impacts. Given that the campaign relied on a sophisticated electoral strategy, we analyse Australian Election Study (AES) 2007 data to assess its impact on voters and on activism. We find that the campaign increased the salience of industrial relations to voters, that union activism jumped in the lead‐up to the election, and that unionized voters voted against the government in record numbers. While this article primarily assesses electoral impact, we offer brief perspective on the movement's impact on policy and politics in the conclusion.",https://doi.org/10.1111/j.1467-8543.2010.00788.x,1.5924766
ilr,2015,High-Performance Work Practices and Core Employee Wages,"Past research has provided mixed evidence on the relationship between High-Performance Work Practices (HPWPs) and wages. Drawing from more than 1,800 interviews with the HR managers in a stratified sample of Italian manufacturing plants collected in 2008, the authors argue that the results are inconclusive unless the configurations of the HPWPs and the mechanisms underpinning employee involvement are taken into account. Their results show that HPWPs are associated with higher wages for core employees only when they align with an ideal type, and they result in higher wage equality only when they emphasize training, competence enhancement, and power delegation.",https://doi.org/10.1177/0019793914564967,1.5879745
ilr,2014,Sexual Orientation and Wages in Young Adulthood: New Evidence from Add Health,"Using data from a rich new data source, the National Longitudinal Study of Adolescent Health, the author examines the sensitivity of the estimated earnings penalty faced by sexual minorities to 1) the use of multiple measures of sexual orientation, including both identity/attraction and behaviorally based definitions, and 2) controls for family and individual heterogeneity. Baseline regression results show that gay males and bisexuals earn less than their heterosexual counterparts, a result that persists after controlling for family-level observables. However, after controlling for personality and isolating self-identified sexual minorities who are most likely to be observed as such by employers, the estimated wage penalty for bisexuals falls sharply in absolute magnitude while the wage penalty for gay males persists. Preferred specifications show that relative to heterosexual males, gay males earn wages that are 13.1% lower, a result that is consistent with labor market discrimination. Neither lesbians nor bisexual females earn significantly less than their heterosexual counterparts.",https://doi.org/10.1177/001979391406700109,1.5840682
jhe,2017,Do health insurers innovate? Evidence from the anatomy of physician payments,NA,https://doi.org/10.1016/j.jhealeco.2017.07.001,1.5746416
jlr,2010,Wage Mobility in Israel: The Effect of Sectoral Concentration,NA,https://doi.org/10.1007/s12122-010-9087-0,1.5745704
bjir,2013,Facilitators and Inhibitors of Collective Action: A Case Study of a <scp>US</scp>‐Owned Manufacturing Plant,"Abstract This article develops a theoretical model of collective action at work using the key concepts of mobilization triggers, facilitating factors, and inhibiting factors. It then illustrates the value of this model for understanding why a low‐pay, low‐skill, blue‐collar manufacturing facility remained non‐union, drawing primarily on the accounts of a limited sample of redundant workers. These accounts are used to demonstrate the importance of social contexts where inhibiting conditions dominate and where management practices succeed in gaining worker consent and forestalling a collective response from workers.",https://doi.org/10.1111/j.1467-8543.2013.00882.x,1.5736605
jhr,2013,Gender Wage Gaps Reconsidered: A Structural Approach Using Matched Employer-Employee Data,"In this paper, we study the extent to which wage differentials between men and women can be explained by differences in productivity, disparities in friction patterns, segregation, and wage discrimination. For this purpose, we propose an equilibrium search model that features rent-splitting, on-the-job search, and two-sided heterogeneity in productivity. The model is estimated using German matched employer-employee data. Overall, the results reveal that female workers are less productive and more mobile than males. In addition, female workers have on average slightly lower bargaining power than their male counterparts.",https://doi.org/10.1353/jhr.2013.0027,1.5713217
labour,2010,Tax-Benefit-revealed Redistributive Preferences Over Time: Ireland 1987-2005,"Abstract By inverting Saez's model of optimal income taxation, we characterize the redistributive preferences of the Irish government between 1987 and 2005. The (marginal) social welfare function revealed by this approach is consistently comparable over time and shows great stability despite profound changes in market incomes and important fiscal reforms over the period. Results are robust to numerous checks regarding data, income concepts, and elasticities. A comparison with the UK shows marked differences reflecting the narrow political spectrum in Ireland compared with radical changes in British politics over the past 30 years. Some ‘anomalies’ in the revealed social welfare function suggest introducing transfers to the working poor.",https://doi.org/10.1111/j.1467-9914.2010.00506.x,1.5700688
le,2012,Certified and uncertified skills and productivity growth performance: Cross-country evidence at industry level,NA,https://doi.org/10.1016/j.labeco.2012.03.003,1.5680662
oep,2012,A fair wage model of unemployment with inertia in fairness perceptions,"Journal Article A fair wage model of unemployment with inertia in fairness perceptions Get access George Chouliarakis, George Chouliarakis * *Department of Economics and Centre for Growth and Business Cycle Research, School of Social Sciences, University of Manchester Search for other works by this author on: Oxford Academic Google Scholar Mónica Correa-López Mónica Correa-López † †Economic Research Department, BBVA Research, P/Castellana 81, 28046 Madrid, Spain; e-mail: monica.correa@bbva.com Search for other works by this author on: Oxford Academic Google Scholar Oxford Economic Papers, Volume 66, Issue 1, January 2014, Pages 88–114, https://doi.org/10.1093/oep/gps041 Published: 20 November 2012",https://doi.org/10.1093/oep/gps041,1.5646462
ilr,2011,Social Security Eligibility and the Labor Supply of Older Immigrants,"The employment rate of native-born men falls at a much faster rate than that of immigrants as the two groups approach the age of retirement. The author draws on U.S. Census data from 1960–2000 to examine how the eligibility requirements for Social Security benefits affect immigrants' decisions to leave the labor market as they near retirement age. Because a person needs to have worked in the United States for at least ten years to qualify for benefits, newly arrived immigrants may not yet have accumulated the requisite employment credits to do this and thus have greater employment rates than other comparably aged persons. The probability that an older immigrant is employed falls once the ten-year work rule is satisfied. The implication of this finding is that immigration may affect the increase in retirement benefits that will inevitably occur as the baby boom generation retires.",https://doi.org/10.1177/001979391106400304,1.5613012
jlr,2012,Long-Term Employment and Complementary Human Resource Management Practices,NA,https://doi.org/10.1007/s12122-012-9151-z,1.5607567
restat,2012,"Costs, Demand, and Producer Price Changes","Using business survey data, we estimate an ordered probit model to explain the occurrence of producer price increases and decreases in the French manufacturing industry. Our results show that changes in intermediate input prices are the main driver of producer price changes. Changes in firms' labor costs, their production level, or the producer price index of their industry contribute less to the occurrence of price changes. Moreover, when they face a change in their costs, firms adjust their prices upward more often and more rapidly than they do it downward, especially when the shock is perceived as permanent.",https://doi.org/10.1162/rest_a_00276,1.5567576
ei,2010,"OFFSHORING PRODUCTION: A SIMPLE MODEL OF WAGES, PRODUCTIVITY, AND GROWTH","We examine the relationship between offshoring and the labor market in an occupational choice model of trade and endogenous growth where workers are employed on the basis of their individual skill levels. Trade liberalization leads to offshoring and reduces employment in the manufacturing sector. Displaced workers move into traditional and innovation sectors according to their skill levels, shaping real wages and aggregate productivity in the manufacturing sector. The paper aims to show how inter‐sectoral labor market adjustments, highlighted by skill heterogeneity, could be a possible explanation for the simultaneous rise in productivity and reduction in real wages that have coincided with the sharp escalation of offshoring activities in the U.S. manufacturing sector since 2004. ( JEL F16, F23, J24)",https://doi.org/10.1111/j.1465-7295.2010.00293.x,1.5559039
le,2012,"Discrimination, technology and unemployment",NA,https://doi.org/10.1016/j.labeco.2012.05.006,1.553053
ir,2016,Labor Inspections in the Developing World: Stylized Facts from the Enterprise Survey,"This paper empirically explores the incidence of labor inspections across registered firms in 72 developing countries. Results show that larger firms are more likely to be inspected than smaller firms. Interestingly, inspections are less likely to occur among firms with a larger share of low‐skilled workers, and that operate in industries with more tax evasion. We explore the heterogeneity of these findings across income and geographic groups, and conclude by briefly discussing the consistency of the stylized facts with competing theories of inspection agencies’ behavior.",https://doi.org/10.1111/irel.12146,1.5469797
ej,2014,Real Wages and Unemployment in the Big Squeeze,"UK real wage growth has slowed down, stagnated and recently turned sharply negative. We document the nature of real wage changes across the wage distribution over the last three decades, showing that recent patterns represent a distinct break of trend that pre‐dates the onset of recession. We explore whether unemployment has become a stronger moderating influence on real wage growth and report, using aggregate economy‐wide and regional panel data, that real wage–unemployment sensitivities have become stronger in the period from 2003 onwards. Finally, we offer some assessment of possible drivers of this increased sensitivity of real wages to unemployment.",https://doi.org/10.1111/ecoj.12139,1.54673
jole,2014,The Detaxation of Overtime Hours: Lessons from the French Experiment,"In October 2007, France introduced an exemption on the income tax and social security contributions that applied to wages received for hours worked overtime. The goal of the policy was to increase the number of hours worked. This article shows that this reform has had no significant impact on hours worked. Conversely, it has had a positive impact on the overtime hours declared by highly qualified wage earners, who have opportunities to manipulate the overtime hours they declare in order to optimize their tax situation since the hours they work are difficult to verify.",https://doi.org/10.1086/674987,1.5431434
cje,2015,The distributional impacts of an energy boom in Western Canada,"Abstract In the energy‐rich provinces of Western Canada, inequality rose over the past two decades while poverty declined, raising the question of whether the recent energy boom was a contributing factor. This study uses local labour market variation in energy extraction intensity to identify these distributional impacts. The growth in local outcomes attributable to the boom is found to be U‐shaped and significant across all distributional segments, leading to somewhat increased local inequality aggregates and reduced local poverty. This pattern is preserved but varies across sectors, driving a large local inequality increase in energy extraction, with smaller rises and reductions in other industries.",https://doi.org/10.1111/caje.12141,1.5326599
ee,2010,Is there a signalling role for public wages? Evidence for the euro area based on macro data,NA,https://doi.org/10.1007/s00181-010-0380-9,1.5282491
ilr,2012,Exchange Rates and Wages in Unionized Labor Markets,"The authors investigate the impact of exchange rate movements on wage determination in unionized labor markets. Using a simple model of international oligopoly, the authors show that organized labor has a rational incentive to accept lower wages in the face of a currency appreciation. They examine this proposition empirically using a matched worker-firm data set for Portugal and, though the impact varies considerably with worker characteristics, find results consistent with the predictions of the model.",https://doi.org/10.1177/001979391206500409,1.5273097
le,2011,Gender wage gap: A semi-parametric approach with sample selection correction,NA,https://doi.org/10.1016/j.labeco.2011.05.003,1.5261022
le,2012,Stay in school or start working? — The human capital investment decision under uncertainty and irreversibility,NA,https://doi.org/10.1016/j.labeco.2012.04.005,1.5240488
cje,2015,Inequality in Canada: Symposium introduction,NA,https://doi.org/10.1111/caje.12138,1.5193287
jeea,2012,AN INTERNATIONAL COMPARISON OF LIFETIME INEQUALITY: HOW CONTINENTAL EUROPE RESEMBLES NORTH AMERICA,"Journal Article An International Comparison of Lifetime Inequality: How Continental Europe Resembles North America Get access Audra J. Bowlus, Audra J. Bowlus 1University of Western Ontario Search for other works by this author on: Oxford Academic Google Scholar Jean-Marc Robin Jean-Marc Robin 2Sciences Po, Paris and University College London Search for other works by this author on: Oxford Academic Google Scholar Journal of the European Economic Association, Volume 10, Issue 6, 1 December 2012, Pages 1236–1262, https://doi.org/10.1111/j.1542-4774.2012.01088.x Published: 01 December 2012",https://doi.org/10.1111/j.1542-4774.2012.01088.x,1.5190934
jpam,2014,A RESPONSE TO JOSEPH J. SABIA,NA,https://doi.org/10.1002/pam.21792,1.5185828
economica,2017,Destination‐based vs. Origin‐based Commodity Taxation in Large Open Economies with Unemployment,"We construct a perfectly competitive model of two symmetric countries producing tradable commodities and a public consumption good. Destination‐ or origin‐based taxes are levied on the consumption of the tradable goods. In both countries, a fixed wage leads to involuntary unemployment. We derive the Nash equilibrium consumption taxes under the two taxation principles with endogenous world prices, and compare them to (i) the cooperative rates, and (ii) the rates when world prices are fixed. We demonstrate that with endogenous world prices, the induced terms‐of‐trade effects cancel out under the destination principle, but they prevail under the origin principle of taxation. Nash equilibrium destination‐based taxes are inefficiently low when the exporting sector in each country is non‐labour‐intensive. The Nash equilibrium origin‐based taxes can be either higher or lower than the corresponding cooperative rates.",https://doi.org/10.1111/ecca.12235,1.5174739
jae,2018,Actual and counterfactual growth incidence and delta Lorenz curves: Estimation and inference,"Summary Different economic growth episodes display very different distributional characteristics, both across countries and over time. Growth is sometimes accompanied by rising and sometimes by falling inequality. Applied economists have come to rely on the growth incidence curve, which gives the quantile‐specific rate of income growth over a certain period, to describe these differences. This paper introduces a mean‐independent analogue, the delta Lorenz curve, which gives the cumulative change in income share up to each quantile. We also develop estimation and inference procedures for both functions of quantiles. We establish the limiting null distribution of the test statistics of interest for those functions, and propose resampling methods to implement inference in practice. The proposed methods are used to compare the growth processes in the USA and Brazil during 1995–2007. Although growth in the average real wages was disappointing in both countries, the distribution of that growth was markedly different. In the USA, wage growth was mediocre for the bottom 80% of the sample, but much more rapid for the top 20%. In Brazil, conversely, wage growth was rapid below the median, and negative at the top. Wage shares fell in the USA up to the 83rd percentile, and rose in Brazil up to the 65th percentile.",https://doi.org/10.1002/jae.2663,1.5160915
ilr,2018,Mobilization without Movement: How the Chinese State “Fixed” Labor Insurgency,"Drawing on a qualitative analysis of two recent labor disputes in Guangzhou and Shenzhen, this article asks: Why has a broad-based labor movement failed to emerge in contemporary China? Both pro-labor legislation and the existence of movement-oriented labor NGOs appear to provide opportunities and resources for workers to engage in organized action to expand workers’ rights. Two political mechanisms, however, help explain why a strong labor movement has not developed: 1) legislation and courtroom procedures and 2) official institutions that monopolize the space for representation—specifically the All-China Federation of Trade Unions (ACFTU). We call these two mechanisms “political fixes” and discuss how they interact to engender a feedback between the fragmentation of collective action during labor conflict and the continuous uptick in labor insurgency. This article contributes to labor movement theory: It puts greater emphasis on the institutional mechanisms that constrain labor, as opposed to sheer repression or economic factors.",https://doi.org/10.1177/0019793918759066,1.5153522
le,2012,The bargaining position of low-skilled and high-skilled workers in a globalising world,NA,https://doi.org/10.1016/j.labeco.2012.02.005,1.5132469
aejp,2018,Fleeing a Lame Duck: Policy Uncertainty and Manufacturing Investment in US States,"It is found that electorally induced policy uncertainty decreases manufacturing investment in US states. In a state with average partisan polarization, the elasticity of election-year investment to a specific measure of policy uncertainty is −0.027. When the incumbent governor is term limited, there is greater uncertainty over the outcome, providing an instrument to demonstrate this effect is causal, not simply coincidental. Moreover, manufacturing investment does not rebound following the election. Rather, own-state uncertainty is associated with a large and significant coincident rise in neighboring states’ investment. These findings suggest that policy uncertainty at the subnational level drives investment to alternate sites. (JEL D25, D72, E22, G31, L60, R11)",https://doi.org/10.1257/pol.20160365,1.5101917
jhe,2013,Longitudinal methods to investigate the role of health determinants in the dynamics of income-related health inequality,"The usual starting point for understanding changes in income-related health inequality (IRHI) over time has been regression-based decomposition procedures for the health concentration index. However the reliance on repeated cross-sectional analysis for this purpose prevents both the appropriate specification of the health function as a dynamic model and the identification of important determinants of the transition processes underlying IRHI changes such as those relating to mortality. This paper overcomes these limitations by developing alternative longitudinal procedures to analyse the role of health determinants in driving changes in IRHI through both morbidity changes and mortality, with our dynamic modelling framework also serving to identify their contribution to long-run or structural IRHI. The approach is illustrated by an empirical analysis of the causes of the increase in IRHI in Great Britain between 1999 and 2004.",https://doi.org/10.1016/j.jhealeco.2013.07.001,1.5064473
el,2011,Fair wages when employers face the risk of losing money,NA,https://doi.org/10.1016/j.econlet.2011.12.073,1.5011219
ilr,2014,The Early History of Program Evaluation and the Department of Labor,"My contact with the Department of Labor began more than 40 years ago, so it is a little alarming to consider that the Department is merely 100 years old! These remarks are addressed to those early days in the history of program evaluation 40 years ago, days that were both challenging and, in retrospect, more influential than anyone in the Department imagined.",https://doi.org/10.1177/00197939140670s303,1.483337
jeea,2011,TAX POLICY REFORM: THE ROLE OF EMPIRICAL EVIDENCE,"To understand the role of evidence in tax policy design, this paper organizes the empirical analysis of reform under five loosely related headings: (i) key margins of adjustment, (ii) measurement of effective tax rates, (iii) the importance of information and complexity, (iv) evidence on the size of responses, and (v) implications from theory for tax design. The context for the discussion is the recently published Mirrlees Review of tax reform. Although the Review focused on all aspects of tax reform, this paper highlights the taxation of earnings. It also comments on earnings taxation in the context of VAT base-broadening reforms and the taxation of capital.",https://doi.org/10.1111/j.1542-4774.2011.01054.x,1.4760685
labour,2017,The Effect of Unemployment Insurance Generosity on Unemployment Duration and Labor Market Transitions,"Abstract This paper examines the impact of unemployment insurance (UI) benefit generosity on labor market transitions in Turkey from 2002 to 2012. Using a unique administrative dataset, I take advantage of a sharp discontinuity in treatment assignment at 900‐paid‐premium‐days to identify the impact of generosity on the outcome variables. I find that unemployment benefit duration is increased by approximately 0.07 weeks per additional week of UI. However, more generous benefits lead to lower probabilities of transition to employment and the impact is greater compared to developed countries. In addition, workers who are entitled to longer UI periods have lower probabilities of cheating the system and rejecting the services of the Turkish Employment Agency.",https://doi.org/10.1111/labr.12104,1.4742008
ir,2012,Performance Measurement and Incentive Plans,"This paper explores performance measurement in incentive plans. On the basis of theory, we argue that differences in the nature of jobs between blue‐ and white‐collar employees lead to differences in incentive systems. We find that performance measurement for white‐collar workers is broader in terms of the performance measures, the organizational level of performance measurement, and the time horizon. The intensity of incentives is also stronger for white‐collar employees. All of these findings are consistent with theory.",https://doi.org/10.1111/j.1468-232x.2012.00694.x,1.4698162
ecta,2014,Returns to Tenure or Seniority?,"This study documents two empirical facts using matched employer-employee data for Denmark and Portugal.First, workers who are hired last, are the first to leave the firm.Second, workers' wages rise with seniority, where seniority is defined as a worker's tenure relative to the tenure of his colleagues.Controlling for tenure, the probability of a worker leaving the firm decreases with seniority.The increase in expected seniority with tenure explains a large part of the negative duration dependence of the separation hazard.Conditional on ten years of tenure, the wage differential between the 10 th and the 90 th percentiles of the seniority distribution is 1.1-1.4percentage points in Denmark and 2.3-3.4 in Portugal.",https://doi.org/10.3982/ecta8688,1.4695759
ee,2017,Exploring the dark side of tax policy: an analysis of the interactions between fiscal illusion and the shadow economy,NA,https://doi.org/10.1007/s00181-017-1277-7,1.4657749
jhr,2018,Does Reducing Unemployment Benefits during a Recession Reduce Youth Unemployment?,"Aedín Doris, Donal O'Neill (Donal.ONeill{at}mu.ie) and Olive Sweetman Aedín Doris is a lecturer in economics at Maynooth University. Donal O'Neill is a Professor of economics at Maynooth University and a Research Fellow at the IZA Bonn. Olive Sweetman is a lecturer in economics at Maynooth University.",https://doi.org/10.3368/jhr.55.4.0518-9501r1,1.4654433
le,2010,"Unionisation structures, productivity and firm performance: New insights from a heterogeneous firm model",NA,https://doi.org/10.1016/j.labeco.2010.08.004,1.4624614
jpam,2010,"Who became poor, who escaped poverty, and why? Developing and using a retrospective methodology in five countries","Abstract The Stages‐of‐Progress methodology helps identify context‐specific reasons associated with households' movements into or out of poverty. Developed in 2002, it was used over the next seven years for examining the experiences of 35,567 households in 398 diverse communities of India, Kenya, Uganda, Peru, and North Carolina. This essay looks at the reasons that motivated the development of a different methodology for exploring poverty flows, explores the steps involved, and briefly presents key results. Large numbers of households have fallen into poverty in every context examined, but large numbers have also become persistently poor. Different reasons are associated, respectively, with escaping poverty and falling into poverty. Different policies are, therefore, required to deal with each of the two poverty flows. © 2010 by the Association for Public Policy Analysis and Management.",https://doi.org/10.1002/pam.20495,1.4584591
jhr,2010,The Income Losses of Displaced Workers,"Alexander Hijzen, Richard Upward and Peter W. Wright",https://doi.org/10.3368/jhr.45.1.243,1.4568973
le,2018,Permanent wage cost subsidies for older workers. An effective tool for employment retention and postponing early retirement?,NA,https://doi.org/10.1016/j.labeco.2018.01.005,1.4550114
ilr,2016,Dual Labor Markets at Work,"Fitting duration models on an inflow sample of jobs in Germany starting in 2002 to 2010, the author investigates the impact of employers’ use of temporary agency work on regular workers’ job stability. In line with dual labor market theory, the author finds that nontemporary jobs are significantly more stable when employers use temporary agency workers. The rise in job stability stems mainly from reduced transitions into nonemployment, suggesting that nontemporary workers are safeguarded against involuntary job losses. The findings are robust to controlling for unobserved permanent employer characteristics and changes in the observational window that comprises the labor market disruption of the Great Recession.",https://doi.org/10.1177/0019793915625214,1.4529383
jlr,2010,The Influence of Temporary Employment on Unemployment Exits in a Competing Risks Framework,NA,https://doi.org/10.1007/s12122-009-9078-1,1.4518522
cje,2016,Viewpoint: Estimating the causal effects of policies and programs,"Abstract Estimation, inference and interpretation of the causal effects of programs and policies have all advanced dramatically over the past 25 years. We highlight three particularly important intellectual trends: an improved appreciation of the substantive importance of heterogeneous responses and of their methodological implications, a stronger focus on internal validity brought about by the “credibility revolution,” and the scientific value that follows from grounding estimation and interpretation in economic theory. We discuss a menu of commonly employed partial equilibrium approaches to the identification of causal effects, emphasizing that the researcher's central intellectual contribution always consists of making an explicit case for a specific causal interpretation given the relevant economic theory, the data, the institutional context and the economic question of interest. We also touch on the importance of general equilibrium effects and full cost–benefit analyses.",https://doi.org/10.1111/caje.12217,1.4512233
eer,2013,The pecuniary and non-pecuniary costs of job displacement—The risky job of being back to work,NA,https://doi.org/10.1016/j.euroecorev.2013.04.005,1.4476184
aeja,2018,Identifying Sorting in Practice,"We propose a novel methodology to uncover the sorting pattern in labor markets. We identify the strength of sorting solely from a ranking of firms by profits. To discern the sign of sorting, we build a noisy ranking of workers from wage data. Our test for the sign of sorting is consistent even with noisy worker rankings. We apply our approach to a panel dataset that combines social security earnings records with detailed financial data for firms in the Veneto region of Italy. We find robust evidence of positive sorting. The correlation between worker and firm types is about 52 percent. (JEL J24, J31, J41, J62, L25)",https://doi.org/10.1257/app.20170068,1.4402864
jlr,2012,Effects of Welfare Reform on Education Acquisition of Adult Women,NA,https://doi.org/10.1007/s12122-012-9130-4,1.4401728
jlr,2016,The 2011 Industrial Relations Reform and Nominal Wage Adjustments in Greece,NA,https://doi.org/10.1007/s12122-016-9232-5,1.4386692
jpam,2015,THE NEW EMPLOYMENT AND INCOME TAXES,NA,https://doi.org/10.1002/pam.21821,1.4285852000000001
ei,2012,"UNION POWER, COLLECTIVE BARGAINING, AND OPTIMAL MONETARY POLICY","We study Ramsey policies and optimal monetary policy rules in a dynamic New Keynesian model with unionized labor markets. Collective wage bargaining and unions' monopoly power amplify inefficient employment fluctuations. The optimal monetary policy must trade off between stabilizing inflation and reducing inefficient unemployment fluctuations induced by unions' monopoly power. In this context the monetary authority uses inflation as a tax on union rents and as a mean for indirect redistribution. Results are robust to the introduction of imperfect insurance on income shocks. The optimal monetary policy rule targets unemployment alongside inflation. ( JEL E0, E4, E5, E6)",https://doi.org/10.1111/j.1465-7295.2012.00461.x,1.4283916
ee,2017,The effects of workplace learning in higher education on employment and match quality: is there an early-career trade-off?,NA,https://doi.org/10.1007/s00181-017-1308-4,1.4283804
ei,2013,WITHIN U.S. TRADE AND THE LONG SHADOW OF THE AMERICAN SECESSION,"Using data from U.S. commodity flow survey, we show that the historical Union–Confederacy border lowers contemporaneous trade between U.S. states by about 13%. The finding is robust over econometric models, survey waves, or aggregation levels. Including contemporaneous controls, such as network or institutional variables, lowers the estimate only slightly. Historical variables, such as slavery, do not explain the effect. Adding U.S. states unaffected by the Civil War, we argue that the friction is not merely reflecting unmeasured North–South differences. Finally, the border effect is larger for differentiated than for homogeneous goods, stressing the potential role for cultural factors and trust. (JEL F15, N72, N92, Z10 )",https://doi.org/10.1111/j.1465-7295.2012.00510.x,1.4273851
sej,2017,The Hidden Educational Costs of Intensified Immigration Enforcement,"The past two decades have witnessed an unprecedented increase in interior immigration enforcement that may have adversely impacted the children of unauthorized migrants—the vast majority of whom are U.S.-born citizens. Using 2000 through 2013 data from the Current Population Survey, we gauge the impact that intensified interior immigration enforcement in the United States is having on the schooling progression of Hispanic youth with likely unauthorized parents. Intensified enforcement raises the probability of repeating a grade for children ages 6–13 by 14%, and the likelihood of dropping out of school for youth ages 14–17 by 18%. Furthermore, younger children are more responsive to police-based enforcement, whereas older youth are more responsive to employment-based enforcement. Awareness of the impacts that current immigration policies have on the children of immigrants is critical in informing the policy debate and in protecting the well-being of children.",https://doi.org/10.1002/soej.12207,1.4264891
ilr,2012,"Collective Agreements, Wages, and Firms' Cohorts: Evidence from Central Europe","Using a large, matched employer-employee data set, the authors investigate the impact of company and industry collective bargaining agreements on wages in the Czech Republic, Hungary, and Poland (CE3). They also examine the changing characteristics of the union wage premium in different cohorts of establishments. Their results challenge the common idea of weak unions in the CE3 by revealing a union wage premium whose characteristics depend on the level at which collective bargaining occurs. They find that industry agreements increase wages for low-skilled workers, while company agreements increase medium- and high-skilled wages. Their second finding is that the union wage premium is unevenly distributed between cohorts, with substantial cross-country variation. Wage premiums are concentrated in the transitional cohorts in the Czech Republic and Poland and, to a lesser extent, in the pre-transitional cohort in Hungary.",https://doi.org/10.1177/001979391206500306,1.426261
jhe,2012,A theoretical approach to dual practice regulations in the health sector,NA,https://doi.org/10.1016/j.jhealeco.2012.08.005,1.4229312
labour,2011,Wage Inequality of US Truck Drivers,"Using CPS data for the period 1979–2009, the wage dispersion of truck drivers (and subsets of the truck driving sample) is compared with the trends in wage dispersion of males economy-wide. We find that truckers' wages experienced a decrease in inequality post-deregulation, as expected given the literature on regulation's impact on the labor market. We also find that the wage dispersion for truckers is markedly different from males economy-wide, providing evidence that the wage distribution of truck drivers has been dominated by the changing structure of the occupation post-deregulation and largely immune to the factors that increased inequality for the aggregate labor market.",https://doi.org/10.1111/j.1467-9914.2011.00518.x,1.4225104
ei,2018,"MEASUREMENT ERROR IN MACROECONOMIC DATA AND ECONOMICS RESEARCH: DATA REVISIONS, GROSS DOMESTIC PRODUCT, AND GROSS DOMESTIC INCOME","We use a preanalysis plan to analyze the effect of measurement error on economics research using the fact that the Bureau of Economic Analysis both revises its gross domestic product (GDP) data and also publishes a second, theoretically identical estimate of U.S. output that only differs from GDP due to measurement error: gross domestic income (GDI). Using a sample of 23 models published in top economics journals, we find that reestimating models using revised GDP always gives the same qualitative result as the original publication. Estimating models using GDI instead of GDP gives a different qualitative result for three of 23 models (13%). ( JEL C80, C82, E01)",https://doi.org/10.1111/ecin.12567,1.4201516
ei,2016,CHRISTMAS ECONOMICS—A SLEIGH RIDE,"This article reviews the literature on Christmas economics. First, we present an overall picture of the debate on the potential welfare loss of gift‐giving and we show strategies that reduce the potential welfare loss and might increase the number of presents received. Second, we discuss the effect of Christmas on prices and the business cycle. We provide evidence that at Christmas stock prices and airfares increase, while food prices decrease. ( JEL D6, E3, H4, Z1)",https://doi.org/10.1111/ecin.12356,1.4201026
oep,2015,Academic productivity before and after tenure: the case of the 'specialist',"Studies suggest research productivity falls after tenure. We have limited choice-theoretic understanding of why this should occur. We rationalize this as follows. Some scholars are assumed to be 'specialists': their research productivity consists of transforming dissertation chapters into publishable papers. We show how a department that hired such a scholar provides incentives to maximize research productivity. We show that his research productivity paths are characterized by a 'bang-bang' solution, that is, he works with either maximum or minimum effort. The department sets the scholar's wages proportional to their impatience to spur productivity and only succeeds if he turns out to be more impatient than the department. We also examine career development after tenure is granted: there occurs a clear polarization in terms of academic reputation and promotion prospects between the Specialist and other staff. The article provides a novel perspective on academic productivity and the tenure system.",https://doi.org/10.1093/oep/gpv002,1.4095061
le,2016,Labor market reforms and unemployment dynamics,NA,https://doi.org/10.1016/j.labeco.2016.05.025,1.4040009
eer,2013,The composition of wage differentials between migrants and natives,NA,https://doi.org/10.1016/j.euroecorev.2013.10.003,1.4014761
ee,2011,The impact of home production on economic inequality in Germany,NA,https://doi.org/10.1007/s00181-011-0523-7,1.3982011
jpub,2011,Low-level versus high-level equilibrium in public utility services,NA,https://doi.org/10.1016/j.jpubeco.2011.09.004,1.3865414
ir,2013,Unions and Innovation: New Insights From the Cross‐Country Evidence,"We apply meta‐regression analysis to the extant econometric studies and find that unions depress investment in innovation at the firm and industry level in all countries considered. However, this adverse effect has been declining over time and is moderated by country differences in industrial relations and regulations: The adverse effect appears to increase with labor market flexibility.",https://doi.org/10.1111/irel.12020,1.3807801
le,2013,Job polarization in aging economies,NA,https://doi.org/10.1016/j.labeco.2013.12.001,1.3806669
bjir,2010,Employer Strategies and Wages in New Service Activities: A Comparison of Co‐ordinated and Liberal Market Economies,"Abstract Using survey data for call centre establishments in eight countries, we examine the relationship between wages and human resource practices. High‐involvement work design and the use of performance‐based pay are significantly positively related to wages, whereas intensive use of performance monitoring is negatively associated with wages. These relationships are larger among liberal economies compared with co‐ordinated ones, but individual country differences are large and, in many cases, do not conform to expectations regarding institutional differences between liberal and co‐ordinated market economies. The exception is Denmark.",https://doi.org/10.1111/j.1467-8543.2010.00789.x,1.3805714
jce,2012,Words speak louder than actions: The impact of politics on economic performance,NA,https://doi.org/10.1016/j.jce.2012.05.004,1.377183
eer,2018,The labor market integration of refugees in the United States: Do entrepreneurs in the network help?,NA,https://doi.org/10.1016/j.euroecorev.2018.10.001,1.3743904
bjir,2012,Macroeconomic Impacts of <scp>C</scp>anadian Immigration: Results from a Macro Model,"Abstract We use a macro‐econometric forecasting model to simulate the impact on the C anadian economy of a hypothetical increase in immigration. Our simulations generally yield positive impacts on such factors as real gross domestic product ( GDP ) and GDP per capita, aggregate demand, investment, productivity, and government expenditures, taxes and especially net government balances, with essentially no impact on unemployment. This is generally buttressed by conclusions reached in the existing literature. Our analysis suggests that concern should be with respect to immigrants themselves, as they are having an increasingly difficult time assimilating into the Canadian labour market, and new immigrants are increasingly falling into poverty.",https://doi.org/10.1111/j.1467-8543.2012.00905.x,1.36756
jae,2013,RETURN TO EXPERIENCE AND INITIAL WAGE LEVEL: DO LOW WAGE WORKERS CATCH UP?,"This paper estimates the relationship between initial wage and return to experience. We use a Mincer-like wage model to non-parametrically estimate this relationship allowing for an unobservable individual permanent effect in wages and unobservable individual return to experience. The relationship between return to experience and unobservable individual ability is negative when conditioning on educational attainment, while the relationship between return to experience and educational attainment is positive. We link our findings to three main theories of wage growth, namely search, unobserved productivity and learning, and human capital. We devise several empirical tests in order to separate the theories. We find evidence in favor of the unobserved productivity and learning model and mixed evidence regarding the search model. We find no evidence in support of the human capital model.",https://doi.org/10.1002/jae.2346,1.3675436
restat,2010,The Effect of Changes in the U.S. Wage Structure on Recent Immigrants' Earnings,"Since recent immigrants tend to earn less than natives, their relative earnings have been adversely affected by an increase in the return to labor market skills over the past three decades. Using longitudinal Social Security records matched to cross-sections of the SIPP and CPS, I estimate the return to skills rose by 41% between 1980 and 1997. This reduced the relative earnings of immigrants who arrived in the 1980s and early 1990s by 10 to 15 percentage points. Examining solely the earnings of recent immigrants may lead to an overly pessimistic picture of their actual labor market skills.",https://doi.org/10.1162/rest_a_00094,1.3657047
el,2012,Ethnic fractionalization and unemployment,NA,https://doi.org/10.1016/j.econlet.2012.04.034,1.3649654
eer,2010,When is the optimal lending contract in microfinance state non-contingent?,NA,https://doi.org/10.1016/j.euroecorev.2010.09.002,1.3636705
jpam,2015,SCORING AND DYNAMIC SCORING,NA,https://doi.org/10.1002/pam.21864,1.3636343
ir,2018,The Rise in Orientation at Collective Bargaining Without a Formal Contract,"While firm participation in collective bargaining between unions and employers’ associations has been decreasing in Germany over the last two decades, orientation at collectively bargained wages has increased in popularity. Orientation implies that employers claim to set wages according to collective agreements but they are not formally bound by the respective bargaining contract, and in fact, I observe that they pay significantly lower wages than firms that are formally covered. Dynamic nonlinear panel estimation applied to establishment‐level data shows that this orientation is a stepping stone into formal participation. However, the decline in formal participation and the opposing rise in orientation are mostly due to a changing establishment composition rather than to behavioral transitions.",https://doi.org/10.1111/irel.12226,1.3581064
ei,2015,DOES BANKRUPTCY LAW AFFECT BUSINESS TURNOVER? EVIDENCE FROM NEW AND EXISTING BUSINESS,"Abstract This study examines how differences in state bankruptcy laws, specifically the homestead exemption, affect business turnover by studying both new and existing businesses. We focus on areas just near state boundaries to control for unobserved local attributes to better isolate the effect of more wealth protection. We find that an increase in the homestead exemption attracts new businesses but also has a positive impact on existing businesses, suggesting that asset protection through bankruptcy law encourages successful entrepreneurs to incur the risks. Our results indicate that the personal bankruptcy law is an important policy tool that governments can use to encourage business growth without causing business turnover. ( JEL K30, K36, R11, R1)",https://doi.org/10.1111/ecin.12230,1.3517494
ej,2016,Can Survey Participation Alter Household Saving Behaviour?,"We document an effect of survey participation on household saving. Identification comes from random assignment to modules within a population‐representative Internet panel. The saving measure is based on linked administrative wealth data. Households that responded to a detailed questionnaire on needs in retirement reduced their non‐housing saving rate by 3.5 percentage points, on a base of 1.5%. The survey may have acted as a salience shock, possibly with respect to reduced housing costs in retirement. Our findings present an important challenge to survey designers. They also add to the evidence of limited attention in household financial decision making.",https://doi.org/10.1111/ecoj.12398,1.351099
izajl,2015,Task implementation heterogeneity and wage dispersion,"Abstract Wage dispersion among observationally similar workers is still only partially unexplained by economists from both a theoretical and an empirical point of view. Given that jobs can be broken down into tasks, namely units of work activities producing output, we empirically test whether part of the observed variation in wages across similar individuals is related to differences in the intensity with which tasks are implemented. We then investigate whether the variety in task implementation shown across occupations is related to cross-occupation wage levels. We found that the variation in task implementation in different occupations is related both to within-occupation wage dispersion and to cross-occupation wage levels: workers in high-wage occupations are less defined around a typical worker than those in other occupations. JEL codes: J22, J24, J31",https://doi.org/10.1186/s40172-015-0036-2,1.3503594
eer,2018,Electoral cycles in government employment: Evidence from US gubernatorial elections,NA,https://doi.org/10.1016/j.euroecorev.2018.09.007,1.3465642
labour,2011,"Employability of Young Italian Men after a Jobless Period, 1989–98","Abstract In this paper we investigate the existence of negative jobless duration dependence and the impact of jobless spells on future wages. Our findings are somewhat out of line compared with analogous explorations. We find evidence of very long unemployment duration of the young male labor force, higher than reported anywhere else in Western Europe, as well as large negative unemployment duration dependence. On the other hand, young Italian men experiencing jobless periods in their early careers face small re‐employment wage losses. Such losses do increase with the duration of joblessness, but they are lower than reported in the USA, Canada, the UK, France, and Spain.",https://doi.org/10.1111/j.1467-9914.2011.00538.x,1.3458077
ej,2010,"Endogenous Indoctrination: Occupational Choices, the Evolution of Beliefs and the Political Economy of Reforms","I analyse a model where workers self‐select in the educational occupation in a way which is correlated with their beliefs about the working of the market economy. Teachers have a disproportionate effect on the transmission of beliefs. Therefore, they generate a bias which makes it harder for the population to learn the true parameters of the economy if these are favourable to the market economy. Two parameters determine this bias. Social entropy defines how predictable one's occupation is as a function of one's beliefs. Heritability is the weight of the family's beliefs in the determination of the priors of a new generation. Both heritability and social entropy reduce the bias and make it easier to learn that the market economy is ""good"", under the assumption that it is.",https://doi.org/10.1111/j.1468-0297.2010.02358.x,1.3394448
le,2015,Working while studying? Student aid design and socioeconomic achievement disparities in higher education,NA,https://doi.org/10.1016/j.labeco.2015.01.002,1.3321036
ilr,2013,Quality over Quantity: Reexamining the Link between Entrepreneurship and Job Creation,"Although much has been written about the quantity of jobs created by entrepreneurs, scholars have yet to examine the quality of these jobs. In this article, the authors begin to address this important issue by examining nearly 5,000 businesses that began operations in 2004. They investigate the extent to which nascent employers provide what many think of as quality jobs—those offering health care coverage and a retirement plan. The authors find that because of small scale, constrained resources, and protection from institutional pressures, start-up companies do not provide their employees with either of these proxies for job quality, and their likelihood of offering health or retirement benefits increases only marginally over their first six years of operation. The finding that entrepreneurs' impressive record of job creation is not matched by a similarly impressive outcome with respect to job quality challenges policymakers to ensure that entrepreneurs are encouraged to create quality employment opportunities in the course of creating new businesses.",https://doi.org/10.1177/001979391306600405,1.3315125
jpub,2014,Benefits conditional on work and the Nordic model,NA,https://doi.org/10.1016/j.jpubeco.2014.05.010,1.3302051
jbes,2010,Nonparametric Identification and Estimation in a Roy Model With Common Nonpecuniary Returns,"We consider identification and estimation of a Roy model that includes a common nonpecuniary utility component associated with each choice alternative. This augmented Roy model has broader applications to many polychotomous choice problems in addition to occupational sorting. We develop a pair of nonparametric estimators for this model, derive asymptotics, and illustrate small-sample properties with a series of Monte Carlo experiments. We apply one of these models to migration behavior and analyze the effect of Roy sorting on observed returns to college education. Correcting for Roy sorting bias, the returns to a college degree are cut in half. This article has supplementary material online.",https://doi.org/10.1198/jbes.2010.08083,1.3290141
ilr,2016,Testing Attestations,"Each year, hundreds of thousands of immigrants seek legal employment in the United States. Similar to many developed countries, the United States has established immigration policies to protect its citizens’ employment. This study empirically assesses, for the first time, the relationship between U.S. workers’ unemployment rates and immigrant work authorization outcomes, as determined by one key U.S. immigration program—the labor certification process. This program explicitly requires that no willing and qualified U.S. worker be available for the job position offered to a foreign worker. Through the analysis of 40 months of labor certification requests evaluated by U.S. Department of Labor agents, the authors find that, ironically, immigrant labor certification approvals are more likely when the quantity of unemployed U.S. workers within an occupation is high, ceteris paribus. Further, because of the U.S. government’s procedure of auditing applications, the authors are able to assess approval differences when government agents reach similar labor certification decisions using 1) employers’ accounts of their own compliance (e.g., “attestations”) or 2) supporting documentation collected when employers are audited. Only for evaluations of audited applications, in support of the literature on accounts and regulation, are approvals less likely when unemployment is high. The authors conclude by discussing the implications of their findings for theories and policies concerning labor market regulation, immigration, and employment.",https://doi.org/10.1177/0019793916639550,1.3283694
ilr,2018,Do Field Experiments on Labor and Housing Markets Overstate Discrimination? A Re-examination of the Evidence,"Since 2000, more than 80 field experiments across 23 countries consider the traditional dimensions of discrimination in labor and housing markets—such as discrimination based on race. These studies nearly always find evidence of discrimination against minorities. The estimates of discrimination in these studies can be biased, however, if there is differential variation in the unobservable determinants of productivity or in the quality of majority and minority groups. It is possible that this experimental literature as a whole overstates the evidence of discrimination. The authors re-assess the evidence from the 10 existing studies of discrimination that have sufficient information to correct for this bias. For the housing market studies, the estimated effect of discrimination is robust to this correction. For the labor market studies, by contrast, the evidence is less robust, as just over half of the estimates of discrimination fall to near zero, become statistically insignificant, or change sign.",https://doi.org/10.1177/0019793918759665,1.3278663
eer,2013,Intergenerational transmission of risk attitudes – A revealed preference approach,NA,https://doi.org/10.1016/j.euroecorev.2013.10.005,1.3271077
jole,2018,"More Education, Less Volatility? The Effect of Education on Earnings Volatility over the Life Cycle","Much evidence suggests that having more education leads to higher earnings in the labor market. However, there is little evidence about whether having more education causes employees to experience lower earnings volatility or shelters them from the adverse effects of recessions. We use a large British administrative panel data set to study the impact of the 1972 increase in compulsory schooling on earnings volatility over the life cycle. Our estimates suggest that men exposed to the law change subsequently had lower earnings variability and less procyclical earnings. However, there is little evidence that education affects earnings volatility of older men.",https://doi.org/10.1086/698897,1.3264624
jhe,2015,Did you get your shots? Experimental evidence on the role of reminders,"Many families fail to vaccinate their children despite the supply of these services at no cost. This study tests whether personal reminders can increase demand for vaccination. A field experiment was conducted in rural Guatemala in which timely reminders were provided to families whose children were due for a vaccine. The six-month intervention increased the probability of vaccination completion by 2.2 percentage points among all children in treatment communities. Moreover, for children in treatment communities who were due to receive a vaccine, and whose parents were expected to be reminded about that due date, the probability of vaccination completion increased by 4.6 percentage points. The cost of an additional child with complete vaccination due to the intervention is estimated at about $7.50.",https://doi.org/10.1016/j.jhealeco.2015.08.005,1.3215041
labour,2017,Marginal employment for welfare recipients: stepping stone or obstacle?,"Abstract Marginal employment (ME) is one of the largest forms of atypical employment in Germany. We analyse whether ME has a ‘stepping stone’ function for unemployed individuals, i.e., whether ME increases the subsequent probability of regular employment. We find differing treatment effects by unemployment duration. According to our results, ME increases the likelihood of regular employment within a 3‐year observation period only for those who take up ME several months after beginning to receive benefits. In contrast, for those starting ME within the first months of receiving benefits, there is no effect on the probability of regular employment. Although we took several measures to minimize the impact of unobserved heterogeneity, our results can only be interpreted as causal if the conditional independence assumption holds.",https://doi.org/10.1111/labr.12098,1.3206259
jce,2015,"A reply to “banking crises, labor reforms, and unemployment: A comment”",NA,https://doi.org/10.1016/j.jce.2015.11.001,1.3177378
bjir,2013,Are Unions Good or Bad for Organizations? The Moderating Role of Management's Response,"Abstract Union impact research has been hindered by an underdeveloped conceptualization of management response, contributing to inconclusive empirical findings. Integrating the collective voice/institutional response model with the appropriateness framework, we propose that an employee‐focused business strategy is a critical moderating variable in the relationship between union density and organizational outcomes that mitigates the negative effects of unions and enhances the positive effects by sending a clear signal of management's intentions to co‐operate. Using a panel dataset of C anadian organizations over six years, we provide empirical evidence to support our arguments. Implications for theory and practice are discussed.",https://doi.org/10.1111/bjir.12042,1.3134857
bjir,2014,Beyond the Union‐Centred Approach: A Critical Evaluation of Recent Trade Union Elections in <scp>C</scp>hina,"Abstract Many W estern scholars have regarded union democracy and elections as affairs that are internal to trade unions and unconnected with outside forces. Going beyond the mainstream union‐centred approach, this study critically assesses one significant type of union election that has been emerging in C hina since 2010 and that has been driven by different forces from previous elections. Previous workplace union elections had been ‘top‐down’ — initiated by the party‐state or its apparatuses, or else transnational corporation‐induced — but this newer type of election has been driven by workers' strikes. This study illustrates how the dynamics among the quadripartite actors — party‐state, higher‐level trade unions, capital and labour — have shaped these strike‐driven elections. Contrary to the claim that these elections have been ‘direct’ and ‘democratic’, our case studies show that they have been indirect and quasi‐democratic in nature.",https://doi.org/10.1111/bjir.12111,1.3124249
jbes,2015,Decomposing the Composition Effect: The Role of Covariates in Determining Between-Group Differences in Economic Outcomes,"In this article, we study the structure of the composition effect, which is the part of the observed between-group difference in the distribution of some economic outcome that can be explained by differences in the distribution of covariates. Using results from copula theory, we derive a new representation that contains three types of components: (i) the ""direct contribution"" of each covariate due to between-group differences in the respective marginal distributions, (ii) several ""two-way"" and ""higher-order interaction effects"" due to the interplay between two or more marginal distributions, and (iii) a ""dependence effect"" accounting for between-group differences in dependence patterns among the covariates. We show how these components can be estimated in practice, and use our method to study the evolution of the wage distribution in the United States between 1985 and 2005. We obtain some new and interesting empirical findings. For example, our estimates suggest that the dependence effect alone can explain about one-fifth of the increase in wage inequality over that period (as measured by the difference between the 90% and the 10% quantile).",https://doi.org/10.1080/07350015.2014.948959,1.3109908
ej,2015,"Trade, Wages and Collective Bargaining: Evidence from France","We estimate the impact of international trade on wages using data for French manufacturing firms. We instrument firm‐level trade flows with firm‐specific instrumental variables based on world demand and supply shocks. Both export and offshoring shocks have a positive effect on wages. Exports increase wages for all occupational categories while offshoring has heterogeneous effects. The impact of trade on wages varies across bargaining regimes. In firms with collective bargaining, the elasticity of wages with respect to exports and offshoring is higher than in firms with no collective bargaining. Wage gains associated with collective bargaining are similar across worker categories.",https://doi.org/10.1111/ecoj.12262,1.3079613
ee,2017,Local housing costs and basic household needs,NA,https://doi.org/10.1007/s00181-016-1185-2,1.3077627
jpub,2010,Is power more evenly balanced in poor households?,NA,https://doi.org/10.1016/j.jpubeco.2010.02.003,1.2961329
el,2015,Efficiency in a search and matching model with participation policy,NA,https://doi.org/10.1016/j.econlet.2015.07.002,1.2951561
jae,2014,When Does the Stepping‐Stone Work? Fixed‐Term Contracts Versus Temporary Agency Work in Changing Economic Conditions,"Summary This paper emphasizes differences among short‐term contracts in terms of career prospects. Using French data over the 2002–2010 period, we rely on a dynamic model with fixed effects to disentangle state dependence from unobserved heterogeneity. Although fixed‐term contracts may provide a ‘stepping‐stone’ to permanent positions, temporary agency work is hardly better than unemployment in this regard. The Great Recession of 2008 has changed the dynamics on the labor market and amplified the difference between fixed‐term contracts and temporary agency work. For both types of temporary workers, providing overtime work does not significantly increase the transition to permanent employment. Copyright © 2014 John Wiley &amp; Sons, Ltd.",https://doi.org/10.1002/jae.2394,1.2929053
bjir,2015,The Foundations of Social Partnership,"Abstract ‘Social partnership’ between capital and labour is a distinctive characteristic of German industrial relations. Based on a survey of 142 German employers’ associations, we investigate differences in their support for partnership with unions. We find that organizational characteristics (e.g. membership density) as well as positive experiences with their union counterparts explain why employers’ associations adhere to the norms of social partnership. Building on an analysis that combines political and organizational institutionalism, we find that the positive evaluation of social partnership held by employers is associated with their positive experiences in more recent interactions with unions in collective bargaining, a more encompassing definition of an association's policy domain and a long‐term history of mutual collaboration.",https://doi.org/10.1111/bjir.12151,1.2921191
le,2012,"Vintage effects, aging and productivity",NA,https://doi.org/10.1016/j.labeco.2012.08.005,1.2814032
ilr,2017,Book Review: <i>Myth and Measurement</i> and the Theory and Practice of Labor Economics,NA,https://doi.org/10.1177/0019793917696309d,1.2767049
le,2014,"Search, flows, job creations and destructions",NA,https://doi.org/10.1016/j.labeco.2014.06.004,1.2741996
jbes,2011,The Intergenerational Transmission of Income Volatility: Is Riskiness Inherited?,"Abstract This article examines the intergenerational transmission of income risk. Do risky parents have risky kids? Income volatility—a proxy for income risk—is not observed directly; instead, it must be estimated with substantial error from the time series variability of income. I characterize an income process with individual-specific volatility parameters and estimate the joint distribution of volatility parameters for fathers and for their adult sons. In data from the Panel Study of Income Dynamics, fathers with higher income volatility have sons with higher income volatility. This finding is correlated with, but far from fully explained by, the intergenerational transmission of risk tolerance and of the propensity for self-employment.",https://doi.org/10.1198/jbes.2011.08091,1.2657562
oep,2018,Endogenous real wage rigidity in a search frictions model,"The existing literature often incorporates ad hoc models of exogenous real wage rigidity into search frictions models of the labour market in order to match the large volatility of unemployment observed in the data. In this paper, we develop an alternative version of the search frictions model that incorporates insights from behavioural economics. We derive a model in which endogenous real wage rigidity emerges from optimal wage-setting and show that this model can match the observed volatility of unemployment. Thus our proposed model can match the data as closely as the existing literature but without the disadvantage of assuming exogenous and ad hoc forms of real wage rigidity.",https://doi.org/10.1093/oep/gpy023,1.2620689
cje,2013,Income convergence among U.S. states: cross‐sectional and time series evidence,"Abstract We perform convergence tests on the U.S. states for per capita income from 1930 to 2009. Cross‐sectional tests support overall σ‐convergence and β‐convergence but may not hold true for the last three decades. Time series tests suggest that about half of the states exhibit stochastic convergence and of these all are also β‐converging. Probit regressions reveal that the likelihood a state is converging is a function of changing capital to labour ratios, the size of the agricultural sector, and levels of taxation and tax revenue. Regional disparities in convergence remain among the southern and midwestern states.",https://doi.org/10.1111/caje.12037,1.261153
ir,2017,The Labor‐Market Effects of Occupational Licensing Laws in Nursing,"We study the labor‐market impacts of occupational licensing laws on nursing, an economically important occupation. States adopted licensing of registered and practical nurses at different times, which allows us to estimate the effects of licensing on wages and participation for each nursing profession. We find that licensure raised wages by 5 to 10 percent but there is no evidence that it reduced overall participation. Additionally, we show that licensure equalizes wages within the occupation with minority wages rising faster than nonminority wages; however, licensing had a negative but not statistically significant impact on the participation of minorities in nursing.",https://doi.org/10.1111/irel.12190,1.2546947
jep,2012,<i>The Journal of Economic Perspectives</i> and the Marketplace of Ideas: A View from the Founding,"I welcome the opportunity to join in the celebration of the twenty-fifth birthday of the Journal of Economic Perspectives. It is wonderful to see how this “baby,” which I, along with Carl Shapiro and Timothy Taylor, nurtured through its formative years—from 1984 (three years before the first issue in 1987) until I left in 1993—has grown up and become an established part of the economics profession. In founding the journal, we had many objectives, hopes, and ambitions. We were concerned about the increasing specialization within the economics profession. We sought to have complex and sometimes arcane or highly mathematical ideas translated into plain English, or at least that dialect of the language known as “Economese”—and in a way that was not only informative but engaging. We were worried too about a growing distance between economics and policy. At least a portion of economic research should be related to ideas that were, or should or would be, part of the national and global policy debates. We began with an explicit commitment to present a diversity of viewpoints, hence the word “perspectives” in the title. One of the goals we set out for ourselves was to disseminate developments within economics more rapidly. We never shied away from controversy at the journal, but we tried to ensure that the discussion was balanced.",https://doi.org/10.1257/jep.26.2.19,1.2507824
ilr,2014,Why Are the Relative Wages of Immigrants Declining? A Distributional Approach,"The authors show that the decline in the relative wages of immigrants in Canada is far from homogeneous across the wage distribution. The well-documented decline in the mean wage gap between immigrants and Canadian-born workers hides a much larger decline at the low end of the wage distribution, while the gap hardly changed at the top end of the distribution. Using standard OLS regressions and unconditional quantile regressions, the authors show that both the changes in the mean wage gap and in the gap at different quantiles are well explained by standard factors such as experience, education, and country of origin of immigrants. Interestingly, an important source of change in the wages of immigrants relative to the Canadian born is the aging of the baby boom generation, which has resulted in a relative increase in the labor market experience, and thus in the wages, of Canadian-born workers relative to immigrants.",https://doi.org/10.1177/0019793914546298,1.2472192
el,2013,Bonus payments as an anti-corruption instrument: A theoretical approach,NA,https://doi.org/10.1016/j.econlet.2013.03.036,1.2460642
labour,2016,Educational Attainment and Wage Inequality in Turkey,Abstract This paper analyses the relationship between wage distribution and educational attainment of the workforce. Wage inequality in Turkey decreased over 2002–10; a period over which it also saw an increase in the supply of educated workers. Our findings suggest that decreasing inequality in the bottom half of the distribution was largely due to decreasing returns to education and experience; whereas the moderate decline in inequality in the upper tail of the wage distribution is explained by a fall in returns to the ‘routine’ occupational tasks. The effect of changes in the composition of workers was found to be moderate.,https://doi.org/10.1111/labr.12083,1.2411038
jhr,2016,Prenatal Testosterone and the Earnings of Men and Women,"Abstract Testosterone, which induces sexual differentiation of the male fetus, is believed to transfer from males to their littermates in placental mammals. Among humans, individuals with a male twin have been found to exhibit greater masculinization of sexually dimorphic attributes relative to those with a female twin. We therefore regard twinning as a plausible natural experiment to test the link between prenatal exposure to testosterone and labor market earnings. For men, the results suggest positive returns to testosterone exposure. For women, however, the results indicate that prenatal testosterone does not generate higher earnings and may even be associated with modest declines.",https://doi.org/10.3368/jhr.51.1.30,1.2354761
cje,2015,Labour‐market institutions and their impact on trade partners: A quantitative analysis,"Abstract Recent theoretical literature studies how labour market reforms in one country can affect labour market outcomes in other countries, thereby rationalizing widely held policy beliefs and empirical evidence. But what is the quantitative relevance of such spillover effects? This paper combines two recent workhorse models: the canonical search‐and‐matching framework and the heterogeneous firms international trade model. Qualitatively, the framework confirms that labour market reforms in one country benefit its trading partners, replicating the stylized facts. However, when wages are bargained flexibly, the model quantitatively underestimates the correlation of structural unemployment rates across countries. Introducing some degree of real wage rigidity remedies this problem.",https://doi.org/10.1111/caje.12185,1.2299864
jlr,2017,Women’s Tertiary Education Masks the Gender Wage Gap in Turkey,NA,https://doi.org/10.1007/s12122-017-9243-x,1.2272117
le,2012,Labor force participation and pair-wise efficient contracts with search and bargaining,NA,https://doi.org/10.1016/j.labeco.2012.02.001,1.226075
eer,2017,On the allocation of time – A quantitative analysis of the roles of taxes and productivities,NA,https://doi.org/10.1016/j.euroecorev.2017.10.025,1.2254465
economica,2014,The Assignment of Workers to Tasks with Endogenous Supply of Skills,"This paper presents a general equilibrium assignment model of workers to tasks with endogenous supply of skills. In the model, skills are endogenous and multidimensional, and two types of assignment occur: workers self‐select the type of skills to supply, and firms assign workers to tasks. The model shows that the impact of any skill‐biased technical change on wage inequality is tightly related to the distribution of skills in the population. When the supply of skills is endogenous, productivity effects can be overestimated or underestimated by wage data, and Johnson's ( ) distinction between intensive and extensive technical change is impossible.",https://doi.org/10.1111/ecca.12071,1.2196262
ilr,2018,From “Migrant” to “Citizen”: Labor Market Integration of Former Live-In Caregivers in Canada,"This study examines the impact of attaining permanent resident status on the employment integration of migrant caregivers in Canada. The authors use survey data from 631 caregivers who arrived as migrants under a temporary foreign worker program before transitioning to permanent residency, as well as data from 47 focus group discussions. The authors find that although most caregivers do switch out of caregiving work over time, they often remain within a few, lower-skilled occupations. Postsecondary education acquired before migration has no impact on occupational mobility. Caregivers’ lack of financial stability and the stigmatization of their employment experience often constrain their labor market options; moreover, an emotional bond and sense of obligation toward employers often hinder their ability to move out into other occupations, even after receiving legal permanent resident status. From the empirical results, the authors provide theoretical insights into the complex relationship between immigration patterns and labor markets.",https://doi.org/10.1177/0019793918758301,1.2159368
le,2014,The effect of temporary in-work support on employment retention: Evidence from a field experiment,NA,https://doi.org/10.1016/j.labeco.2014.10.002,1.212115
labour,2010,"Active Labour Market Programmes, Job Search and Job Finding in Denmark","Abstract This paper investigates whether the probability to search for a job and search intensity increase as the start of an Active Labour Market Programme (ALMP) approaches. Further, it investigates whether job search is correlated with job finding. Although previous studies have shown that the chance of job finding increases as the start of an ALMP approaches, it remains an open question what causes this ‘threat effect’. Results show that job search increases as programme start approaches and that there is a positive correlation between job search and job finding. The threat effect can therefore at least partly be attributed to increased job search.",https://doi.org/10.1111/j.1467-9914.2010.00485.x,1.1973314
jole,2011,Women’s College Decisions: How Much Does Marriage Matter?,"This article investigates the sequential college attendance decision of young women and quantifies the effect of marriage expectations on their decision to attend and graduate from college. A dynamic choice model of college attendance, labor supply, and marriage is formulated and structurally estimated using panel data from the NLSY79. The model is used to simulate the effects of no marriage benefits and finds that the predicted college enrollment rate will drop from 58.0% to 50.5%. Using the estimated model, the college attendance behavior for a younger cohort from the NLSY97 is predicted and used to validate the behavioral model.",https://doi.org/10.1086/660774,1.1940728
bjir,2011,Working Hours in Supply Chain Chinese and Thai Factories: Evidence from the Fair Labor Association's ‘Soccer Project’,"Abstract This article examines the determinants of working excessive hours, defined as working in excess of 60 hours per week or for more than six consecutive days, in Chinese and Thai supply chain factories. We use a matched employer–employee dataset collected from 15 Chinese and Thai footwear and sporting apparel supply chain factories, which supply international brands. Matched employer–employee data allow us to examine the effect of worker and firm characteristics on hours worked. We find that in addition to the demographic and human capital characteristics of workers, firm‐level characteristics and worker awareness of how to refuse overtime are important in explaining variation in hours worked.",https://doi.org/10.1111/j.1467-8543.2011.00881.x,1.1933464
jpam,2011,Reducing child support debt and its consequences: Can forgiveness benefit all?,"Abstract As child support debt owed nationally persists at enormous levels, both noncustodial parents and the custodial families who are not receiving support suffer significant hardships, and states are forced to expend greater resources on collection and enforcement efforts. This paper presents findings from an evaluation of a demonstration program developed to help noncustodial parents with large child support debts reduce their debt while simultaneously increasing child support paid to families, through gradual forgiveness of arrears conditional on payment of current child support obligations. The evaluation employs a randomized experimental design, nonexperimental analyses using propensity score matching and multilevel modeling techniques, and focus groups and follow‐up interviews. Results show a pattern of effects that suggests individuals responded to the program as intended. State‐ and family‐owed child support debt balances decreased for program participants, and participants paid more toward their child support obligations and arrears and made more frequent child support payments. The study findings suggest promise for the effectiveness of this program model in reducing child support debt burdens and in increasing families' receipt of child support, and they also point to ways in which the implementation of the program might be improved. © 2011 by the Association for Public Policy Analysis and Management.",https://doi.org/10.1002/pam.20599,1.1921403
bjir,2017,Waving not Drowning: British Industrial Relations in the Twenty‐First Century,NA,https://doi.org/10.1111/bjir.12256,1.1904744
ilr,2013,Does Customer Auditing Help Chinese Workers?,"The authors find that auditing by downstream firms has limited effects on Chinese firms' adherence to labor standards and other measures of blue-collar workers' well-being. Auditing does not affect the supplier's blue-collar employees' wages, probability of belonging to a union, or likelihood of working overtime. Audited firms, however, are more likely to provide rural migrant workers (who usually face discrimination) with government-sponsored medical insurance, business medical insurance, and unemployment insurance.",https://doi.org/10.1177/001979391306600209,1.1903042
jhr,2017,"Information, Market Incentives, and Student Performance","Braz Camargo, Rafael Camelo, Sergio Firpo and Vladimir Ponczek (vladimir.ponczek{at}fgv.br) Braz Camargo is a full professor of economics at the Sao Paulo School of Economics (FGV) in Brazil. Rafael Camelo is director of impact evaluation at Plano CDE Institute in Brazil. Sergio Firpo is Instituto Unibanco Professor of Economics at Insper Institute of Education and Research in Brazil and research fellow at Institute of Labor Economics (IZA). Vladimir Ponczek is an associate professor of economics at the Sao Paulo School of Economics (FGV) and coordinator of the Lab for Evaluation, Analysis and Research in Learning in Brazil (LEARN), Rua Itapeva 474, São Paulo, SP 01332-000, Brazil. This paper originally circulated under the title ""Test Score Disclosure and Student Performance.""",https://doi.org/10.3368/jhr.53.2.0115-6868r1,1.1892325
el,2013,Does working with spouses make teams more productive? A field experiment in India using NREGA,NA,https://doi.org/10.1016/j.econlet.2012.12.026,1.1878743
bjir,2012,Mobilizing Protest: Insights from Two Factory Closures,"Abstract This article draws on investigations of worker response to two factory closures to develop recent discussions around mobilization theory. With many shared characteristics between the factories, both located in the garment manufacturing sector, and with similar workforces and union organization, certain key distinguishing features between the two provide insights into why worker protest became effectively mobilized and sustained in one case but failed to materialize in the other. The findings point to the value of assigning greater weight in studies of worker mobilization to the impact of prior existing social structures within a population, and the interaction between that population, its leaders and wider society.",https://doi.org/10.1111/j.1467-8543.2012.00906.x,1.1876076
jeea,2017,"Immigration, Search and Redistribution: A Quantitative Assessment of Native Welfare","What are the welfare effects of immigration on low-skilled and high-skilled natives? To address this question, we develop a general equilibrium model featuring two skill types, search frictions, wage bargaining, and a welfare state that redistributes income through unemployment benefits and the provision of public goods. Our quantitative analysis suggests that, in all 20 countries studied, immigration attenuates the effects of search frictions. The resulting gains tend to outweigh the welfare costs of redistribution. Immigration has increased native welfare in almost all countries. In two-thirds of countries, both high- and low-skilled natives have benefited from the presence of immigrants, contrary to what models without search frictions or redistribution predict. Average total welfare gains from migration are 1.25% and 1.00% for high- and low-skilled natives, respectively.",https://doi.org/10.1093/jeea/jvx035,1.1852533
le,2014,The contribution of human capital variables to changes in the wage distribution function,NA,https://doi.org/10.1016/j.labeco.2014.03.006,1.185011
jeea,2018,Consumer Spending and Property Taxes,"Abstract A sudden and temporary change to the Italian property tax system in 2011 generated significant variation in the amount of taxes paid across home-owners. Using new questions appositely added to the Survey on Household Income and Wealth, we exploit this cross-sectional variation to provide an unprecedented analysis of the consumption effects of a tax on housing wealth. A tax hike on the main dwelling leads to large expenditure cuts among mortgagors, who hold low liquid wealth despite owning sizable illiquid assets. In contrast, higher tax rates on other residential properties affect affluent households, thereby having a modest impact on their consumer spending. Our results provide novel and direct evidence in favor of recent theories that highlight the role of household debt in the transmission of economic policies.",https://doi.org/10.1093/jeea/jvy008,1.1840776
obes,2017,Life‐Cycle Consumption and Children: Evidence from a Structural Estimation,"I estimate by maximum likelihood a dynamic model of optimal intertemporal allocation of consumption in the presence of children using high-quality Danish longitudinal data. The number and age of all children can affect the marginal utility of consumption while income uncertainty, credit constraints and postretirement motives also influence household behaviour. While I estimate that children have a surprisingly small effect on the marginal utility of non-durable consumption, data simulated from the estimated model replicates similar correlations between log consumption growth and changing household composition as found in the Danish data and typically found in UK and US data. To reconcile the results with existing studies, I illustrate how ignoring precautionary motives increases the estimated importance of children. The results indicate that precautionary motives might play a larger role than children in explaining the observed consumption age profile.",https://doi.org/10.1111/obes.12170,1.1815857
labour,2012,Firm Size and Employment Dynamics: Estimations of Labor Demand Elasticities Using a Fractional Panel Probit Model,"Abstract This paper examines the comprehensive discussion on the relationship between job creation, or destruction and firm size. More specifically, the study will determine whether the argument about small‐ and medium‐sized enterprises (SMEs) showing higher employment dynamics is confirmed or not. As such, the following work applies elasticities from a standard labor demand model derived from the estimations of fractional probit models for panel data, as process recommended in Papke and Wooldridge [2008; Journal of Econometrics 145(1–2): 121–133]. Elasticities are a useful measure of employment dynamics, if it is assumed that SMEs act on the same markets. The elasticity results from German establishment data illustrate that firm size does matter for the increase or decrease of employment. SMEs with less than 10 workers exhibit a higher employment dynamic, compared with other entities, at each respective percentile in the distribution of the wage share. Additionally, the outcome of the analysis weakly confirms the hypothesis that smaller firms are more restricted to capital markets, compared with large entities. The results also illustrate that firm size only explains one aspect of job creation and destruction. As stated in the well‐known Hicks–Marshall rules for elasticities of factor demand, the results illustrate that the reaction of labor demand on economic changes increases with the share of labor. Firms with a high share of labor also have larger elasticities, compared with firms with a strong use of capital. Both effects, the size effect and the effect of the proportion of labor, would blend in reality, and therefore, possibly lead to controversial results for the relationship between firm size and employment dynamics. In addition, a model with a negative relationship among both variables is too simple to explain the behavior of firms.",https://doi.org/10.1111/j.1467-9914.2012.00544.x,1.1803901
jlr,2016,The Effect of Private Sector Work Opportunities in Prison on Labor Market Outcomes of the Formerly Incarcerated,NA,https://doi.org/10.1007/s12122-016-9229-0,1.1778791
le,2018,"More unequal, but more mobile? Earnings inequality and mobility in OECD countries",NA,https://doi.org/10.1016/j.labeco.2018.08.005,1.1765538
bjir,2018,The Effects of Occupational Licensing: Evidence from Business‐Level Data,"Abstract Occupational licensing currently affects more than 1,000 occupations in the United States. I use confidential US Census Bureau business micro‐data to shed light on the effect of occupational licensing in cosmetology on key market outcomes and study its effect on the providers of occupational training. Occupational licensing regulation does not seem to affect the equilibrium number of practitioners or prices of services to consumers, but is associated with significantly lower practitioner entry and exit rates. I further find states with more stringent licensing requirements to have more instructors and a larger median size of training facilities, suggesting possible barriers to entry for the training schools. Instructors, however, do not earn more in such states.",https://doi.org/10.1111/bjir.12434,1.1760722
eer,2015,Average-cost pricing: Some evidence and implications,NA,https://doi.org/10.1016/j.euroecorev.2015.08.003,1.17497
ej,2015,Equality Under Threat by the Talented: Evidence from Worker-Managed Firms,"Does workplace democracy engender greater pay equality? Are high‐ability individuals more likely to quit egalitarian organisational regimes? The article revisits this long‐standing issue by analysing the interplay between compensation structure and quit behaviour in the distinct yet underexplored institutional setting of worker‐managed firms. The analysis is based on novel administrative data sources, which allow constructing a simple ordinal measure of the workers' ability type. The article's key findings are that worker‐managed firms have a more compressed compensation structure than conventional firms, and high‐ability members are more likely than other members to exit.",https://doi.org/10.1111/ecoj.12272,1.1675413
jae,2012,TIME VARIATION IN THE DYNAMICS OF WORKER FLOWS: EVIDENCE FROM NORTH AMERICA AND EUROPE,"SUMMARY Vector autoregressive methods have been used to model the interrelationships between job vacancy rates, job separation rates and job‐finding rates using tools such as impulse response analysis. We investigate whether such impulse responses change across the business cycle or over time, by estimating time‐varying parameter–vector autoregressions for data from North America (the USA and Canada) and Europe (France, Spain and the UK). While the adjustment process of the labour market to shocks in Canada and the USA is similar, we find the adjustment process differs much more across the European countries, with greater persistence in shocks relative to the USA and Canada. Copyright © 2012 John Wiley &amp; Sons, Ltd.",https://doi.org/10.1002/jae.2296,1.1656568
jhr,2016,Wage Discrimination When Identity Is Subjective,"Christopher Cornwell, Jason Rivera and Ian M. Schmutte Christopher Cornwell is a professor of economics at the University of Georgia. Jason Rivera is Senior Manager and Econometrician at Inductis/EXL Service. Ian M. Schmutte is an assistant professor of economics at the University of Georgia",https://doi.org/10.3368/jhr.52.3.0815-7340r1,1.1636564
jlr,2012,Women Move Differently: Job Separations and Gender,NA,https://doi.org/10.1007/s12122-012-9141-1,1.1600647
jhr,2018,"Welfare Rules, Incentives, and Family Structure","Robert A. Moffitt, Brian J. Phelan and Anne E. Winkler Robert A. Moffitt is a Professor of Economics at Johns Hopkins University and is an NBER, IRP, and IZA Affiliate (moffitt{at}jhu.edu). Brian J. Phelan is an Associate Professor of Economics at DePaul University. Anne E. Winkler is a Professor of Economics and Public Policy Administration at the University of Missouri at St. Louis and is an IZA Affiliate.",https://doi.org/10.3368/jhr.55.1.0717.8928r,1.1578445
jpam,2011,The efficiency of a group‐specific mandated benefit revisited: The effect of infertility mandates,"This paper examines the labor market effects of state health insurance mandates that increase the cost of employing a demographically identifiable group. State mandates requiring that health insurance plans cover infertility treatment raise the relative cost of insuring older women of child-bearing age. Empirically, wages in this group are unaffected, but their total labor input decreases. Workers do not value infertility mandates at cost, and so will not take wage cuts in exchange, leading employers to decrease their demand for this affected and identifiable group. Differences in the empirical effects of mandates found in the literature are explained by a model including variations in the elasticity of demand, moral hazard, ability to identify a group, and adverse selection.",https://doi.org/10.1002/pam.20616,1.1561135
jhe,2018,Unemployment insurance and cigarette smoking,NA,https://doi.org/10.1016/j.jhealeco.2018.10.004,1.1551328
le,2017,Why do married women work less in the UK than in France?,NA,https://doi.org/10.1016/j.labeco.2017.12.002,1.153947
le,2014,"Income taxation, labour supply and housework: A discrete choice model for French couples",NA,https://doi.org/10.1016/j.labeco.2014.01.004,1.1442657
ilr,2018,Book Review: <i>Public Service Management and Employment Relations in Europe: Emerging from the Crisis</i> edited by Stephen Bach and Lorenzo Bordogna,NA,https://doi.org/10.1177/0019793917748918,1.141606
cje,2015,"Consumption inequality in Canada, 1997 to 2009","Abstract We assess the evolution of consumption inequality in Canada over the years 1997 to 2009. We correct the imputation of shelter consumption for homeowners to allow for unobserved differences in housing quality correlated with selection into rental tenure, and we account for measurement error in this imputation. Using the annual Survey of Household Spending for years 1997 to 2009, we find that household‐level consumption inequality measured by the Gini coefficient increased from 0.251 to 0.275 over 1997 to 2006. Between 2006 and 2007, consumption inequality may have decreased, and over 2007 to 2009, consumption inequality was flat. Over the entire period of 1997 to 2009, consumption inequality increased moderately. The Gini coefficient for individual‐level consumption inequality followed a similar pattern, though the changes were smaller in magnitude. We also explore a possible correction for tail non‐response bias in inequality measurement and find that the increase in measured consumption inequality is robust to this correction.",https://doi.org/10.1111/caje.12143,1.1360012
labour,2016,Unions and Income Inequality: A Heterogeneous Panel Co‐integration and Causality Analysis,"Abstract Although a large body of research has examined the effects of unions on the wage distribution, surprisingly little attention has been devoted to the effects of unions on the distribution of income. This paper examines the long‐run relationship between unionization and income inequality for a sample of 20 countries. Using heterogeneous panel co‐integration and causality techniques, we find that (i) unions have, on average, a negative long‐run effect on income inequality, (ii) there is considerable heterogeneity in the effects of unionization on income inequality across countries (in 40 per cent of the cases the effect is positive) and (iii) long‐run causality runs in both directions, suggesting that, on average, an increase in unionization reduces income inequality and that, in turn, higher inequality leads to lower unionization rates.",https://doi.org/10.1111/labr.12075,1.133334
jpam,2016,Presidential Address:The Next War on Poverty,NA,https://doi.org/10.1002/pam.21896,1.1327547
le,2013,Workfare for the old and long-term unemployed,NA,https://doi.org/10.1016/j.labeco.2013.04.008,1.1315262
bjir,2013,Financial Participation: Does the Risk Transfer Story Hold in <scp>F</scp>rance?,"Abstract Several articles report a positive effect of financial participation (profit sharing ( PS ) and employee share ownership) on firms' economic performance. This increase can be obtained in two main ways: by increasing the effort (extrinsic, intrinsic or commitment) of workers, directly or indirectly through worker selection; or by transferring more risk to the workers. The question is, of course, not neutral. Indeed, if the risk transfer story is true then it means that the increase of economic performance is obtained at the expense of workers, who take on the burden of more risks. The question is especially important in F rance where financial participation is associated with tax exemption for firms and where it is forbidden by law to substitute base wage and PS . The purpose of our article is to use an employer–employee dataset to answer the question of whether financial participation schemes are mainly designed as a risk transfer (from firms to workers) device.",https://doi.org/10.1111/bjir.12044,1.13081
icc,2016,"That was then, this is now: skills and routinization in the 2000s","We analyze changes in the skill content of occupations in US four-digit manufacturing industries between 1999 and 2010. Following a ""task-based"" approach, we elaborate a measure of non-routine skill intensity that captures the effects of industry exposure to both technology and international trade. The article adds to previous literature by focusing on both the determinants of demand for non-routine skills and their effects on industry productivity and wages. The key finding is that import competition from low-wage countries has been a strong driver of demand for non-routine skills during the 2000s. Both technology and trade with low-wage countries are associated with mild cross-industry convergence in skill intensity, while trade with high- and medium-wage countries are at the root of persistent heterogeneity across occupational groups. We also find that higher non-routine skill intensity has had, at best, a modest effect on productivity and wages, except in high-skill occupations.",https://doi.org/10.1093/icc/dtw030,1.1254045
le,2016,Can arts-based interventions enhance labor market outcomes among youth? Evidence from a randomized trial in Rio de Janeiro,NA,https://doi.org/10.1016/j.labeco.2016.11.008,1.1195463
bjir,2017,Transnational Collective Agreements and the Development of New Spaces for Union Action: The Formal and Informal Uses of International and European Framework Agreements in the UK,"Abstract Transnational collective agreements (TCAs) are an important development in the international dimension of industrial relations. This article compares four case studies of multinational companies in the UK covered by TCAs. Findings show that while the formal influence of TCAs was limited, they were invoked around particular disputes and could strengthen union influence in a context otherwise characterized by limited union rights. Such influence depended on the co‐ordination of workplace‐ and firm‐level industrial relations institutions, union access to management at headquarters level and union receptiveness to and outward engagement with transnational activity. The formal but also the informal dimensions of these dynamics played a significant role.",https://doi.org/10.1111/bjir.12244,1.1188812
aer,2016,"Does the EITC Buffer against Neighborhood Transition? Evidence from Washington, DC","Gentrification in major cities has led to concerns that poor and nonwhite residents are being displaced. This paper uses administrative data on tax filing households in Washington DC to examine the potential role that increases in the Earned Income Tax Credit (EITC) plays in the location choices of the working poor. Its principal findings suggest small effects of the EITC on move decisions. Married households with dependents who received increased EITC payments are slightly more likely to remain in gentrifying neighborhoods. By contrast, single parent filers receiving EITC payments are more likely to exit these neighborhoods.",https://doi.org/10.1257/aer.p20161117,1.1154552
jce,2012,The effects of economic reforms on manufacturing dualism: Evidence from India,NA,https://doi.org/10.1016/j.jce.2012.10.003,1.1141753
ej,2018,Can Internal Migration Foster the Convergence in Regional Fertility Rates? Evidence from 19th Century France,"This article offers an explanation for the convergence of fertility rates across French départements in the second half of the 19th century that emphasises the diffusion of information through internal migration. It tests how migration affected fertility by building a decennial bilateral migration matrix between French départements for 1861–911. The identification strategy uses exogenous variation in transportation costs resulting from the construction of railways. The results suggest that the convergence towards low birth rates can be explained by the diffusion of cultural and economic information pertaining to low-fertility behaviour by migrants, especially by migrants to and from Paris.",https://doi.org/10.1111/ecoj.12623,1.1132393
le,2016,Has performance pay increased wage inequality in Britain?,"Using data from the British Household Panel Survey (BHPS) we show performance pay (PP) increased earnings dispersion among men and women, and to a lesser extent among full-time working women, in the decade of economic growth which ended with the recession of 2008. PP was also associated with some compression in the lower half of the wage distribution for women. The effects were predominantly associated with a broad measure of PP that included bonuses. However, these effects were modest, typically not exceeding a 0.05 log points change in log wage differentials over the decade. Moreover there is no indication that PP became increasingly prevalent, as some had predicted, over the decade prior to recession.",https://doi.org/10.1016/j.labeco.2016.05.002,1.112871
izajl,2016,Prospects for utilisation of non-vacancy Internet data in labour market analysis—an overview,"Abstract Along with the advancement of the Internet in the last decade, researchers have increasingly identified the web as a research platform and a data source, pointing out its value for labour market analysis. This article presents a review of online data sources for this field. Specifically, the article introduces web-based research, focusing on the potential of relatively new data sources such as Google Trends, social networks (LinkedIn, Facebook and Twitter) and Glassdoor (surveys). For these data sources, a review is done and recent empirical applications are listed. Web-based data can further our understanding of the dynamics of the labour market. JEL codes : E4, J2",https://doi.org/10.1186/s40172-016-0042-z,1.1072365
jce,2013,Corporatism and job satisfaction,NA,https://doi.org/10.1016/j.jce.2013.01.005,1.0954973
jhe,2015,"Smoking bans, cigarette prices and life satisfaction",NA,https://doi.org/10.1016/j.jhealeco.2015.09.010,1.0944282
ee,2013,Income inequality between Chinese regions: newfound harmony or continued discord?,NA,https://doi.org/10.1007/s00181-013-0745-y,1.0921813
le,2011,A search interpretation of the family gap,NA,https://doi.org/10.1016/j.labeco.2011.09.010,1.0919381
ei,2014,POLITICAL IDEOLOGY AND ECONOMIC GROWTH: EVIDENCE FROM THE FRENCH DEMOCRACY,"We provide a test of the impact of voters' political ideology on economic growth and of the role of preferences for government size as a transmission channel. We focus on France from the beginning of its stable democratic experience in 1871. A move of voters' ideology to the right increases economic growth over the total observation period. However, the growth effect of ideology is mediated by voters' preferences for government size only during the post‐World War II period. For reverse causality concerns, we use the political ideology of other historical democracies as an instrument variable for France's ideology . ( JEL E6, O43, H11)",https://doi.org/10.1111/ecin.12100,1.089546
jhe,2014,Compensating wage differentials and the impact of health insurance in the public sector on wages and hours,NA,https://doi.org/10.1016/j.jhealeco.2014.08.001,1.0887678
aer,2017,A Structural Model of the Retail Market for Illicit Drugs,"We estimate a model of illicit drugs markets using data on purchases of crack cocaine. Buyers are searching for high-quality drugs, but they determine drugs' quality (i.e., their purity) only after consuming them. Hence, sellers can rip off first-time buyers or can offer higher-quality drugs to induce buyers to purchase from them again. In equilibrium, a distribution of qualities persists. The estimated model implies that if drugs were legalized, in which case purity could be regulated and hence observable, the average purity of drugs would increase by approximately 20 percent and the dispersion would decrease by approximately 80 percent. Moreover, increasing penalties may raise the purity and affordability of the drugs traded by increasing sellers' relative profitability of targeting loyal buyers versus first-time buyers. (JEL D12, K42, L15, L65)",https://doi.org/10.1257/aer.20150540,1.0865192
aejp,2018,Fiscal Centralization: Theory and Evidence from the Great Depression,"The Great Depression produced a profound and lasting influence on the structure of US government. This paper studies theoretically and empirically the increased centralization of revenues and expenditures by the states relative to local governments during this period. A model of property and sales taxation and tax delinquency is introduced. In the model, the income decline of the Depression causes a rise in property tax delinquency and leads to a shift toward sales taxation and fiscal centralization by the states. Empirical evidence based on cross-state variation in the severity of the Depression is consistent with the model's key predictions. (JEL E32, H25, H71, H72, H77, N12, N42)",https://doi.org/10.1257/pol.20150131,1.0826988
oep,2011,The end of destitution: evidence from urban British working households 1904–37,"We estimate the reduction, almost to elimination, of absolute poverty among working households in urban Britain between 1904 and 1937. We exploit two recently-digitized data sets. The paper presents a statistical generalization, to working families in the whole of urban Britain, of the poverty decline found in the town studies by, amongst other, Bowley and Rowntree. We offer corroborative evidence and perform a simulated decomposition of the poverty reduction into its proximate causes. The two most important causes were the rise, 1904–37, of about 30% in real wages on the one hand and the reduction of one-third in the number of people in the average household over the same period. Between them, these two changes imply a near doubling of the income per capita of an average household supported by a worker on the average wage. We conclude with a discussion of deeper causes.",https://doi.org/10.1093/oep/gpr032,1.0710979
ei,2010,WHY DON'T ELIGIBLE FIRMS CLAIM HIRING SUBSIDIES? THE ROLE OF JOB DURATION,"Only a small fraction of firms that hire disadvantaged workers claim the federal subsidies for which they qualify, namely, the Work Opportunity Tax Credit (WOTC) and Welfare-to-Work Tax Credit (WtW). Subsidy benefits depend partially on job duration, with higher subsidy rates above certain job-duration thresholds. I estimate the relationship between a firm's WOTC/WtW participation and its eligible workers' job durations. Using unique Wisconsin administrative data, I find that workers' subsidy rates (determined by hours worked) have the expected relationship to participation: Firms with a larger fraction of workers exceeding the programs' job-duration thresholds are more likely to claim the WOTC/WtW. I also find no evidence that firms systematically modify the job duration of their workers to maximize subsidy payments. (JEL J3)",https://doi.org/10.1111/j.1465-7295.2009.00260.x,1.0656133
ilr,2010,Book Review: Historical Studies: Managing the Human Factor: The Early Years of Human Resource Management in American Industry: Hired Hands or Human Resources? Case Studies of HRM Programs and Practices in Early American Industry,NA,https://doi.org/10.1177/001979391006300314,1.0619712
bjir,2010,Transnational Labour Solidarity and Social Movement Unionism: Insights from and beyond a Women Workers' Strike in Turkey,"Abstract Through an analysis of solidarity across borders and social groups in connection with and beyond a strike on the part primarily of women workers at a foreign‐owned factory in Turkey's Antalya Free Zone, this article contributes to the debate on the two union renewal strategies of transnational labour solidarity and coalition building with social movements. In the case at hand, the extensive strike‐related support on the part of external unions and the women's movement illustrates the positive difference that solidarity practices can make. However, looking beyond the strike itself, the case points to significant challenges related to the development of deeper and more proactive solidarity across borders and social groups.",https://doi.org/10.1111/j.1467-8543.2010.00801.x,1.0615809
le,2014,Dynamic incentive effects of relative performance pay: A field experiment,NA,https://doi.org/10.1016/j.labeco.2014.02.003,1.0604382
ilr,2018,State Collective Bargaining Laws and Public-Sector Pay,"Using the Public Use Microdata Sample from the 2005 to 2015 American Community Survey, the authors provide new evidence on how state collective bargaining laws affect public-sector wages. To isolate the causal effect of bargaining laws on public-sector pay, they examine wage differentials between otherwise similar public- and private-sector employees located in the same local labor market. They estimate difference-in-differences (DD) models that exploit two sources of plausibly exogenous variation: 1) policy discontinuities along state borders and 2) variation within states in collective bargaining laws in states where the majority of public workers are without collective bargaining rights. Findings show that mandatory collective bargaining laws increase public-sector wages by approximately 5 to 8 percentage points. Results therefore suggest that mandatory collective bargaining laws provide a formal mechanism through which public-sector workers are able to bargain for increased compensation.",https://doi.org/10.1177/0019793918808727,1.0561266
ilr,2018,"Multinationals’ Compliance with Employment Law: An Empirical Assessment Using Administrative Data from Ontario, 2004 to 2015","This study contributes new evidence to the literature on multinational corporation (MNC) behavior by exploring three related questions: 1) Do MNCs comply with local employment laws in a developed country? 2) To the extent that compliance varies across MNCs, what factors are important in shaping compliance? 3) Is there a “foreignness” effect for MNCs operating in developed countries, and does this effect vary according to country-of-origin and/or union status? To investigate these questions, the authors compiled unique firm-level administrative data on MNC compliance with regulatory and quasi-regulatory employment practices during mass layoffs in Ontario, Canada. Adopting a research design that uses the behavior of Canadian MNCs as the comparison group, their key findings suggest that unions are a very robust predictor of compliance across all foreign MNCs and systematic country-of-origin effects on MNC compliance are present only in non-unionized workplaces.",https://doi.org/10.1177/0019793918788837,1.0551947
labour,2018,How does the Household Labour Supply Respond to the Unemployment of the Household Head?,"Abstract In this paper, we explore one of the oldest labour market phenomena documented in the literature: the added worker effect. This refers to the labour supply response of secondary earners of the household to the main earner's job losses. Using longitudinal data for Colombia, we find that when the head of the household becomes unemployed, the labour supply of the female partner increases between 9 and 20 percentage points. Such response appears during the first 6 months of the unemployment spell of the household head. In addition, within 1 year of the unemployment shock, household members under college age were more likely to enter the labour market and less likely to be in tertiary education.",https://doi.org/10.1111/labr.12138,1.054898
sej,2010,Optimal Tax Theory: The Journey from the Negative Income Tax to the Earned Income Tax Credit,"What lessons do we learn from optimal tax theory for the design of income redistribution programs? I modify a standard model of optimal nonlinear income taxation with discrete types to consider differences in both earning ability and the disutility of effort. This gives a role for “workfare” in the optimal tax policy. The existence of screening mechanisms can play a role in explaining non‐participation in cash and in‐kind redistribution programs, including Progresa‐Oportunidades, Lifeline Telephone subsidies, and the Special Supplemental Nutrition Program for Women, Infants, and Children (WIC). Stigma can increase efficiency of a redistribution program by discouraging participation by individuals near the eligibility thresholds. The Family Assistance Program proposed in the early 1970s lacked adequate stigma for nonworkers, which contributed to a lack of political support. In contrast, the current Earned Income Tax Credit (EITC) provides greater benefits to workers than to nonworkers. Thus the EITC does not require any stigma to screen out individuals who do not work from obtaining benefits. Reasons for separate income support programs for nonworkers and for workers are discussed.",https://doi.org/10.4284/sej.2010.76.4.861,1.0536358
le,2017,The impact of mass layoffs on the educational investments of working college students,NA,https://doi.org/10.1016/j.labeco.2017.11.008,1.0529072
el,2012,Real interest rate and labor market performance in developing countries,NA,https://doi.org/10.1016/j.econlet.2012.04.091,1.051425
ee,2013,The European unemployment problem: its cause and cure,NA,https://doi.org/10.1007/s00181-013-0746-x,1.0502226
jole,2016,Salience and Social Security Benefits,"We study the effect of salience in the social security benefit system on labor earnings by exploiting kinks and notches in budget lines introduced by earnings testing and social security accrual mechanisms for 67- to 69-year-old workers in Norway. An earnings test had large effects on labor earnings, while an accrual system discontinuity had no discernible effects. We interpret the difference as likely to be caused by a lack of salience in the accrual incentives: agents are not able or willing to take into account the value of future benefit increases when considering the relevant rewards for working.",https://doi.org/10.1086/687580,1.0495313
eer,2018,Labor market effects of demographic shifts and migration in OECD countries,NA,https://doi.org/10.1016/j.euroecorev.2018.11.007,1.047375
jce,2010,The long-run impact of New Zealand’s structural reform on local communities,NA,https://doi.org/10.1016/j.jce.2010.04.003,1.0430279
labour,2017,Flexibility in Wage Setting Under the Threat of Relocation,"Abstract Relocation of production to countries with low labour costs has induced increased labour market flexibility, which has been praised as a silver bullet for economic growth and low unemployment. Within a unionised oligopoly framework, in which a multinational firm has the option to relocate its production to a foreign country, we analyse the welfare implications of both centralised and flexible wage‐setting regimes. For very low foreign wages, wage flexibility leads to higher welfare than a rigid centralised regime. In contrast, for ‘intermediate’ wage levels in the foreign country, an industry‐wide uniform wage leads to higher social welfare than flexible wages.",https://doi.org/10.1111/labr.12118,1.0420668
aer,2012,"Screening, Competition, and Job Design: Economic Origins of Good Jobs","High-performance work systems give workers more discretion, thereby increasing effort productivity but also shirking opportunities. We show experimentally that screening for work attitude and labor market competition are causal determinants of the viability of high-performance work systems, and we identify the complementarities between discretion, rent-sharing, and screening that render them profitable. Two fundamentally distinct job designs emerge endogenously in our experiments: “bad” jobs with low discretion, low wages, and little rent-sharing, and “good” jobs with high discretion, high wages, and substantial rent-sharing. Good jobs are profitable only if employees can be screened, and labor market competition fosters their dissemination. (JEL D12, D82, J24, J31, J41, M12, M54)",https://doi.org/10.1257/aer.102.2.834,1.041109
ee,2018,"Multidimensional poverty in the Philippines, 2004–2013: How much do choices for weighting, identification and aggregation matter?",NA,https://doi.org/10.1007/s00181-018-1493-9,1.0400337
labour,2017,Training Vouchers and Labour Market Outcomes in Chile,"Abstract This paper evaluates the impact of a training voucher programme in Chile, called Bono Trabajador Activo, on two labour market outcomes: monthly earnings and employment probabilities. Using detailed administrative datasets of the National Employment Service and the unemployment insurance system, we combine matching and difference‐in‐difference estimators to measure these effects up to five years after the application to the programme. Our main results indicate that the voucher has an overall positive impact on earnings, on the order of 3.2 per cent, and a small negative impact on formal employment. We find that the programme particularly improves earnings for less educated workers.",https://doi.org/10.1111/labr.12115,1.0331385
jlr,2011,Have Labor Market Reforms at the Turn of the Millennium Changed the Job and Employment Durations of new Entrants?,NA,https://doi.org/10.1007/s12122-011-9123-8,1.0294632
jpe,2018,Post-Schooling Human Capital Investments and the Life Cycle of Earnings,"We propose an original model of human capital investments after leaving school in which individuals differ in their initial human capital obtained at school, their rates of return and costs of human capital investments, and their terminal values of human capital at an arbitrary date in the future. We derive a tractable reduced-form Mincerian model of log earnings profiles along the life cycle that is written as a linear factor model in which levels, growth, and curvature of earnings profiles are individual specific. This provides a structural interpretation of results obtained in the empirical literature on the dynamics of earnings and acknowledges its limitations.",https://doi.org/10.1086/697206,1.0249097
ilr,2016,Book Review: Updating <i>The Transformation of American Industrial Relations</i>,NA,https://doi.org/10.1177/0019793916662005a,1.0248572
le,2014,Comments on “Wage determination and imperfect competition”,NA,https://doi.org/10.1016/j.labeco.2014.07.012,1.0247663
jhr,2018,More Is Less?,Hui Ren Tan (huiren{at}nus.edu.sg) Hui Ren Tan is an assistant professor in the department of economics at the National University of Singapore.,https://doi.org/10.3368/jhr.54.4.0517.8768r1,1.0212567
bjir,2012,Active Labour Market Policy by a Profit‐Maximizing Firm,"Abstract This article investigates the effectiveness of an employment programme exclusively run by a private sector firm in order to find out whether such a programme can be beneficial to both the participating individuals and the private firm. To answer these questions, we use a unique dataset on a private employment programme covering 23 years of operations and data on 1,000 participating unemployed individuals. Using conservative estimates, we show that a private employment programme is more effective in reintegrating the unemployed than public efforts, while providing tangible benefits to the firm.",https://doi.org/10.1111/j.1467-8543.2012.00915.x,1.0196306
bjir,2014,Evaluating Industrial Relations Systems of <scp>OECD</scp> Countries from 1993 to 2005: A Two‐Dimensional Approach,"Abstract This article uses both cross‐sectional and longitudinal methods to evaluate the national industrial relations systems of 30 O rganisation for E conomic C o‐operation and D evelopment ( OECD ) countries from 1993 to 2005. We adopt a pluralistic view of industrial relations that gives equal weight to efficiency and equity, along with a general systems model consisting of input, process and output. We rank each country in terms of a combined score of efficiency and equity. We find that the 30 OECD countries can be separated into three distinct groups (high on both equity and efficiency; high on efficiency but low on equity; moderate on equity and low on efficiency), and that these groups exhibit considerable stability over time.",https://doi.org/10.1111/bjir.12092,1.0183892
bjir,2011,"Legacies, Conflict and ‘Path Dependence’ in the Former Soviet Union","Abstract This article analyses management–union–worker relations in a foreign‐owned Moldovan clothing factory. Studies of post‐socialist industrial relations have focused on explaining labour quiescence, advancing ‘path dependence’ and ‘Soviet legacy’ arguments. These draw attention to strong links between management and unions, and weak relations between the latter and workers. We show how the union has, in one case, drawn creatively on Soviet legacies to develop strong articulation between itself and women workers. This was part of a wider adaptive strategy within which the union transformed the meaning of previous functions and developed novel ones. The outcome is a well‐organized representative union capable of challenging management at the negotiating table, as well as on the shop floor. This seems unlikely to be universal but equally unlikely to be unique.",https://doi.org/10.1111/j.1467-8543.2010.00840.x,1.0138887
le,2013,The impact of potential labor supply on licensing exam difficulty,NA,https://doi.org/10.1016/j.labeco.2013.04.007,1.0123692
jce,2015,"Banking crises, labour reforms, and unemployment: a comment",NA,https://doi.org/10.1016/j.jce.2015.04.003,1.0074399
le,2015,Who gets to cross the border? The impact of mobility restrictions on labor flows in the West Bank,"This paper examines the impact of labor mobility restrictions such as border closures, physical obstacles and unequally accessed ID cards and work permits on the labor flows of West Bank residents. The results demonstrate that for Jerusalem residents, mobility restrictions reduce out-migration but they are much more pronounced in impeding out-migration to Israel proper than to Israeli settlements. Additionally, an increase in the number of border closures per quarter has a positive and significant impact on the odds of facing unemployment for all groups, but is especially high for migrant workers residing outside of Jerusalem. A lower bound estimate of the economic cost of a 50 day increase in the number of border closures (1.78 standard deviations) per quarter is about USD 1.7 million per day in the subsequent quarter. The paper also concludes that the determinants of out-migration differ from those of return-migration. For example, while border closures and unemployment status during previous visits are strong determinants of out-migration, the decision to return is driven by relatively low wages and lacking the necessary legal documentation to enter Israel. The findings in this paper are consistent with international studies that ascribe inefficiency in labor markets to restrictions on labor mobility across regions.",https://doi.org/10.1016/j.labeco.2015.03.016,1.0059471
jbes,2017,Modeling Endogenous Mobility in Earnings Determination,"We evaluate the bias from endogenous job mobility in fixed-effects estimates of worker- and firm-specific earnings heterogeneity using longitudinally linked employer–employee data from the LEHD infrastructure file system of the U.S. Census Bureau. First, we propose two new residual diagnostic tests of the assumption that mobility is exogenous to unmodeled determinants of earnings. Both tests reject exogenous mobility. We relax exogenous mobility by modeling the matched data as an evolving bipartite graph using a Bayesian latent-type framework. Our results suggest that allowing endogenous mobility increases the variation in earnings explained by individual heterogeneity and reduces the proportion due to employer and match effects. To assess external validity, we match our estimates of the wage components to out-of-sample estimates of revenue per worker. The mobility-bias-corrected estimates attribute much more of the variation in revenue per worker to variation in match quality and worker quality than the uncorrected estimates. Supplementary materials for this article are available online.",https://doi.org/10.1080/07350015.2017.1356727,1.0048653
ir,2013,"Temporary Help Work: Earnings, Wages, and Multiple Job Holding*","Temporary help services ( THS ) employment has been growing in size, particularly among disadvantaged workers. An extended policy debate focuses on the low earnings, limited benefits, and insecurity that such jobs appear to provide. We investigate the earnings and wage differentials observed between THS and other jobs in a sample of disadvantaged workers. We find lower quarterly earnings at THS jobs but a $1 per hour wage premium. We reconcile these findings in terms of the shorter duration and lower hours worked at THS jobs. We interpret the premium as a compensating wage differential.",https://doi.org/10.1111/irel.12047,1.0017532
bjir,2011,Between Fragmentation and Centralization: South Korean Industrial Relations in Transition,"This study investigates profound changes in South Korean industrial relations after the Asian financial crisis of 1997. Korea's neoliberal labour reforms have produced a large number of non-standard workers, deepening the union representation gap. Realizing that the fragmented enterprise unions could not adequately protect workers from this degradation of labour, trade union leaders began a major organizational drive at the industry level and tried to institutionalize sectoral bargaining. A political space for union centralization was partially opened because the state needed labour's co-operation to implement neoliberal reform packages. However, disorganized centralization in Korea, where important decisions on wages and working conditions have been negotiated mainly at the company level, has faced limitations in achieving meaningful changes in the dualistic structure of the labour market. This study concludes with a review of changes in Korea's labour law in 2010 and a discussion on the effects of the law on bargaining rights of non-standard workers and the incipient industry-level bargaining. This trend towards union centralization may continue, but the notable gap between the formal bargaining structure and actual practice is expected to widen.",https://doi.org/10.1111/j.1467-8543.2011.00876.x,1.001113
eer,2012,On the inefficiency of matching models of unemployment with heterogeneous workers and jobs when firms rank their applicants,NA,https://doi.org/10.1016/j.euroecorev.2012.09.007,0.9999232
ei,2017,LABOR MARKET DYNAMICS WITH SEARCH FRICTIONS AND FAIR WAGE CONSIDERATIONS,"Fairness considerations in wage setting can improve the ability of the Diamond‐Mortensen‐Pissarides search and matching model to account for U.S. labor market dynamics. Firms' production is influenced by workers' effort input, which depends on whether workers consider the employment relation as fair. A typical worker's effort is determined in a comparison of individual current wage with wage norms, including the outside option, the individual past wage, and the wage level in the steady state. The fairness considerations in the search framework give rise to endogenous real wage rigidity, and realistic volatilities of unemployment, vacancies, and labor market tightness. ( JEL E24, E32, J64)",https://doi.org/10.1111/ecin.12428,0.9967307
labour,2010,Turnover and Excess Worker Reallocation. The Veneto Labour Market between 1982 and 1996,"This research exploits a large matched employer–employee data set for an Italian region, the Veneto, that is presented here for the first time, in order to analyse job and worker flows. In a first part, the paper computes worker turnover, job turnover, and excess worker reallocation over a time span of 14 years. The results are discussed, and comparisons are made between the quantitative features of the labour market in the Veneto region and those of other labour markets. In a second part, turnover and excess worker reallocation are related to search costs, and new empirical evidence is presented that helps in understanding the connections between search activity, unemployment, and the economic cycle.",https://doi.org/10.1111/j.1467-9914.2010.00481.x,0.9900269
le,2016,Who really benefits from export processing zones? Evidence from Nicaraguan municipalities,"Export processing zones are popular trade policies in developing countries, but there is limited empirical evidence on their local effects. This paper examines the impact of their establishment on the levels of per capita expenditure across Nicaraguan municipalities for the period 1993 to 2009. Using the time and cross-section variation of park openings in a difference-in-differences framework, I find that on average consumption levels increased by 10 to 12% in treated municipalities. Yet, average effects mask significant disparities across the expenditure distribution. The results suggest that the policy benefited the upper-tail the most: expenditure levels increased by up to 25% at the 90th percentile. At the opposite of the distribution, only the bottom decile registered a small positive effect of close to 10% across the period.",https://doi.org/10.1016/j.labeco.2016.05.016,0.9888828
jhe,2017,Supplemental health insurance in the Colombian managed care system: Adverse or advantageous selection?,NA,https://doi.org/10.1016/j.jhealeco.2017.02.008,0.9810452
ilr,2011,Employer Size or Skill Group Size Effect on Wages?,"The authors analyze explanations for firm- or establishment-size effects on wages. One theory is that each firm faces an upward sloping supply curve for labor, implying that the number of any particular type of worker should matter for his or her level of pay, rather than the total number of workers in the firm. To test this hypothesis, the authors add the log of skill group size to the standard log wage equation. Results indicate that the traditional employer-size effect on wages dwindles away once control for the number of workers of the same skill group (educational type) as the observed individual within the establishment is added to the equation. The skill group size effect on wages is substantial. After controlling for both individual- and establishment-specific heterogeneity, a dwindling employer-size effect and a significant group size effect remain.",https://doi.org/10.1177/001979391106400207,0.9773124
le,2017,Are starting wages reduced by an insurance premium for preventing wage decline? Testing the prediction of Harris and Holmstrom (1982),NA,https://doi.org/10.1016/j.labeco.2017.06.005,0.96875966
obes,2018,The Labour Market Effects of Increases in Social Insurance Premium: Evidence from Japan,"Abstract Exploiting heterogeneous variations in labour cost increases due to Japan's 2003 social insurance premium reform as a natural experiment, we estimate the impacts of the increased social insurance premiums on employment, working hours and payroll costs. Using the difference‐in‐differences method with establishment fixed effects, we find that firms reduce the number of employees and increase average annual earnings from longer working hours in response to an exogenous increase in labour costs without productivity gains. Firms manage to pay for this increase in the average wage paid to the remaining workers by reducing the number of employees to keep total payroll costs unchanged. In contrast, since social insurance premiums are shared equally between employees and employers, firms pay the remaining half premiums that they are imposed with. Sub‐sample analyses show that firms adhering to a labour hoarding policy did fire many workers taking advantage of the 2003 reform. This may indicate that the reform provided a good excuse to cut employment in firms that had been forced to comply with a labour hoarding policy even in an over‐employment situation, which is more likely in sectors and countries where dismissals are rigorously regulated.",https://doi.org/10.1111/obes.12226,0.96512854
bjir,2015,"The Setback in Political Entrepreneurship and Employment Dualization in Japan, 1998–2012","Abstract Scholars are mainly concerned about how policy makers in advanced countries have succeeded in dualizing labour market regulations in a way to realize their vision or to represent powerful industrial interests. However, Japan's recent experiences suggest the possibility that this dualization is not such a straightforward outcome. This study argues that as Japan's political entrepreneurs have undergone setbacks in their reform attempt to overcome the tradition of employment dualism, they have improvised to close the reform process by institutionalizing this tradition. This study corroborates the argument by investigating state‐industry conflicts over the revisions of the Worker Dispatch Law in 1999, 2003 and 2012.",https://doi.org/10.1111/bjir.12132,0.9632056
jce,2015,The motherhood wage penalty in times of transition,NA,https://doi.org/10.1016/j.jce.2015.10.009,0.9587657
ei,2017,EFFECTS OF WELFARE REFORM ON WOMEN'S VOTING PARTICIPATION,"This study investigates the effects of welfare reform in the United States in the 1990s on voting among low‐income women. Using the November Current Population Surveys with the added Voting and Registration Supplement for the years 1990 through 2004 and exploiting changes in welfare policy across states and over time, we estimate the causal effects of welfare reform on women's voting registration and voting participation during the period in which welfare reform unfolded. During this time period, voter turnout was decreasing in the United States. We find robust evidence that welfare reform led to smaller declines in voting (about 3 to 4 percentage points, which translates to about 10% relative to the baseline mean) for women who were exposed to welfare reform compared to several different comparison groups of similar women who were much less exposed. The robust findings suggest that welfare reform had prosocial effects on civic participation, as characterized by voting. The effects were largely confined to presidential elections, were stronger in Democratic than Republican states, were stronger in states with stronger work incentive policies, and appeared to operate through employment, education, and income. (JEL D72, H53, I38, J21)",https://doi.org/10.1111/ecin.12433,0.9549837
labour,2016,From Soviet to Europe: Returns to Education Puzzle in Bulgaria,"Abstract This article makes a systematic presentation of returns to education in Bulgaria, a country that has witnessed a number of dramatic structural changes over the last two decades. It examines the headway of returns to education for Bulgaria in two observed economic regimes — from communism to EU membership. The findings show a steady increase in returns to education for both men and women until 2003. The average returns to one additional year of education rose from 1.1 per cent in 1986 to 5.1 per cent in 2003 for men and from 2.1 to 5.9 per cent for women. Quantile regression estimations between 1986 and 2003 evince that the most prominent increase in the wage premium occurred at the top end of the distribution, where the rate of returns to education increased in particular for women — from a negative and insignificant sign in 1986 to 7 per cent in 2003. However, this increasing trend in returns to education seems to take an inverted U‐shape in 2007, the year when the country joined the EU , which poses a new puzzle to be resolved. To this end, the current article introduces possible explanations for such a puzzle and sheds lights on a number of insightful policy implications.",https://doi.org/10.1111/labr.12080,0.9548974
ei,2018,<i>Economic Inquiry</i> 2017 Editor's Report,NA,https://doi.org/10.1111/ecin.12704,0.9511636
jpam,2015,DYNAMIC SCORING,NA,https://doi.org/10.1002/pam.21866,0.9495053
jhr,2018,Speech and Wages,Jeffrey Grogger Jeffrey Grogger is the Irving Harris Professor in Urban Policy at the University of Chicago Harris School of Public Policy.,https://doi.org/10.3368/jhr.54.4.0617.8841r,0.9485393
bjir,2011,"The Evolution of the Modern Workplace - Edited by William Brown, Alex Bryson, John Forth and Keith Whitfield","The British Workplace Employment Relations Surveys (WERS) represent the best source of data on the evolution of any single country's industrial relations system and workplace employment practices.What is unusual about the WERS surveys is that they provide both a series of snapshots of workplace employment relations across three decades and a great breadth of information that allows examination of a wide range of workplace issues with authoritative data sources.The strengths of the WERS are evident in this volume, which includes chapters investigating a wide range of different subject matter, written by a veritable who's who of leading British industrial relations scholars, drawing on evidence from the 1980 through 2004 WERS surveys (or WIRS as the early versions were designated).Taken as a whole, The Evolution of the Modern Workplace can be seen as fulfilling two different, but equally important roles.The first is as a compendium of information and data on key aspects of workplace employment relations.One could imagine it serving as an excellent",https://doi.org/10.1111/j.1467-8543.2010.00843.x,0.94661033000000006
el,2017,Labor market search effort with reference-dependent preferences,NA,https://doi.org/10.1016/j.econlet.2017.04.016,0.94341874
le,2018,Public wage spillovers: The role of individual characteristics and employer wage policies,NA,https://doi.org/10.1016/j.labeco.2018.08.008,0.93708384
sej,2015,Hot Spot Policing: A Study of Place-Based Strategies for Crime Prevention,Hot spot policing is a popular policing strategy that addresses crime by assigning limited police resources to areas where crimes are more highly concentrated. We analyze this strategy using a game theoretic approach. The main argument against focusing police resources on hot spots is that it would simply displace criminal activity from one area to another. We provide new insights on the nature of the displacement effect with useful implications for the empirical analysis of crime-reduction effects of police reallocation. We also propose alternative place-based policies that display attractive properties in terms of geographic spillovers of crime reduction via optimal police reallocation.,https://doi.org/10.1002/soej.12112,0.93463683
sej,2012,Contests for Ranks: Experimental Evidence,"We use experiments to analyze multiple dimensions of the relationship between rank incentives and individual performance. In our experiment (i) rank is defined as subjects' relative position in their group based on their performance in a real effort task and (ii) subjects' earnings are independent of their performance. We find that any rank incentive improves mean performance than no rank incentive, and this result is independent of the group size. In the large group, the mean performance increases strictly in all except at the highest rank incentive, but in the small group the mean performance increases weakly in rank incentives. Finally, the mean performance is significantly higher in the large than in the small group because of a higher “prestige effect.” In additional treatments in which we do not reveal the identity of the status‐prize winners, we find that average performance is identical to that in the baseline treatment without any status prizes. The last result signifies the important role that public revelation plays to enhance the strength of status. The results are important for managerial practices.",https://doi.org/10.4284/0038-4038-2011.020,0.9342658
labour,2017,Labour demand and supply changes in Norway following an imposed harmonization of geographically differentiated payroll-tax rates,"Abstract The payroll tax is an important source for public financial revenues. Utilizing Norwegian population‐wide linked‐employer‐employee register‐data for 2001–12 while exploiting the harmonizing of the geographically differentiated payroll tax imposed by the EU , I show that payroll tax increases are shifted onto workers’ hourly wages thus reducing these. Annual earnings also drop as the payroll tax grows. Neither unemployment nor employment levels are affected in the short‐run, but the payroll‐tax levels and the number of sick leave days appear positively correlated. In the long run, entry into retirement and DI rolls increase. Thus the tax hike induces the withdrawal of workers from the labour force.",https://doi.org/10.1111/labr.12119,0.92173564
jpub,2014,"Incentives to create jobs: Regional subsidies, national trade policy and foreign direct investment",NA,https://doi.org/10.1016/j.jpubeco.2013.12.015,0.8975943
jce,2015,In the shadow of the Gulag: Worker discipline under Stalin,NA,https://doi.org/10.1016/j.jce.2015.01.005,0.89515996
jole,2013,Data Improvement and Labor Economics,"The expansion of available data for research has transformed empirical labor economics over the past generation. This paper briefly highlights some of the changes and describes a few examples of papers that illustrate the advances. It also documents the changing ways data have been used in the Journal of Labor Economics over the past 30 years, including a trend toward a higher fraction of papers using any data and, among those papers using any data, a higher fraction using nonpublic data, a higher fraction using international data, and more frequent use of multiple data sources. Finally, this paper describes work that came out of the recent Princeton Data Improvement Initiative—a program that considers and furthers improved data collection.",https://doi.org/10.1086/670384,0.8886448
jce,2015,"A comment to the reply to “banking crises, labor reforms, and Unemployment: A Comment”",NA,https://doi.org/10.1016/j.jce.2015.11.002,0.8840257
economica,2018,"Intergenerational Earnings Persistence and Economic Inequality in the Long Run: Evidence from French Cohorts, 1931–75","This paper analyses long‐term trends in intergenerational earnings persistence in France for male cohorts born between 1931 and 1975. This time period has witnessed important changes in the French labour market and educational system, in particular an important compression of earnings differentials as well as a large expansion in access to secondary and higher education. Using a two‐sample instrumental variables approach, I estimate two measures of intergenerational economic persistence: the intergenerational earnings elasticity (IGE) and the intergenerational correlation (IGC). Over the period, the IGE exhibits a V‐shaped pattern. It falls from a high of value of 0.6 for cohorts born in the 1930s to around 0.4 for those born in the 1950s, but subsequently rises to a level close to that at the beginning of the period. In contrast, the IGC remains relatively stable over the period. This suggests that changes in the IGE are partly driven by transitory responses to changes in cross‐sectional inequality rather than long‐term changes in the degree of intergenerational persistence.",https://doi.org/10.1111/ecca.12269,0.88215417
ilr,2014,How Institutional and Organizational Characteristics Explain the Growth of Contingent Work in China,"China’s traditional model of long-term employment has been undermined by an increased reliance on nonrenewable fixed-term and temporary agency employment contracts. In this study, the author draws on survey data from 130 establishments and interviews of 48 key informants to explore the spread of contingent work. Results indicate that state-owned and unionized establishments are more likely to use contingent labor, and stringent and uncertain enforcement of labor regulations is positively associated with its use. The qualitative analysis presents managers’ interpretations of these relationships. In the presence of weak labor institutions and poor enforcement, managers adopt contingent employment practices to retain the power to terminate employees at will, accrue benefits through regulatory arbitrage, and promote their own interests when handling conflicting intra-organizational demands.",https://doi.org/10.1177/0019793914564965,0.88091844
ee,2013,Unemployment duration and the role of compositional variation: evidence from a period of economic crisis in Finland,NA,https://doi.org/10.1007/s00181-013-0732-3,0.8797751
ilr,2014,The Impact of Client Nonpayment on the Income of Contingent Workers: Evidence from the Freelancers Union Independent Worker Survey,"The authors use the Freelancers Union's annual Independent Worker Survey (IWS) from 2007 to 2011, the union's administrative membership file, and the American Community Survey to estimate the extent to which client nonpayment of independent workers is a problem and the ability of a written contract to reduce the odds of nonpayment. They develop tests for nonresponse and sample selection biases, although due to a lack of instrumental variables and contract endogeneity, they must speculate on the size of the bias. They find that contract use is associated with income that is 13.7% higher (for New York State respondents 21.7% higher) than income produced without a contract. They also find that contract use reduces nonpayment; however, even when a contract is used, 38.8% of respondents still had trouble getting paid: One-third were paid late, and 10% were either paid less than the agreed upon amount or were never paid.",https://doi.org/10.1177/00197939140670s310,0.86956173
restat,2012,From the Peaks to the Valleys: Cross-State Evidence on Income Volatility over the Business Cycle,"Countercyclical variation in individuals' idiosyncratic labor income risk could generate substantial welfare costs. Following past research, we infer income volatility—the variance of permanent income shocks, a standard proxy for income risk—from the rate at which cross-sectional variances of income rise over the life cycle for a given cohort. Our novelty lies in exploiting cross-state variation in state economic conditions or state sensitivity to national economic conditions. We find that income volatility is higher in good state times than bad; during good national times, we find volatility is higher in states that are more sensitive to national conditions.",https://doi.org/10.1162/rest_a_00299,0.868839
labour,2013,Does Rent‐sharing Profit Female and Male Workers? Evidence from <scp>I</scp>sraeli Matched Employer–Employee Data,"Abstract This paper analyses the impact of workplace characteristics on individual wages based on a unique cross‐section matched employer–employee data set for the I sraeli private manufacturing sector in 1995. Specifically, we examine the effects of the interaction between profit‐sharing and wages on the gender wage gap. The empirical findings show that individual compensation is significantly and positively correlated with firms’ profits‐per‐employee, even when controlling for all of the following: group effects in the residuals, individual and firms’ characteristics, industry wage differentials and endogeneity of profits. Wage–profit elasticity is found to be 11 per cent and it does not significantly differ between genders. With respect to the overall gender wage gap (on average women earn 28 per cent less than men), the results show that within firms there is no gender discrimination and that 12 per cent of this gap can be explained by the wage–profits profile and by the fact that women are more likely to be employed in less profitable firms than men.",https://doi.org/10.1111/labr.12016,0.861547
labour,2015,What Survey Data Reveal about Price and Wage Rigidity in <scp>P</scp>ortugal,"Abstract This paper exploits the information collected from a survey conducted on a sample of P ortuguese firms to study the patterns of firms’ price and wage adjustments and the extent of nominal price and wage rigidities. The evidence shows that the frequency of price changes varies substantially across sectors and depends on the intensity of competition, the share of labor costs and firms’ price reviewing behavior. The results also suggest that the constraint imposed by the presence of downward nominal wage rigidity is less important in firms where the fraction of permanent and high‐skilled workers is lower and the share of flexible pay components is higher.",https://doi.org/10.1111/labr.12056,0.8603735
le,2014,The effects of savings on reservation wages and search effort,NA,https://doi.org/10.1016/j.labeco.2014.03.001,0.86012584
labour,2011,Do Tax-Benefit Systems Cause High Replacement Rates? A Decompositional Analysis Using EUROMOD,"This paper considers using a cross-country microsimulation tax–benefit model for Europe, EUROMOD, to simulate the distribution of replacement rates for six European countries, Denmark, France, Germany, Italy, Spain, and the UK. In particular we show the important role of household composition and the presence of other household members' incomes in preserving the standard of living while out of work compared with the impact of the tax–benefit system. Given this strong influence of primary incomes, replacement rates are not necessarily the best indicator of the impact of the tax–benefit system in this respect. We therefore consider in addition an alternative measure, the participation tax rate.",https://doi.org/10.1111/j.1467-9914.2010.00501.x,0.8588936
ej,2017,The Contribution of Early‐life<i>Versus</i>Labour Market Factors to Intergenerational Income Persistence: A Comparison of the UK and Sweden,"We explore whether differences in intergenerational income mobility between the UK and Sweden show up early in life, finding stronger associations between parental income and birthweight, height and school performance in the UK. We investigate whether these differentials can account for the country difference in income mobility. While differences in the associations in birthweight and height are too weak to matter, school performance does account for a substantial part of this difference. However, country differences in the earnings returns to these skills are at least as important as the differences in the link between parental income and skills.",https://doi.org/10.1111/ecoj.12328,0.8566468
izajl,2016,Self-employment in an equilibrium model of the labor market,"Abstract Self-employed workers account for between 8 and 30 % of participants in the labor markets of OECD countries (Blanchower, Self-employment: more may not be better, 2004). This paper develops and estimates a general equilibrium model of the labor market that accounts for this sizable proportion. The model incorporates self-employed workers, some of whom hire paid employees in the market. Employment rates and earnings distributions are determined endogenously and are estimated to match their empirical counterparts. The model is estimated using the British Household Panel Survey (BHPS). The model is able to estimate nonpecuniary amenities associated with employment in different labor market states, accounting for both different employment dynamics within state and the misreporting of earnings by self-employed workers. Structural parameter estimates are then used to assess the impact of an increase in the generosity of unemployment benefits on the aggregate employment rate. Findings suggest that modeling the self-employed, some of whom hire paid employees implies that small increases in unemployment benefits leads to an expansion in aggregate employment. JEL Classification J21, J24, J28, J64",https://doi.org/10.1186/s40172-016-0046-8,0.8563823
bjir,2014,"Employment Relations in the Shadow of Recession: Findings from the 2011 Workplace Employment Relations Study, by BrigidvanWanrooy, HelenBewley, AlexBryson, JohnForth, StephanieFreeth, LucyStokes and StephenWood. Palgrave Macmillan, London, 2013, 268 pp., ISBN: 978 1137275769, £24.99, paperback.",NA,https://doi.org/10.1111/bjir.12069,0.8556236
ilr,2018,Book Review: <i>Humans as a Service: The Promise and Perils of Work in the Gig Economy</i> by Jeremias Prassl,NA,https://doi.org/10.1177/0019793918804812,0.8548697
ilr,2018,Introduction to a Special Issue on the Impact of Immigrant Legalization Initiatives: International Perspectives on Immigration and the World of Work,"This article is the third in a series to celebrate the 70th anniversary of the ILR Review. The series features articles that analyze the state of research and future directions for important themes the journal has featured over its many years of publication. In this issue, we also feature a special cluster of articles and book reviews on one of the most critical labor market issues across the globe—the legalization and integration of immigrants into national labor markets. Despite the urgent need for immigration reform in the United States, there is a paucity of US research that looks at the impact of a shift from unauthorized to legal immigrant status in the workplace. The US immigration literature has also paid little attention to immigrant legalization policies outside of the United States, despite the fact that other countries have implemented such policies with far more regularity. The articles in this special issue draw on studies of legalization initiatives in major immigrant destinations: Canada, Italy, and the United Kingdom. Together they underscore the importance of cross-national perspectives for understanding the range of legalization programs and their impact on immigrant workers, the workplace, and the labor market. These findings contribute to key questions in migration scholarship and inform the global policy debate surrounding the integration and well-being of immigrants.",https://doi.org/10.1177/0019793918775362,0.854255
sej,2017,Is Economics Useful for Public Policy?,"Economists have always played an important role in major public policy debates. Even so, I believe that the role of economists in these public policy discussions has often been misguided because it has typically relied upon ""best practices,"" stated in the form of ""general guidelines"" or even ""universal principles."" However, ""best practices"" are not best if the specific situation does not conform with the assumptions that underlie the advice. So my first conclusion is a cautionary, and negative, one: Specific circumstances differ so profoundly across individuals, firms, markets, countries, and time that most any attempt to define ""best practices"" that apply in all circumstances will lead to profoundly misleading public policy recommendations. However, even if economics cannot identify ""the"" truth, it can often identify ""a"" truth. So my second conclusion is a more positive one: Economists should continue to develop multiple theories that inform public policies, but we should also focus our efforts on identifying and testing the critical assumptions that drive the results of these theories, recognizing that the validity of any assumptions will depend intimately on specific circumstances. I illustrate these two main conclusions with specific examples from my own work. I conclude with some ""best practices"" recommendations of my own, recognizing the obvious irony of such an effort.",https://doi.org/10.1002/soej.12208,0.84333825
jce,2014,"Episodes of unemployment reduction in rich, middle-income and transition economies",NA,https://doi.org/10.1016/j.jce.2014.04.009,0.83579224
oep,2014,The effect of private versus public ownership on labour earnings,"We examine the impact of privatization on wage formation in unionized labour markets. Using longitudinal worker-firm data for Portugal spanning the period 1991–2007, we find that privatization significantly increases the actual paid wage and show that this effect occurs via two different channels. First, privatization tends to increase the wage floor negotiated via collective bargaining. Second, privately owned firms tend to pay larger mark-ups on the union wage floor. These effects are heterogeneous across bargaining regimes and worker groups, with pay rises occurring only under more decentralized bargaining settings, and accruing predominantly to newcomers to the firm and highly educated workers.",https://doi.org/10.1093/oep/gpu017,0.83502775
jhr,2010,Two Sides of the Same Coin,"Abstract We show that the narrowing gender gap and the growth in earnings inequality are consistent with a simple model in which skills are heterogeneous, and the growth in skill prices has been particularly strong for skills with which women are well endowed. Empirical analysis of DOT, CPS, and NLSY79 data finds evidence to support this model. A large increase in the prices of cognitive and people skills—skills with which women are well endowed—and a decline in the price of motor skills account for up to 40 percent of the rising inequality and 20 percent of the narrowing gender gap.",https://doi.org/10.3368/jhr.45.1.197,0.83312845
jhr,2018,Does Access to Family Planning Increase Children’s Opportunities? Evidence from the War on Poverty and the Early Years of Title X,"Martha J. Bailey (baileymj{at}umich.edu), Olga Malkova (o.malkova{at}uky.edu) and Zoë M. McLaren (zmclaren{at}umich.edu) Martha Bailey is a Professor of Economics at the University of Michigan, 611 Tappan Street, Ann Arbor, MI 48109. Olga Malkova is an Assistant Professor of Economics at the University of Kentucky, Gatton College of Business and Economics, Lexington, KY 40502. Zoë McLaren is an Assistant Professor of Health Management and Policy, School of Public Health, University of Michigan, 1415 Washington Heights, M3166, Ann Arbor, MI 48109-2029.",https://doi.org/10.3368/jhr.55.1.1216-8401r1,0.8322182
ee,2018,Drug-related violence in Mexico and its effects on employment,NA,https://doi.org/10.1007/s00181-018-1458-z,0.8308524
ilr,2014,It’s a Long Way from Norms to Normality,"The present overview on existing research addresses the double implication of working-time standards as legal (or contractual) norms, on the one hand, and socially established normality, on the other. Looking primarily at the evidence on the statutory 35-hour week in France, the author discusses the question of how changes in norms as stipulated by law or collective agreements may affect working-time practices in the society. Given the specific institutional and policy tradition of statist intervention in France, a comparison with the effects of the contractual 35-hour week on actual hours in the West German metal industry highlights particular strengths and weaknesses of the French approach. While the empirical evidence underscores the crucial importance of statutory norms and the interaction between governments and social actors, it equally reveals the increasing difficulties to set limits to normal hours for growing shares of the workforce just by setting statutory or collective norms. The transformation of new working-time norms into normality leading to a generalized shorter standard workweek is a long-term social process that requires continual intervention of actors at various levels and must be embedded in agreements both at the workplace and within households.",https://doi.org/10.1177/0019793914537453,0.82719105
jpam,2010,Rethinking public policy toward low-income fathers in the child support program,NA,https://doi.org/10.1002/pam.20512,0.826946
bjir,2018,"Shareholders of the World United? Organized Labour's Preferences on Corporate Governance under Pension Fund Capitalism in the United States, United Kingdom and France","Abstract This article considers whether organized labour's engagement with shareholder activism represents a shift in unions’ traditional stakeholder preferences on corporate governance under pension fund capitalism. It does so in light of recent critiques of the class power thesis of corporate governance which suggest greater fluidity and fragmentation in labour's approach. Adopting a diverse case study strategy to compare organized labour's actions in the United States, United Kingdom and France, the article explains these activities as innovative strategies, similar to other revitalization initiatives, designed to advance traditional agendas by alternative means. The article thus concludes that, while organized labour's shareholder activism is unexpected under the class power thesis, its core preferences remain largely unchanged.",https://doi.org/10.1111/bjir.12424,0.8230999
le,2018,Bidding for teams,NA,https://doi.org/10.1016/j.labeco.2018.04.001,0.82247657
jhr,2011,Fixed Costs and Hours Constraints,"Hours constraints are typically identified by worker responses to questions asking whether they would prefer a job with more hours and more pay or fewer hours and less pay. Because jobs with different hours but the same rate of pay may be infeasible when there are fixed costs of employment or mandatory overtime premia, the constraint in those cases may be illusory. Cross-section estimates of reported hours constraints are consistent with this model implying that the overall level of hours constraints may exaggerate the extent to which the labor market is characterized by frictions and imperfections.",https://doi.org/10.1353/jhr.2011.0001,0.8183128
ee,2016,"Segregation and gender wage gaps in the private and the public sectors: an analysis of Danish linked employer–employee data, 2002–2012",NA,https://doi.org/10.1007/s00181-016-1132-2,0.8164141
oep,2016,"A breakdown of residual wage inequality in Germany: wage decompositions using worker-, plant-, region-, and sector-specific determinants","The present paper applies regression-based decomposition methods to analyse the impact of worker-, plant-, region-, and sector-specific determinants on the level and the continuous increase in wage inequality between 1995 and 2007 in Germany. Almost the entire increase in wage inequality is explained by this approach. Altogether, changes in the composition of wage determinants are minor compared to changes in their returns. In particular, occupation-specific skills are the most important wage determinant. Changes in the age structure, unemployment rates, and the plant size premium in combination with assortative matching are also important factors that contribute to the rise in wage inequality.",https://doi.org/10.1093/oep/gpw025,0.8110925
le,2018,The EITC and self-employment among married mothers,NA,https://doi.org/10.1016/j.labeco.2018.09.004,0.8086655
eer,2014,Bonus pools and the informativeness principle,NA,https://doi.org/10.1016/j.euroecorev.2013.12.004,0.80771387
ee,2017,Hysteresis and labour market institutions. Evidence from the UK and the Netherlands,"This paper uses data for the UK and the Netherlands (1983q4–2011q4) to test if hysteresis occurs in these economies, and through what mechanisms. The novelty of the paper resides in the use of a VAR-IRF that encompasses previous hysteresis studies, using long-term unemployment, productivity, capital stock and real long-term interest rates, and in the use of specific Labour Market Institutions shocks, such as benefits, taxation or unions' power. This allows us to disentangle what specific demand and supply-variables affect unemployment in the long-run, i.e. the NAIRU. Our findings suggest that there is hysteresis in both countries, and that it happens through several channels. Further, we find that the influence of Labour Market Institutions on unemployment depend on their impact on the real wages-productivity gap. These results have implications for structural and macroeconomic policies that we also discuss. Finally, we investigate the impact of different supply and demand-shock on long-term unemployment and discuss the relevant policy implications.",https://doi.org/10.1007/s00181-017-1338-y,0.8060135
ej,2013,Is Business Failure Due to Lack of Effort? Empirical Evidence from a Large Administrative Sample,"Journal Article Is Business Failure Due to Lack of Effort? Empirical Evidence from a Large Administrative Sample Get access Mette Ejrnæs, Mette Ejrnæs University of Copenhagen and The Danish National Centre for Social Research Search for other works by this author on: Oxford Academic Google Scholar Stefan Hochguertel Stefan Hochguertel VU University Amsterdam and Tinbergen Institute Search for other works by this author on: Oxford Academic Google Scholar The Economic Journal, Volume 123, Issue 571, 1 September 2013, Pages 791–830, https://doi.org/10.1111/ecoj.12026 Published: 04 April 2013 Article history Received: 10 August 2010 Accepted: 21 November 2012 Published: 04 April 2013",https://doi.org/10.1111/ecoj.12026,0.80538976
ei,2013,LOST IN THE MAIL: A FIELD EXPERIMENT ON CRIME,"Stealing, shirking, and opportunistic behavior in general can create barriers to the development of markets. The costs associated with such behavior are shared by both firms and individuals and can be large enough to even prevent the initiation of trade. Measurement of these costs is difficult because information is not available for transactions that fail to occur. We use a field experiment to identify opportunistic crime in a task that is important and relevant for trade: the delivery of mail. We subtly manipulate the content and information available in mail sent to households across neighborhoods that vary by income, and detected high levels of shirking and stealing. Eighteen percent of the mail never arrived at its destination, and significantly more was lost if there was even a slight hint of something additional inside the envelope. Our results demonstrate the importance of transaction costs created by crime and that not all populations are equally affected. Middle‐income neighborhoods suffer the most. (JEL C93, K42, H41, L87, O21 )",https://doi.org/10.1111/ecin.12046,0.8048719
jae,2011,THE RESPONSES OF YOUTH TO A CASH TRANSFER CONDITIONAL ON SCHOOLING: A QUASI‐EXPERIMENTAL STUDY,"SUMMARY We estimate the effect of cash transfers given to youth conditional on high school attendance on the labor supply decisions and academic performance of youth. We exploit differences in the size of the total transfer received based on timing of birth to identify the causal effects of interest. Specifically, individuals born late in a quarter receive a larger total transfer than comparable individuals born early in the following quarter. We find that the transfer increases the labor market participation of youth and the number of months worked. The estimated effect is larger for individuals from low‐income families. The results suggest that some youths are borrowing constrained. Since we find no evidence of corresponding effects on academic performance, alleviating the constraint appears only to affect consumption decisions and not human capital investment. Copyright © 2011 John Wiley &amp; Sons, Ltd.",https://doi.org/10.1002/jae.1267,0.80378056
bjir,2010,"It's Politics, Stupid: The 2002–2004 UK Firefighters' Dispute","Abstract This is an account of the 2002–2004 firefighters' dispute in the UK based on interviews with key figures, attendance at meetings and scrutiny of contemporary sources. Our emphasis is on the political nature of the dispute with the case made that senior members of the Labour government sought to ‘politicize’ the industrial action in order to undermine the credibility of the union leadership, win over public opinion and set down a marker for public sector unions. In particular the government aggressively pursued centralization; that is, national leaders took over the running of the dispute from the local authority employers in order to maintain central government control over the process of ‘modernization’. Moreover, their various interventions confirm the Hay thesis that the Labour Party leadership now openly and uniformly seeks to defeat union industrial action.",https://doi.org/10.1111/j.1467-8543.2010.00786.x,0.7991353
eer,2017,The value and motivating mechanism of transparency in organizations,NA,https://doi.org/10.1016/j.euroecorev.2017.06.014,0.7950025
el,2013,"Monetary accommodation, imperfect central bank transparency and optimal delegation",NA,https://doi.org/10.1016/j.econlet.2013.05.020,0.79325736
ei,2015,"CORRUPTION, TAX EVASION AND THE ROLE OF WAGE INCENTIVES WITH ENDOGENOUS MONITORING TECHNOLOGY","Abstract The importance of high salaries to circumvent bureaucratic corruption has been widely recognized in the policy debate. Yet, there appears to be much reluctance when it comes to the implementation. In this paper, we argue that deterring corruption through wage incentives may become prohibitively expensive that the government finds it optimal to accept higher net revenues at the expense of honesty. Deviating from the existing literature, we set an endogenous monitoring technology that allows us to capture the dual role of auditing, as a complement with and as a substitute for wage incentives to deter bribery. We find that the government is better‐off either completely eliminating corruption or accepting corruption by offering wages lower than the market wage. Offering public wage premium that does not deter bribery is suboptimal. When it is optimal to deter bribery, the government can do it either through wage incentives or monitoring. The role of wage incentives decreases in societies with higher level of dishonesty. ( JEL D73, H26, J33, J41)",https://doi.org/10.1111/ecin.12243,0.7893063
aer,2015,I Take Care of My Own: A Field Study on How Leadership Handles Conflict between Individual and Collective Incentives,"In most collective actions, individuals' incentives are not perfectly aligned with the goals of the group/team they are part of. We investigate how individual specific incentives affect both individuals and team leaders' strategies in a natural setting. We use a discontinuity in individual rewards in batsmen scoring in cricket to identify the causal effect of such incentives on behavior. We find that batsmen react to the presence of individual-specific incentives by adopting strategies that may be suboptimal at the team level. More surprisingly, we also find that team captains react to these individual incentives by adopting suboptimal strategies at the team level, which may bring large benefits to the individual players. These results suggest a complex interplay of individual and team incentives which we conjecture may arise in repeated team interactions.",https://doi.org/10.1257/aer.p20151019,0.78717154
le,2018,Targeted wage subsidies and firm performance,"This paper studies how targeted wage subsidies affect the performance of the recruiting firms. Using Swedish administrative data from the period 1998–2008, we show that treated firms substantially outperform other recruiting firms after hiring through subsidies, despite identical pre-treatment performance levels and trends in a wide set of key dimensions. The pattern is less clear from 2007 onwards, after a reform removed the involvement of caseworkers from the subsidy approval process. Overall, our results suggest that targeted employment subsidies can have large positive effects on post-match outcomes of the hiring firms, at least if the policy environment allows for pre-screening by caseworkers.",https://doi.org/10.1016/j.labeco.2018.04.002,0.7753408
jpub,2014,Anti-social behavior in profit and nonprofit organizations,NA,https://doi.org/10.1016/j.jpubeco.2014.05.006,0.77431834
jeea,2017,"War, Migration and the Origins of the Thai Sex Industry","This paper analyzes the determinants behind the spatial distribution of the sex industry in Thailand. We relate the development of the sex industry to an early temporary demand shock, that is, US military presence during the Vietnam War. Comparing the surroundings of Thai military bases used by the US army to districts close to unused Thai bases, we find that there are currently five times more commercial sex workers in districts near former US bases. The development of the sex industry is also explained by a high price elasticity of supply due to female migration from regions affected by an agricultural crisis. Finally, we study a consequence induced by the large numbers of sex workers in few red-light districts: the HIV outbreak in the early 1990s.",https://doi.org/10.1093/jeea/jvx037,0.7665179
cje,2015,Estimating labour supply responses and welfare participation: Using a natural experiment to validate a structural labour supply model,"Abstract We estimate an economic model of labour supply and welfare participation using data on single men from Quebec drawn from the 1986 Canadian Census. Detailed budget sets for each work‐welfare combination—accounting for income taxes, tax credits and welfare benefit rules—are derived using a micro‐simulation model. We show that predicted reactions to a welfare reform that took place in 1989 replicate actual changes in labour supply and welfare participation. We also illustrate the advantage of having estimated a structural model by showing how labour supply and welfare participation change when income taxes and benefit levels change.",https://doi.org/10.1111/caje.12181,0.7595578
le,2013,"Unemployment benefits, job protection, and the nature of educational investment",NA,https://doi.org/10.1016/j.labeco.2013.03.001,0.7532725
jeea,2018,The Impact of Scheduling Birth Early on Infant Health,"We take advantage of a unique natural experiment to provide new, credible evidence on the health consequences of scheduling birth early for non-medical reasons. In May 2010, the Spanish government announced that a €2,500 universal ""baby bonus"" would stop being paid to babies born after December 31, 2010. Using administrative data from birth certificates and hospital records, we find that about 2,000 families shifted their date of birth from January 2011 to December 2010 (out of 9,000 weekly births). The affected babies, born about one week early on average, weighed about 200 g less at birth, and suffered a sizeable increase in hospitalization rates in the first two months of life, mostly for respiratory disease.",https://doi.org/10.1093/jeea/jvx060,0.7518473
oep,2017,"More skilled, better paid: labour-market returns to postsecondary vocational education","Outside the USA, relatively little is known about the labour-market returns to postsecondary vocational (or polytechnic) education. Yet, polytechnics in Europe are distinct from US community colleges. This paper focuses on the labour-market returns to polytechnic attendance in Finland, where polytechnics are representative of many European countries. Using matching methods and longitudinal administrative data, we find that, compared to individuals with no postsecondary education, students who attend polytechnics have higher annual earnings of €3,300 to €3,700 and employment gains of 2.5 to 6.6 percentage points 10 years after the entry decision. However, the returns vary by personal characteristics and field of study.",https://doi.org/10.1093/oep/gpx052,0.7500026
sej,2011,The Effect of Social Security Contributions on Coverage and Wages: A Gender Perspective Using a Natural Experiment from Colombia,"This article investigates, from a gender and marital status perspective, the effects of pension and health care contributions on the employment and wages of workers covered by social security regulations. To do this, I use as a natural experiment a reform implemented in Colombia during the mid‐1990. In particular I employ a differences‐in‐differences estimation based on an endogenous switching‐regression model that accounts for self‐selection into coverage. My results indicate that, for females, a 10% increase in contributions reduces the relative wages of covered workers by 7.2%. On the other hand, for males, the reform increases the relative wages of covered workers by 7.1%. Among females, the effect is predominantly present in single women. Among men, divorced and widowed workers are the only group not to experience an effect on earnings. For most family groups, the social security reform has no significant effect on coverage.",https://doi.org/10.4284/0038-4038-78.2.476,0.7498103
bjir,2012,"The ILO and the Quest for Social Justice, 1919–2009 – By Gerry Rodgers, Eddy Lee, Lee Swepston and Jasmien Van Daele",NA,https://doi.org/10.1111/j.1467-8543.2011.00879_6.x,0.741935
ir,2016,Firm‐Size Wage Gaps along the Formal‐Informal Divide: Theory and Evidence,"Observationally equivalent workers are paid higher wages in larger firms. This fact is often called the “firm‐size wage gap” and is regarded as a key empirical puzzle. Using microlevel data from Turkey, we document a new stylized fact: The firm‐size wage gap is more pronounced for informal (unregistered) jobs than for formal (registered) jobs. To explain this fact, we develop a two‐stage wage‐posting game with market imperfections and segmented markets, the solution to which produces wages as a function of firm size in a well‐defined subgame‐perfect equilibrium. The model proposes two explanations. First, taxes on formal employment generate a wedge between formal and informal size wage gaps. Thus, government policy can potentially affect the magnitude of the firm‐size wage gaps. The second explanation features a market‐based framework with strategic interactions. Relative to small firms, large firms typically post higher wages for both formal and informal jobs. A high‐wage formal job attracts a larger pool of applicants than a high‐wage informal job. The larger pool of applicants for the formal job, in turn, allows the firm to somewhat lower the initial wage offer, while this second‐round effect is negligible for informal jobs. As a result, size differentials are lower in formal jobs than informal jobs. We argue that the observed patterns in the use of social connections in job search and heterogeneity in job preferences can be used to justify the validity of this second mechanism.",https://doi.org/10.1111/irel.12135,0.7345681
labour,2017,Tax Evasion in Firms,"Abstract Tax evasion is low in many countries because third‐party reporting makes employees unable to cheat. Why do not employees collude with their employer to evade taxes or evade as self‐employed? We explain this puzzle in a model in which employees have both options. A trade‐off between large‐scale efficient production and tax evasion implies that tax evasion per employee is decreasing in firm size. The model predicts that there is a gap between the individually and the collectively optimal evasion in firms and that this gap is increasing in firm size. Using survey data, we find support for both predictions.",https://doi.org/10.1111/labr.12111,0.734265
le,2015,The Wage Response to Shocks: The Role of Inter-Occupational Labour Adjustment,NA,https://doi.org/10.1016/j.labeco.2015.08.003,0.72438467
le,2017,Competitive versus random search with bargaining: An empirical comparison,NA,https://doi.org/10.1016/j.labeco.2017.08.004,0.7236037
cje,2018,Downward nominal wage rigidity in Canada: Evidence from micro‐level data,"Abstract We assess the importance of downward nominal wage rigidity (DNWR) in Canada using employer‐level administrative data from the major wage settlements (MWS) and household‐based survey data from the Survey of Labour Income Dynamics (SLID). MWS data cover large unionized firms in Canada, while SLID is a rich rotating panel representative of the employed population in Canada. Combining both sources of information allows for an extensive analysis of DNWR in the Canadian labour market. We find large shares of wage freezes and smaller shares of wage cuts in both MWS and SLID. Shares of freezes are higher at lower CPI inflation rates, based on provincial data. These observations are consistent with the presence of DNWR. DNWR in Canada appears to be larger than in other countries such as the United States, the United Kingdom and European countries. The incidence of DNWR is heterogeneous across firms’ and workers’ characteristics. Wages report less DNWR over longer horizons.",https://doi.org/10.1111/caje.12347,0.71360415
el,2010,International competition and employment,NA,https://doi.org/10.1016/j.econlet.2010.01.028,0.7128269
oep,2013,Rational inattention and employer learning,"Recent research results cast doubt on the validity of the employer learning model by empirically establishing the absence of learning over time among college graduates and by documenting persistent, negative effects of graduating during a recession. This paper extends the employer learning model with the theory of rational inattention in which firms optimally allocate limited attention (i.e., information processing capacity) to learning about the productivities of different workers. I find that firms allocate more attention to workers who have a higher impact on profits (i.e., college graduates) and learn as much as possible in the current period. Taken together these results imply the absence of learning over time for college graduates and indicate that a college graduate that gets (mis)matched to a job with a lower impact on profits will find herself at a persistent disadvantage. The paper therefore resolves the discrepancy between the data and the employer learning model.",https://doi.org/10.1093/oep/gpt009,0.70666707
labour,2010,Return Decisions of Undocumented Migrants: Do Network Effects Help the High‐skilled Overstay?,"Abstract This paper analyses the return plans of irregular migrants by stressing the role of individual skills and network effects. We propose a simple two‐period life‐cycle model that we test using individual‐level data on irregular migrants in Italy and on undocumented Mexicans in the USA. Our evidence shows that highly skilled clandestine migrants are more likely to return home than migrants with low or no skills. We argue this result is due to constraints imposed by the irregular status on migrants' ability to fully use human capital in the destination country. However, the presence of strong social networks may lessen this effect.",https://doi.org/10.1111/j.1467-9914.2010.00500.x,0.7023534
jeea,2017,The Role of Bounded Rationality and Imperfect Information in Subgame Perfect Implementation—An Empirical Investigation,"Journal Article The Role of Bounded Rationality and Imperfect Information in Subgame Perfect Implementation—An Empirical Investigation Get access Philippe Aghion, Philippe Aghion Harvard University paghion@fas.harvard.edu Search for other works by this author on: Oxford Academic Google Scholar Ernst Fehr, Ernst Fehr University of Zurich ernst.fehr@econ.uzh.ch Search for other works by this author on: Oxford Academic Google Scholar Richard Holden, Richard Holden University of New South Wales richard.holden@unsw.edu.au Search for other works by this author on: Oxford Academic Google Scholar Tom Wilkening Tom Wilkening University of Melbourne tom.wilkening@unimelb.edu.au Search for other works by this author on: Oxford Academic Google Scholar Journal of the European Economic Association, Volume 16, Issue 1, February 2018, Pages 232–274, https://doi.org/10.1093/jeea/jvx026 Published: 24 August 2017",https://doi.org/10.1093/jeea/jvx026,0.70058
le,2012,Unemployment and household values: Distribution sensitive measures of unemployment,NA,https://doi.org/10.1016/j.labeco.2012.07.008,0.7003962
le,2017,Effects of maternal work incentives on youth crime,NA,https://doi.org/10.1016/j.labeco.2017.09.005,0.6951906
ilr,2017,"Book Review: <i>The Economics of Trade Unions: A Study of a Research Field and Its Findings</i> by Hristos Doucouliagos, Richard B. Freeman, and Patrice Laroche",NA,https://doi.org/10.1177/0019793917738527,0.6943542
jhr,2016,Job-Search Requirements for Unemployed at the End of Working Life,"Jim Been⇑ and Marike Knoef Jim Been is an assistant professor at the Department of Economics at Leiden University and a Netspar Research Fellow. Marike Knoef is an associate professor at the Department of Economics at Leiden University and a Netspar Research Fellow. (m.g.knoef{at}law.leidenuniv.nl). Corresponding address: Department of Economics, Leiden University, PO Box 9520, Steenschuur 25, 2300 RA Leiden, the Netherlands. Tel.: +31 71 527 8569. (j.been{at}law.leidenuniv.nl).",https://doi.org/10.3368/jhr.52.2.0415-7063r1,0.690558
jhr,2014,Is Smoking Inferior?,"Donald S. Kenkel, Maximilian D. Schmeiser and Carly Urban",https://doi.org/10.3368/jhr.49.4.1094,0.6883341
ee,2015,Further developments in the dynamics of female labour force participation,NA,https://doi.org/10.1007/s00181-015-0931-1,0.6857663
labour,2014,Unemployment Duration of Spouses: Evidence From <scp>F</scp>rance,"Abstract This paper analyses the conditional probability of leaving unemployment of French married individuals from 1991 to 2002. We find that the effect of spousal labor income on unemployment duration is asymmetric for men and women. In particular, the probability of men to find a job is increasing in wife's labor income, while it is decreasing in husband's earnings for women. To adjust for endogenous selection into marriage, we use the quarter of birth as an instrumental variable for the spousal wage. Finally, we show that introducing a breadwinner stigma in a joint job search model generates the positive correlation observed for men in the data.",https://doi.org/10.1111/labr.12042,0.67440355
economica,2015,Wage Incentive Profiles in Dual Labour Markets,"This paper formalizes the use of flexible labour contracts in an efficiency wage framework, and derives market dualism as an endogenous outcome. By allowing temporary contracts to be either renewed or converted into permanent contracts, we obtain new theoretical insights into the market equilibrium. The conversion rate is itself an incentive device that acts as a substitute for the wage, and firms pay a wage differential in favour of permanent workers. The model also predicts that even if firms hire exclusively under flexible contracts, dualism arises as a feature internal to each firm and, consequently, as a market property.",https://doi.org/10.1111/ecca.12151,0.67347723
izajl,2014,Common law marriage and couple formation,"Abstract ᅟ The Current Population Survey is used to investigate effects of Common Law Marriage (CLM) on whether young US-born adults live in couples in the US CLM effects are identified through cross-state and time variation, as some states repealed CLM over the period examined. Analysis based on Gary Becker’s marriage economics helps explain why CLM affects couple formation and does so differently depending on education, sex ratios, age, and parent status. CLM reduces in-couple residence, and more so for childless adults and where there are fewer men per woman. Effects are larger for college-educated men and women without college. CLM effects on likelihood of marriage and cohabitation and likelihood of being divorced if ever-married are also estimated. JEL J10; J12; J16",https://doi.org/10.1186/s40172-014-0016-y,0.6719256
labour,2013,"Residential Location, Job Location, and Wages: Theory and Empirics","Abstract I develop a stylized partial on‐the‐job equilibrium search model that incorporates a spatial dimension. Workers reside on a circle and can move at a cost. Each point on the circle has a wage distribution. Implications about wages and job mobility are drawn from the model and tested on D anish matched employer–employee data. The model predictions hold true. I find that workers working farther away from their residence earn higher wages. When a worker is making a job‐to‐job transition where he/she changes workplace location he/she experiences a higher wage change than a worker making a job‐to‐job transition without changing workplace location. However, workers making a job‐to‐job transition that makes the workplace location closer to the residence experience a wage drop. Furthermore, low‐wage workers and workers with high transportation costs are more likely to make job‐to‐job transitions, but also residential moves.",https://doi.org/10.1111/labr.12007,0.6526324
eer,2016,Intergenerational correlation and social interactions in education,NA,https://doi.org/10.1016/j.euroecorev.2016.11.005,0.6508425
ir,2017,The Effect of Labor Relations Laws on Unionization Rates within the Labor Force: Evidence from the Canadian Provinces,"We examine the potential of labor‐relations reforms to address wage inequality by relating an index of the favorableness to unions of Canadian provincial labor‐relations laws to changes in industry, occupation, education, and gender‐specific provincial unionization rates. While we find some evidence of larger unionization gains among high‐school–educated workers, the differences across groups are small and in some cases suggest larger gains among professionals. Overall, the results suggest a limited potential for reforms in labor‐relations laws to mitigate growing labor‐market inequality.",https://doi.org/10.1111/irel.12187,0.64712393
ei,2014,MONITORING OF WORKERS AND PRODUCT MARKET COMPETITION: THE ROLE OF WORKS COUNCILS,"Often the consent of worker representations, such as works councils, is required before firms are allowed to install technologies that monitor workers' behavior. Absent monitoring, workers produce low output, while at the same time receiving an information rent. To gain the works council's consent to the installation of a monitoring technology, firms need to compensate workers for the lost information rent. Hence, by making it more costly to produce high output, works councils can serve firms as an instrument to commit to low output levels. This provides a rationale for why works council rights are not opposed more strongly by employers . ( JEL D43, D86, J83, L13)",https://doi.org/10.1111/ecin.12182,0.64694935
bjir,2012,The Limits on Pay as a Strategic Tool: Obstacles to Alignment in Non‐Union Environments,"Abstract Strategic human resource management literature emphasizes the potential of pay to secure strategically desirable employee outcomes for the employer. Strategic pay, in contrast with pluralist models of pay determination, assumes an absence of collective bargaining constraints. This article analyses the process of determination of non‐unionized managerial, professional and technical pay in seven leading consumer goods firms that claim to use pay as a strategic tool. It demonstrates that implemented pay practice is often remote from what is aspired to strategically. Despite the absence of collective bargaining constraints, there remain unavoidable obstacles to the ability of management to implement pay systems aligned to strategic goals. These constraints impose fundamental limitations on the use of pay as a strategic tool.",https://doi.org/10.1111/bjir.12004,0.6420843
eer,2016,Natural groups and economic characteristics as driving forces of wage discrimination,NA,https://doi.org/10.1016/j.euroecorev.2016.04.005,0.6396577
jhr,2011,Fixed Costs and Hours Constraints,"Abstract Hours constraints are typically identified by worker responses to questions asking whether they would prefer a job with more hours and more pay or fewer hours and less pay. Because jobs with different hours but the same rate of pay may be infeasible when there are fixed costs of employment or mandatory overtime premia, the constraint in those cases may be illusory. Cross-section estimates of reported hours constraints are consistent with this model implying that the overall level of hours constraints may exaggerate the extent to which the labor market is characterized by frictions and imperfections.",https://doi.org/10.3368/jhr.46.4.775,0.63736
ei,2018,THE EFFECT OF NONCONTRIBUTORY PENSIONS ON SAVING IN MEXICO,"This paper examines the effects of noncontributory pension programs at the federal and state levels on Mexican households' saving patterns using micro data from the Mexican Income and Expenditure Survey. We find that the federal program curtails saving among households whose oldest member is either 18–54 or 65–69 years old, possibly through anticipation effects, a decrease in the longevity risk faced by households, and a redistribution of income between households of different generations. Specifically, these households appear to be reallocating income away from saving into human capital investments, like education and health. Generally, state programs have neither significant effects on household saving, nor does the combination of federal and state programs. Finally, with a few exceptions, noncontributory pensions have no significant impact on the saving of households with members 70 years of age or older—individuals eligible for those pensions, plausibly because of their dissaving stage in the lifecycle. ( JEL D14, J26, O12, H55)",https://doi.org/10.1111/ecin.12750,0.63525903
jep,2015,Recommendations for Further Reading,NA,https://doi.org/10.1257/jep.29.4.245,0.6318667
labour,2010,"Firing Restrictions, Government Growth, Immigration, and the NAIRU: Evidence from Fifteen OECD Countries","Using a Phillips-type equation and annual aggregate data from 15 Organization for Economic Cooperation and Development (OECD) countries, we estimate the effects of the following policies on the ‘non-accelerating inflation rate of unemployment’ (NAIRU): restrictions on firing, growth in government ‘productive’ expenditure, growth in social security benefits, and lax immigration policy. We consider Greece separately, but treat the other 14 countries as a fixed-effects panel. Two effects seem to be robust to changes in the sample: restrictions on firing and growth in social security benefits raise the NAIRU.",https://doi.org/10.1111/j.1467-9914.2010.00497.x,0.62495476
ei,2018,CULTURAL IDENTITIES AND RESOLUTION OF SOCIAL DILEMMAS,"We report an experiment on payoff‐equivalent, sequential provision and appropriation games with high‐ and low‐caste Indian villagers. A central question is whether caste identities affect resolution of social dilemmas. Making caste salient elicits striking changes in behavior compared to baseline treatment with no information about others' castes. Homogenous groups with high caste villagers are more successful in resolving social dilemmas than homogenous groups with low caste villagers. The success of mixed‐caste groups is somewhere between, which is inconsistent with a group identity model. Absent salient information on caste, behavior is inconsistent with unconditional social preferences but as predicted by reciprocity. ( JEL C93, H41, Z13)",https://doi.org/10.1111/ecin.12727,0.62423456
jpam,2010,Why we need work programs for fathers,NA,https://doi.org/10.1002/pam.20513,0.61938775
economica,2018,"Clientelism, Contagious Voting and Governance","This paper explains inferior quality of governance in less affluent countries in terms of a patron–client relationship between political parties and a large section of voters. The client voters resort to strategic voting, which is shown to be contagious, leading to suboptimal effort choice by the incumbent government and a higher probability for the incumbent to remain in power. The possibility of competition between the incumbent and the opposition, in terms of expenditure on political propaganda, actually helps the incumbent and reinforces these results.",https://doi.org/10.1111/ecca.12265,0.61806035
sej,2014,Gender Differences in Job Search Among Young Workers: A Study Using Displaced Workers in the U.S.,"This article investigates gender differences in job search, job tenure, and wages, whether these differences vary over the early part of the life-cycle, and whether they are associated with fertility decisions. Using data from the National Longitudinal Survey of Youths on highly attached displaced workers aged 20 to 45, we find that 20- to 29-year-old women and women older than 40 experience longer spells of displacement than comparable men, but that time to a new job is similar by gender for those between 30 and 39 years of age. The age pattern in male–female wage differences in the post-displacement job is similar, with the largest differences occurring at ages 20 to 29 and over 40. We find no gender differences in tenure in the post-displacement job. We interpret the differences for the younger ages to be related to fertility and we provide evidence that supports this view.",https://doi.org/10.4284/0038-4038-2012.239,0.6140232
ei,2015,ARE THE DISABLED LESS LOSS AVERSE? EVIDENCE FROM A NATURAL POLICY EXPERIMENT,"Research findings show that disabled persons often develop physical and psychological mechanisms to compensate for disabilities. Coping mechanisms may not be limited to the psychophysiological domain and may extend to cognitive bias and loss aversion. In this study, we apply unique microdata from a natural policy experiment to assess the role of loss aversion in home purchase among nondisabled and disabled households. Results of survival analysis indicate that the physically disabled are substantially less loss averse in home purchase. Furthermore, loss aversion varies with other population characteristics and attenuates with degree of disability. Findings provide new evidence of diminished cognitive bias and more rational economic decision‐making among the physically disabled. ( JEL D03, C9, R38)",https://doi.org/10.1111/ecin.12306,0.6081497
le,2018,Reprint of: Effects of maternal work incentives on youth crime,NA,https://doi.org/10.1016/j.labeco.2018.05.002,0.6061103
bjir,2013,"China's Changing Workplace: Dynamism, Diversity, and Disparity, edited by PeterSheldon, SunghoonKim, YiqiongLi and MalcolmWarner. Routledge, London and New York, 2011, 332 pp., ISBN 978 0 415 58454 8, £95.00; US$155.00, hardback.Trade Unions in China: The Challenge of Labour Unrest, by TimPringle. Routledge, London and New York, 2011, 224 pp., ISBN 978 0 415 55958 4, £85.00, hardback.",NA,https://doi.org/10.1111/bjir.12013,0.60574156
ee,2017,Cash-on-hand and demand for credit,NA,https://doi.org/10.1007/s00181-016-1213-2,0.60427034
labour,2013,The Role of Profit Sharing in Dual Labour Markets with Flexible Outsourcing,"Abstract We combine profit sharing for high‐skilled workers and outsourcing of low‐skilled tasks in a partly imperfect dual domestic labour market, which means that only low‐skilled labour is represented by a labour union. In that framework we analyse how the implementation of profit sharing for high‐skilled workers influences the amount of outsourcing and the labour market outcome for low‐skilled worker. By doing this, we use some specific assumptions, e.g. exponentially increasing outsourcing costs or the wage for low‐skilled workers will be determined by a union whereas the wage for high‐skilled workers is given. Assuming that low‐skilled labour and outsourcing are interchangeable we show that profit sharing has a positive effect on the wage for low‐skilled workers and helps to decrease wage dispersion. However, under these circumstances, profit sharing enhances outsourcing. Concerning the employment effects for high‐ and low‐skilled workers, we show that there is an employment reducing effect due to higher wages for low‐skilled work, which can be offset by higher productivity of highly skilled workers, as the domestic labour inputs complement each other.",https://doi.org/10.1111/labr.12018,0.59959626
cje,2013,An analysis of Turkey's accession to the European Union,"Abstract We build a two‐country dynamic general equilibrium model to study whether European citizens would benefit from the eventual accession of Turkey to the European Union (EU). The results of the simulations show that Turkey's accession is welfare enhancing for Europeans, provided that Turkish total factor productivity (TFP) increases sufficiently after enlargement. In the benchmark model with no capital mobility, the Europeans are better off if the Turkish TFP increase bridges more than 21% of the initial TFP gap between Turkey and the EU. This figure increases to 33% when capital mobility is introduced.",https://doi.org/10.1111/caje.12058,0.59927034
jce,2018,Envy and the Islamic revival: Experimental evidence from Tunisia,NA,https://doi.org/10.1016/j.jce.2018.07.018,0.5921201
sej,2011,Announcements,NA,https://doi.org/10.4284/sej.2011.77.3.806,0.5855547
le,2011,On the evasion of employment protection legislation,NA,https://doi.org/10.1016/j.labeco.2011.06.005,0.58396626
bjir,2010,"The Crisis of Social Democratic Trade Unionism in Western Europe — The Search for Alternatives – By Martin Upchurch, Graham Taylor and Andrew Mathers",NA,https://doi.org/10.1111/j.1467-8543.2010.00796_4.x,0.5835335
bjir,2010,"Globalization and Varieties of Capitalism — New Labour, Economic Policy and the Abject State – By Dan Coffey and Carole Thornley",NA,https://doi.org/10.1111/j.1467-8543.2010.00796_5.x,0.5815108
obes,2017,Assessing the Empirical Relevance of Labour Frictions to Business Cycle Fluctuations,"Abstract This paper describes a dynamic stochastic general equilibrium model augmented with labour frictions, namely: indivisible labour, predetermined employment and adjustment costs. This improves the fit to the data as shown by a higher log marginal likelihood and closer match to key business cycle statistics. The labour frictions introduced are relevant for model dynamics and economic policy: the effect of total factor productivity shocks on most macroeconomic variables is substantially mitigated; fiscal policy leads to a greater crowding out of private sector activity and monetary policy has a lower impact on output. Labour frictions also provide a better match to impulse response functions from vector autoregressive models.",https://doi.org/10.1111/obes.12215,0.5767029
bjir,2015,"Retirement on the Line: Age, Work, and Value in an American Factory, by CaitrinLynch. Cornell University Press, Ithaca, NY, 2012, 240 pp., ISBN: 978 0 8014 5026 6, $67.95, hardback.",NA,https://doi.org/10.1111/bjir.12097,0.5618583
jlr,2018,Noncitizen Employment and the Wages of Healthcare Support Workers in the US,NA,https://doi.org/10.1007/s12122-018-9276-9,0.56180793
ir,2014,"Selected by the Institute for Research on Labor and Employment Library University of California, Berkeley",NA,https://doi.org/10.1111/irel.12067,0.5615288
ilr,2015,Are Foreign-Trained Nurses Perfect Substitutes for U.S.-Trained Nurses?,"The authors investigate whether foreign- and U.S.-trained nurses are substitutes by studying the differences in their wages and whether wage differentials respond to relative supplies of foreign- and U.S.-trained nurses. Regression estimates suggest that foreign-trained nurses without a bachelor’s degree enjoy a wage premium of 1 to 3% over similar U.S.-trained nurses after adjusting for demographic, workplace, work type, and geographic differences, but no wage difference remains among those with a bachelor’s degree. For all nurses combined, the wage difference is modest and statistically insignificant. This result suggests that foreign- and U.S.-trained nurses are equally productive and close substitutes. The authors also test explicitly for whether foreign- and U.S.-trained nurses are substitutes and cannot reject the hypothesis that they are.",https://doi.org/10.1177/0019793915592624,0.55996084
le,2013,Structural unemployment and the costs of firm entry and exit,NA,https://doi.org/10.1016/j.labeco.2013.02.003,0.55970573
ee,2018,Poverty and inequality within Brazilian households: an application of a collective consumption model,NA,https://doi.org/10.1007/s00181-018-1598-1,0.55735195
jpam,2010,Policy options for low-income fathers cost relatively little,NA,https://doi.org/10.1002/pam.20514,0.5473304
ir,2015,Individual Wage Growth: The Role of Industry Experience,"This paper focuses on the effect of experience within an industry on wages. I use a correlated random effects simultaneous equation model that allows individual and match heterogeneity to affect wages, job tenure, and industry experience. I estimate my model separately for men and women using a large panel of young Italian workers for the years 1986–2004. Results show that wage returns to industry experience are much higher than wage returns to job seniority. The hypotheses of exogeneity of job seniority and industry experience in the wage equation are rejected: high‐wage workers and high‐wage matches last longer.",https://doi.org/10.1111/irel.12125,0.53851956
bjir,2010,"Remaking Regional Economies: Power, Labor and Firm Strategies in the Knowledge Economy – By Susan Christopherson and Jennifer Clark",NA,https://doi.org/10.1111/j.1467-8543.2009.00777_8.x,0.53497213
ilr,2010,Book Review: Labor Economics: A Future of Good Jobs? America's Challenge in the Global Economy,NA,https://doi.org/10.1177/001979391006300312,0.5222222
ilr,2015,Book Review: Varieties of Liberalization and the New Politics of Social Solidarity,NA,https://doi.org/10.1177/0019793915575515,0.49516198
bjir,2011,"The Oxford Handbook of Economic Inequality - Edited by Wielmer Salverda, Brian Nolan and Timothy M. Smeeding",NA,https://doi.org/10.1111/j.1467-8543.2010.00842_5.x,0.48512447
bjir,2016,"Blacklisted: The Secret War between Big Business and Union Activists, by DaveSmith and PhilChamberlain. New Internationalist, Oxford, 2015, 272 pp., ISBN: 978 1 78026 257 4, £9.99, paperback.",NA,https://doi.org/10.1111/bjir.12184,0.46686697
bjir,2016,"The Autonomy of Labour Law, edited by AlanBogg, CathrynCostello, A.C.L.Davies and JeremiasPrassl. Hart, Oxford, 2015, 442 pp., ISBN: 9781849466219, £60.00, hardback.New Frontiers in Empirical Labour Law Research, edited by AmyLudlow and AlysiaBlackham. Hart, Oxford, 2015, 224 pp., ISBN: 9781849466783, £50.00, hardback.",NA,https://doi.org/10.1111/bjir.12185,0.4658683
bjir,2016,"Capitalism and the Political Economy of Work, by ChristophHermann. Routledge, London, 2015, 236 pp., ISBN: 9780415810234, $145.00, hardback.",NA,https://doi.org/10.1111/bjir.12183,0.46543932
bjir,2016,"Market Expansion and Social Dumping in Europe, edited by MagdalenaBernaciak. Routledge, London, 2015, 272 pp., ISBN: 978‐1‐13‐878714‐8, Price $145.00, hardback",NA,https://doi.org/10.1111/bjir.12176,0.46528843
ej,2015,Keynesian Controversies on Wages,"In The General Theory, Keynes advanced two hypotheses about movements in wages and urged their empirical investigation. John Dunlop, Lorie Tarshis and Henry Richardson responded to this call with articles published in the Economic Journal in the late 1930s. In turn, Keynes replied to their findings. This exchange is described and the subsequent literature on the cyclical movement of real wages and the rigidity of money wages is outlined.",https://doi.org/10.1111/ecoj.12201,0.46251565
jpam,2010,The need for institutions,NA,https://doi.org/10.1002/pam.20515,0.45554948
jpam,2010,Expanding work programs in child support: Whether and how,NA,https://doi.org/10.1002/pam.20511,0.45554948
ei,2016,UNDERSTANDING THE COSTS OF CONSUMER DURABLE ADJUSTMENTS,"This article examines whether adjustment frictions help account for the patterns of household consumption expenditures observed in the Consumer Expenditure Survey, namely, that the variance of log durable expenditure is four times larger than that of log nondurable expenditure for annual data and this gap substantially widens for quarterly data. Estimating a structural model of household consumption with nondurable and durable goods with the simulated method of moments, I find that the fixed costs associated with durable adjustments are important in matching the cross‐sectional moments. Using the estimated model, I also examine the response of nondurable and durable expenditures to income shocks. ( JEL D12, D91, E21)",https://doi.org/10.1111/ecin.12333,0.4469325
bjir,2016,"Worker Resistance and Media: Challenging Global Corporate Power in the 21st Century, by LinaDencik and PeterWilkin. Peter Lang, New York, 2015, 260 pp., ISBN 9781433124990, £98.00, hardback.",NA,https://doi.org/10.1111/bjir.12178,0.44568282
aejp,2016,Political Economy of Redistribution in the United States in the Aftermath of World War II—Evidence and Theory,"We present legislative, historical and statistical evidence of a substantial upward ratchet in transfers and taxes in the US due to World War II. This finding is explained within a political-economy framework with defense spending responding to a war threat and a median voter in the population who interacts with a (richer) agenda setter in Congress in setting redistribution. While the setter managed to cap redistribution before the War, the War itself raised the status quo tax burden and improved tax collection technology, strengthening the bargaining power of the median voter as defense spending receded. This permanently raised the level of redistribution. (JEL D72, H11, H23, H56, N32, N42)",https://doi.org/10.1257/pol.20140193,0.4345571
ir,2018,The Relationship Between Union Membership and Net Fiscal Impact,"This paper develops the first evidence on how individuals’ union membership status affects their net fiscal impact, the difference between taxes they pay and cost of public benefits they receive, enriching our understanding of how labor relations interacts with public economics. Current Population Survey data between 1994 and 2015 in pooled cross‐sections and individual first‐difference models yield evidence that union membership has a positive net fiscal impact through the worker‐level channels studied.",https://doi.org/10.1111/irel.12224,0.41570655
bjir,2011,Union Revitalization in Advanced Economies. Assessing the Contribution of Union Organizing - Edited by Gregor Gall,NA,https://doi.org/10.1111/j.1467-8543.2010.00843_5.x,0.4056512
bjir,2011,"Managing the Margins - Gender, Citizenship, and the International Regulation of Precarious Employment - By Leah F Vosko",NA,https://doi.org/10.1111/j.1467-8543.2010.00843_4.x,0.4056512
bjir,2011,What's the Point of Industrial Relations? In Defence of Critical Social Science - Edited by Ralph Darlington,NA,https://doi.org/10.1111/j.1467-8543.2010.00842_8.x,0.40189028
bjir,2011,"Managing in the Modern Corporation: The Intensification of Managerial Work in the USA, UK and Japan - By John Hassard, Leo McCann and Jonathan Morris",NA,https://doi.org/10.1111/j.1467-8543.2010.00843_8.x,0.40189028
bjir,2012,Working Life: Renewing Labour Process Analysis – Edited by Paul Thompson and Chris Smith,NA,https://doi.org/10.1111/j.1467-8543.2011.00879_4.x,0.3552165
bjir,2012,From Servants to Workers - South African Domestic Workers and the Democratic State - By Shireen Ally,NA,https://doi.org/10.1111/j.1467-8543.2011.00879_2.x,0.3535735
bjir,2012,Power in Coalition — Strategies for Strong Unions and Social Change – By Amanda Tattersall,NA,https://doi.org/10.1111/j.1467-8543.2011.00879.x,0.3535735
ilr,2017,Book Review: On <i>Myth and Measurement</i>,NA,https://doi.org/10.1177/0019793917696309c,0.31874976
ilr,2017,Book Review: <i>Myth and Measurement</i> by David Card and Alan B. Krueger: Introduction to a Retrospective Symposium,NA,https://doi.org/10.1177/0019793917696309,0.3158684
ilr,2011,"Book Review: Globalization, Employment, and Labor Standards: Labor in the Era of Globalization",NA,https://doi.org/10.1177/001979391106400410,0.30145895
ir,2015,"Selected by the Institute for Research on Labor and Employment Library University of California, Berkeley",NA,https://doi.org/10.1111/irel.12114,0.29652524
ilr,2014,Introduction to the U.S. Department of Labor Centennial Symposium,NA,https://doi.org/10.1177/00197939140670s301,0.2964606
le,2014,"Comments on ""What do labor market institutions do?""",NA,https://doi.org/10.1016/j.labeco.2014.07.013,0.2905312
ilr,2010,Book Review: Labor and Employment Law: Regoverning the Workplace: From Self-Regulation to Co-Regulation,NA,https://doi.org/10.1177/001979391006400112,0.28905222
ilr,2014,"Celebrating Relevant, Reliable, and Objective Labor Market Statistics","The author, an economist and former commissioner of the U.S. Bureau of Labor Statistics (BLS), looks at the history of the U.S. Department of Labor, focusing on its role of providing accurate statistics about the U.S. economy and labor market. She outlines the creation of the department and of the BLS, citing its first commissioner, Carroll Wright. She discusses the BLS's effort to ensure its statistics are developed in a manner that is objective and free of political influence. Other topics include the Consumer Price Index (CPI) and episodes involving remarks by former U.S. Secretary of Labor Robert Reich and former General Electric Co. head Jack Welch about U.S. unemployment statistics released by the BLS.",https://doi.org/10.1177/00197939140670s302,0.28867215
jpe,2015,Preface,NA,https://doi.org/10.1086/680415,0.2849769
bjir,2015,"The Fissured Workplace: Why Work Became So Bad for So Many and What Can Be Done to Improve It, edited by DavidWeil. Harvard University Press, Cambridge, MA, 2014, 424 pp., ISBN: 978 0 67472 544 7, £22.95, hardback.",NA,https://doi.org/10.1111/bjir.12099,0.28224936
jhr,2015,"Wages, Youth Employment, and School Enrollment","René Morissette, Ping Ching Winnie Chan and Yuqian Lu",https://doi.org/10.3368/jhr.50.1.222,0.25131688
ilr,2015,Book Review: New Labor in New York: Precarious Workers and the Future of the Labor Movement,NA,https://doi.org/10.1177/0019793915587290,0.24794236
ir,2013,Call for Papers,NA,https://doi.org/10.1111/irel.12035,0.24755952
ir,2014,"Selected by the Institute for Research on Labor and Employment Library University of California, Berkeley",NA,https://doi.org/10.1111/irel.12085,0.24198972
ilr,2018,"Book Review: <i>Informal Workers and Collective Action: A Global Perspective</i> Edited by Adrienne E. Eaton, Susan J. Schurman, and Martha A. Chen",NA,https://doi.org/10.1177/0019793918791141,0.24111512
ilr,2015,Book Review: When Mandates Work: Raising Labor Standards at the Local Level,NA,https://doi.org/10.1177/0019793915575516,0.2362752
bjir,2016,"Invisible in Austin: Life and Labor in an American City, edited by JavierAuyero. University of Texas Press, Austin, TX, 2015, 280 pp., ISBN: 9781477303641, £52.00, hardback.",NA,https://doi.org/10.1111/bjir.12206,0.23488031
jae,2018,Issue Information,No abstract is available for this article.,https://doi.org/10.1002/jae.2597,0.23342398
ilr,2018,Book Review: <i>Making Immigrant Rights Real: Nonprofits and the Politics of Integration in San Francisco</i> by Els de Graauw,NA,https://doi.org/10.1177/0019793918775713,0.23044127
el,2015,Minimum prices in a model with search frictions and price posting,NA,https://doi.org/10.1016/j.econlet.2015.07.025,0.22745726
ilr,2017,"Book Review: The Economics of Women, Men, and Work by Francine D. Blau and Anne E. Winkler",NA,https://doi.org/10.1177/0019793917738530,0.22704557
ilr,2014,"Book Review: Global Unions, Local Power: The New Spirit of Transnational Labor Organizing",NA,https://doi.org/10.1177/001979391406700211,0.22683585
bjir,2018,"On New Terrain: How Capital is Reshaping the Battleground of Class War, by KimMoody. Haymarket Books, Chicago, IL, 2017, 304 pp., ISBN: 9781608468461, $18.00, paperback.",NA,https://doi.org/10.1111/bjir.12422,0.22653517
bjir,2018,"Beyond $15: Immigrant Workers, Faith Activists, and the Revival of the Labor Movement, by JonathanRosenblum. Beacon Press, Boston, MA, 2017, 208 pp., ISBN: 978‐080709812‐7, $16, paperback.",NA,https://doi.org/10.1111/bjir.12425,0.22644213
bjir,2018,"Rights, Not Interests: Resolving Value Clashes under the National Labor Relations Act, by James A.Gross, ILR Press, Ithaca, NY, 2017, 248 pp., ISBN: 978‐1501714252, Price £34.00",NA,https://doi.org/10.1111/bjir.12431,0.22644213
bjir,2018,"Karl Polanyi: A Life on the Left, by GarethDale. Columbia University Press, New York, 2017, 400 pp., ISBN: 9780231176095, $27.00, paperback.",NA,https://doi.org/10.1111/bjir.12414,0.22602347
bjir,2018,"An Introduction to U.S. Collective Bargaining and Labor Relations, by Harry C.Katz, Thomas A.Kochan and Alexander J.S.Colvin. ILR Press, Ithaca, NY, 2017, 496 pp., ISBN: 9781501713866, $189.95, hardback.",NA,https://doi.org/10.1111/bjir.12415,0.22602347
ilr,2016,Book Review: Caring for America: Home Health Workers in the Shadow of the Welfare State,NA,https://doi.org/10.1177/0019793916649940,0.22370629
ir,2017,"Selected by the Institute for Research on Labor and Employment Library University of California, Berkeley",NA,https://doi.org/10.1111/irel.12177,0.22263616
bjir,2013,"Quiet Politics and Business Power, by Pepper D.Culpepper, Cambridge University Press, New York, 2010, 248 pp., ISBN 978 0521118590, £55.00, hardback.","China's structural changes occur in two parallel paces.Profound shifts initiated by political elites take place suddenly, while significant though less dramatic ones percolate upward through the capillaries that connect society, the economy and the state.These two volumes chart the latter in the arena of labour relations.China's Changing Workplace -something of a mistitle, as it hardly mentions workplace and labour process issues -covers a wide range of labour market and human resource questions.The overall theme is, not surprisingly, the variegated practices in different parts of the country and the different stages of transition from state socialism to a somewhat distinctive if still highly segmented Chinese capitalism.Indeed, the editors have the temerity to ask just when 'transition' gives way to a sustainable new form of political economy, which they believe to be taking root in some parts of the country.An opening section contains chapters that provide useful overviews and contexts on labour markets and human management practices, business systems, and legislation and institutions.That is followed by five chapters on labour markets that underscore a number of important new developments that are often overlooked.China still possesses what Marx called large 'latent' reserve armies of unskilled or semi-skilled industrial labour, both in the countryside and among urban school-leavers, 'stagnant' reserves of long-term unemployed and unemployable laid-off workers in rustbelt zones, and 'floating' pools of underemployed looking for work.The government speaks often and urgently of its need to maintain at least 7 per cent annual economic growth in order to avert a social and political crisis sparked by unemployment.Yet China's Changing Workplace looks closely at the other side of this labour market dialectic: the often severe shortage of skilled labour.China is often hailed, and rightfully so, for its highly educated and literate labour force; indeed, many observers credit educational gains going back even to the Maoist era for the success of the post-Maoist economy.Yet China's Changing Workplace takes the country to task for an irrational system that places too much emphasis on general education and too little on focused technical and vocational training fine-tuned to the needs of local labour markets.This leaves employers holding the bag for training their own workforces, a bs_bs_banner",https://doi.org/10.1111/bjir.12013_4,0.22095679
el,2012,Decomposing abnormal returns in stochastic linear models,NA,https://doi.org/10.1016/j.econlet.2012.09.035,0.21983498
ilr,2017,The 70th Anniversary of the <i>ILR Review</i>,NA,https://doi.org/10.1177/0019793917723580,0.21884
ee,2017,Detecting which firm-specific characteristics impact market-oriented R&amp;D,NA,https://doi.org/10.1007/s00181-017-1340-4,0.21567273
ir,2011,"Selected by the Institute for Research on Labor and Employment Library University of California, Berkeley",NA,https://doi.org/10.1111/j.1468-232x.2011.00652.x,0.21133474
ilr,2013,"Book Review: Gender, Inequality, and Wages",NA,https://doi.org/10.1177/001979391306600210,0.2088213
ilr,2018,Book Review: <i>Where Bad Jobs Are Better: Retail Jobs Across Countries and Companies</i> by Françoise Carré and Chris Tilly,NA,https://doi.org/10.1177/0019793918804811,0.20628077
ilr,2018,Book Review: <i>Precarious Claims: The Promise and Failure of Workplace Protections in the United States</i> by Shannon Gleeson,NA,https://doi.org/10.1177/0019793918779897,0.20339367
ilr,2014,Book Review: The Political Economy of the Service Transition,NA,https://doi.org/10.1177/001979391406700111,0.20245364
ilr,2012,Book Review: Good Jobs America: Making Work Better for Everyone,NA,https://doi.org/10.1177/001979391206500212,0.20193791
ilr,2012,"Book Review: Labor and Employment Law: Managing the Margins: Gender, Citizenship, and the International Regulation of Precarious Employment",NA,https://doi.org/10.1177/001979391206500113,0.20177746
bjir,2015,"Voices at Work: Continuity and Change in the Common Law World, edited by AlanBogg and ToniaNovitz. Oxford University Press, Oxford, 2014, 528 pp., ISBN: 978 0 19 968313 0, £70.00, hardback.Creative Labour Regulation: Indeterminacy and Protection in an Uncertain World, edited by DeirdreMcCann, SangheonLee, PatrickBelser, ColinFenwick, JohnHowe and MalteLuebker. International Labour Organization, Geneva, 2014, 302 pp., ISBN: 978 92 2 127820 7, £65.00, hardback.Rethinking Workplace Regulation: …",NA,https://doi.org/10.1111/bjir.12110,0.20038807
ilr,2011,Book Review: Economic and Social Security and Substandard Working Conditions: Repairing the U.S. Safety Net,NA,https://doi.org/10.1177/001979391106400210,0.20001592
bjir,2017,"Left‐of‐Centre Parties and Trade Unions in the Twenty‐First Century, edited by Elin HaugsgjerdAllern and TimBale. Oxford University Press, Oxford, 2017, 432 pp., ISBN: 9780198790471, $136.50, hardback.",NA,https://doi.org/10.1111/bjir.12259,0.19948027
ilr,2017,Book Review: Shaping the Future of Work: A Handbook for Action and a New Social Contract,NA,https://doi.org/10.1177/0019793917724421,0.19948027
eer,2016,Introduction to the special issue on European labor market issues,NA,https://doi.org/10.1016/j.euroecorev.2016.02.001,0.19916287
le,2017,Search in macroeconomics 14 essays in honor of Chris Pissarides,NA,https://doi.org/10.1016/j.labeco.2017.12.001,0.19908297
ilr,2013,Book Review: Reforming Asian Labor Systems: Economic Tensions and Worker Dissent,"A review is presented of the book Reforming Asian Labor Systems: Economic Tensions & Worker Dissent, by Frederic C. Deyo.",https://doi.org/10.1177/001979391306600517,0.19781226
ilr,2018,"Book Review: <i>The Politics of Immigration: Partisanship, Demographic Change, and American National Identity</i> by Tom K. Wong",NA,https://doi.org/10.1177/0019793918775714,0.19673479
ilr,2013,Book Review: Where are All the Good Jobs Going? What National and Local Job Quality and Dynamics Mean for U.S. Workers,"The article reviews the book Where Are All the Good Jobs Going? What National and Local Job Quality and Dynamics Mean for U.S. Workers, by Harry J. Holzer, Julia I. Lane, David B. Rosenblum and Fredrik Andersson.",https://doi.org/10.1177/001979391306600413,0.19391613
ilr,2014,"Book Review: The Chicken Trail: Following Workers, Migrants, and Corporations across the Americas",NA,https://doi.org/10.1177/001979391406700212,0.1925084
ilr,2018,Book Review: <i>Trajectories of Neoliberal Transformation: European Industrial Relations since the 1970s</i> by Lucio Baccaro and Chris Howell,NA,https://doi.org/10.1177/0019793917748917,0.19194925
ilr,2018,Book Review: <i>The Rise of the Working-Class Shareholder: Labor’s Last Best Weapon</i> by David Webber,NA,https://doi.org/10.1177/0019793918804813,0.19181164
ilr,2014,Book Review: Behind the Kitchen Door,NA,https://doi.org/10.1177/0019793914546308,0.18803054
ilr,2018,Book Review: <i>Who Will Care for Us? Long-Term Care and the Long-Term Workforce</i> by Paul Osterman,NA,https://doi.org/10.1177/0019793918764441,0.18753994
bjir,2015,"Social Security and Pension Reform: International Perspectives, edited by MarekSzczepanski and John A.Turner. Upjohn Institute, Kalamazoo, 2014, 345 pp., ISBN: 9780880994682, Price $40.00, hardback.",NA,https://doi.org/10.1111/bjir.12146,0.18377507
jpam,2011,Introduction to the research articles,NA,https://doi.org/10.1002/pam.20633,0.18340005
cje,2018,"On‐the‐job‐search, wage dispersion and trade liberalization","Abstract This paper builds a dynamic, general equilibrium, open economy model that allows for ex ante homogeneous workers to experience different wage growth before and after trade liberalization. Key features of our model include a product market composed of heterogeneous firms and a labour market characterized by directed, on‐the‐job‐search and dynamic contracts. We characterize the complementarity of these two sources of wage dispersion in an open economy setting where trade liberalization affects the endogenous equilibrium set of producers and the structure of wages. We find that worker job‐to‐job transitions, through on‐the‐job search, increases the impact of trade liberalization on wage dispersion by 4%. Résumé Recherche d’emploi en cours d’emploi, dispersion des salaires et libéralisation du commerce . Ce mémoire construit un modèle dynamique d’équilibre général d’une économie ouverte qui permet à des travailleurs ex ante homogènes de faire l’expérience de croissance différente des salaires avant et après la libéralisation du commerce. Les caractéristiques importantes du modèle incluent un marché du produit composé de firmes hétérogènes et un marché du travail caractérisé par une recherche dirigée d’emploi en cours d’emploi et des contrats de salaires dynamiques. On caractérise la complémentarité de ces deux sources de dispersion des salaires dans une économie ouverte où la libéralisation du commerce affecte l’équilibre endogène de l’ensemble des producteurs et la structure des salaires. On découvre que les transitions d’emploi à emploi des travailleurs, via la recherche d’emploi en cours d’emploi, accroîssent l’impact de la libéralisation du commerce sur la dispersion des salaires de 4 %.",https://doi.org/10.1111/caje.12327,0.18323769
el,2017,A multi-item auction with budget-constrained bidders and price controls,NA,https://doi.org/10.1016/j.econlet.2017.03.012,0.18126373
bjir,2015,"Firm Commitment: Why the Corporation Is Failing Us and How to Restore Trust in It, by ColinMayer. Oxford University Press, Oxford, 2013, 320 pp., ISBN: 978 0 19 966993 6, £16.99, paperback.",NA,https://doi.org/10.1111/bjir.12167,0.17926161
bjir,2015,"The Unfolding of American Labor Law: Judges, Workers and Public Policy across Two Political Generations, 1790–1850, by JeffreyKahana. LFB Scholarly Publishing, El Paso, TX, 2014, 350 pp., ISBN: 978‐1‐59332‐580‐0, $85.00, hardback.",NA,https://doi.org/10.1111/bjir.12157,0.17926161
bjir,2015,"The Utopia of Rules: On Technology, Stupidity, and the Secret Joys of Bureaucracy, by DavidGraeber. Melville House, New York, 2014, 261 pp., ISBN: 9781612193748, $21.55, hardback.",NA,https://doi.org/10.1111/bjir.12158,0.17876196
bjir,2015,"Gender and Leadership in Unions, by GillKirtonand GeraldineHealy. Routledge, New York, 2013, 290 pp., £90.00, hardback",NA,https://doi.org/10.1111/bjir.12153,0.17856929
bjir,2015,"What Works for Workers? Public Policies and Innovative Strategies for Low Wage Workers, edited by StephanieLuce, JenniferLuff, Joseph A.McCartin and RuthMilkman. Russell Sage Foundation, New York, 2014, 362 pp., ISBN: 978-0-87154-571-8, $47.50, paperback.",NA,https://doi.org/10.1111/bjir.12154,0.17828527
bjir,2015,"New Labor in New York: Precarious Workers and the Future of the Labor Movement, edited by RuthMilkman and EdOtt. Ithaca, NY: ILR Press, 2014, 352 pp. ISBN: 978‐0‐8104‐7937‐3, paperback.",NA,https://doi.org/10.1111/bjir.12134,0.17813206
bjir,2015,"Workers and Labour in a Globalised Capitalism, edited by MaurizioAtzeni.Palgrave Macmillan, Basingstoke, 2013, 264 pp., ISBN: 978 0 23030 317 1, £28.99, paperback.",NA,https://doi.org/10.1111/bjir.12145,0.17786048
bjir,2015,"If We Can Win Here: The New Front Lines of the Labor Movement, by FranQuigley. ILR Press, Ithaca, NY, 2015, 224 pp., ISBN: 978‐0‐8014‐5655‐8, $79.95, hardback.",NA,https://doi.org/10.1111/bjir.12156,0.17786048
ilr,2014,Book Review: The Transformation of Employment Relations in Europe: Institutions and Outcomes in the Age of Globalization,NA,https://doi.org/10.1177/0019793914537462,0.17467844
jep,2018,Recommendations for Further Reading,NA,https://doi.org/10.1257/jep.32.2.223,0.16910106
bjir,2016,"Labour and Transnational Action in Times of Crisis, edited by AndreasBieler, RolandErne, DarraghGolden, IdarHelle, KnutKjeldstadli, TiagoMatos and SabinaStan. Rowman & Littlefield International, London, 2015, 268 pp., ISBN: 9781783482771, £80, hardback an",NA,https://doi.org/10.1111/bjir.12181,0.16573961
jep,2014,Recommendations for Further Reading,NA,https://doi.org/10.1257/jep.28.4.227,0.1637957
jpam,2018,CAN BENEFITS AND INCENTIVES PROMOTE WORK?,NA,https://doi.org/10.1002/pam.22075,0.16329199
jep,2017,Recommendations for Further Reading,NA,https://doi.org/10.1257/jep.31.4.229,0.15998651
bjir,2013,"Social Pacts in Europe: Emergence, Evolution, and Institutionalization, edited by SabinaAvdagic, MartinRhodes and JelleVisser. Oxford University Press, Oxford, 2011, 336 pp., ISBN 978 0 19 959074 2, £58.00, hardback.",NA,https://doi.org/10.1111/bjir.12013_6,0.15147012
bjir,2013,"From Iron Rice Bowl to Informalization: Markets, Workers, and the State in a Changing China, edited by SaroshKuruvilla, Ching KwanLee and MaryGallagher. Cornell University Press, Ithaca, NY, 2011, 248 pp., ISBN 978 0 8014 5024 2, US$39.95, hardback.Walmart in China, edited by AnitaChan. Cornell University Press, Ithaca, NY, 2011, 304 pp., ISBN 978 0 8014 7731 7, US$24.95, paperback.",NA,https://doi.org/10.1111/bjir.12013_2,0.15082224
bjir,2013,"Disintegrating Democracy at Work: Labor Unions and the Future of Good Jobs in the Service Economy, by VirginiaDoellgast. ILR Press, Ithaca, NY, 2012, 272 pp., ISBN 978 0 8014 5047 1, $65.00, hardback.",NA,https://doi.org/10.1111/bjir.12013_5,0.15080048
bjir,2013,"The Thought of Work, by JohnBudd. Cornell University Press, Ithaca, NY, 2011, 264 pp., ISBN 978 0 8014 7761 4, US$24.95, paperback.",NA,https://doi.org/10.1111/bjir.12013_3,0.15051542
bjir,2013,"The 1926 Miners' Lockout: Meanings of Community in the Durham Coalfield, by HesterBarron. Oxford University Press, Oxford, 2010, 314 pp., ISBN 0 19 957504 6, £65.00, hardback.",NA,https://doi.org/10.1111/bjir.12013_8,0.15051542
bjir,2013,"The Political Economy of Collective Skill Formation, edited by Marius R.Busemeyer and ChristineTrampusch. Oxford University Press, New York, 2011, 392 pp., ISBN 978 0 19 959943 1, £60.00, hardback.",NA,https://doi.org/10.1111/bjir.12013_7,0.15049377
obes,2017,Deregulating Overtime Hours Restrictions on Women and its Effects on Female Employment: Evidence from a Natural Experiment in Japan,"This paper provides novel evidence on the effect of deregulating overtime hours restrictions on women by using the 1985 Amendments to the Labour Standards Act (LSA) in Japan as a natural experiment. The original LSA of 1947 prohibited women from working overtime exceeding two hours a day; six hours a week; and 150 hours a year. The 1985 Amendments exempted a variety of occupations and industries from such an overtime restriction on women. Applying a difference-in-difference model to census data, we find causal evidence pointing to the positive effect of this particular piece of labour market deregulation on the proportion of female employment. We then carry out a series of sensitivity analyses to ensure the robustness of our finding. Especially, we conduct a falsification test and an event study to show that our causal inference is not threatened by the differential pretreatment trends. Finally, we use quantile regressions and find that for jobs with more rapidly growing proportion of female employment, the effect of the exemption from the overtime work restriction on women is larger.",https://doi.org/10.1111/obes.12221,0.12921757
ei,2016,A THEORY OF TURNOVER AND WAGE DYNAMICS,"We develop a model of turnover and wage dynamics with insurance, match‐specific productivity, and long‐term contracting. The model predicts that wages are downward rigid within firms but can decrease when workers are fired. We apply the model to study the impact of business cycles on subsequent wages and job mobility. Workers hired during a boom have persistent higher future wages if staying with the same firm. However, these boom hires are more likely to be terminated and have shorter employment spells. ( JEL C73, D23, D82, J33)",https://doi.org/10.1111/ecin.12384,0.11820862
labour,2011,The Firm as a Means of Concealing Information,"The aim of this paper is to demonstrate that a firm may owe its continued existence to its attempts to conceal information from its competitors about the unknown characteristics of a certain factor, not just to its savings on market transaction costs, its team-working, risk-sharing, or the encouragement of ex ante specific investment. This is because the existence of a firm contract severs the relationship between the factor market and the product market, thereby making it difficult for outsiders to observe the marginal contribution of the intermediate factor and make statistical inferences about the factor's unknown characteristics. Furthermore, an optimal contract is determined by a trade-off not only between traditional risk-sharing and incentive, but also between the incentive and information concealing. Finally, we show that this latter kind of trade-off also affects the position of the optimal boundary of the firm.",https://doi.org/10.1111/j.1467-9914.2011.00529.x,0.1137391
bjir,2016,"Labor Standards in International Supply Chains: Aligning Rights and Incentives, by DanielBerliner, Anne ReganGreenleaf, MilliLake, MargaretLevi and JenniferNoveck. Edward Elgar, Cheltenham, 2015, 224 pp., ISBN 978 1 78347 035 8, $110.00, hardback",NA,https://doi.org/10.1111/bjir.12174,0.11195463
bjir,2016,"Non‐Standard Employment in Post‐Industrial Labour Markets: An Occupational Perspective, edited by WernerEichhorst and PaulMarx. Edward Elgar, Cheltenham, 2015, 435 pp., ISBN 978‐1‐78100‐171‐4, £105, hardback",NA,https://doi.org/10.1111/bjir.12173,0.11184591
bjir,2016,"Finding a Voice at Work? New Perspectives on Employment Relations, edited by StewartJohnstone and PeterAckers. Oxford University Press, Oxford, 2015, 336 pp., ISBN 978‐0‐19‐966801‐4, £24.99, hardback",NA,https://doi.org/10.1111/bjir.12171,0.11173312
bjir,2016,"Young Workers and Trade Unions: A Global View, edited by AndyHodder and LefterisKretsos. Palgrave Macmillan, London, UK, 2015, 224 pp., ISBN: 978 1 13742 951 3, £67.00, hardback.",NA,https://doi.org/10.1111/bjir.12177,0.111395806
bjir,2016,"European Social Models from Crisis to Crisis: Employment and Inequality in the Era of Monetary Integration, edited by Jon ErikDølvik and AndrewMartin. Oxford University Press, Oxford, 2015, 464 pp., ISBN 978‐0‐19‐871796‐6, £60.00, hardbackGoverning Social Risks in Post‐Crisis Europe, edited by ColinCrouch. Edward Elgar, Cheltenham, 2015, 320 pp., ISBN 978 1 78100 400 5, $135.00, hardback",NA,https://doi.org/10.1111/bjir.12172,0.1111044
bjir,2010,Worth Fighting For: Inside the ‘Your Rights at Work’ Campaign – By Kathie Muir,NA,https://doi.org/10.1111/j.1467-8543.2009.00777_3.x,0.11088583
bjir,2010,The Politics of Unemployment in Europe — Policy Responses and Collective Action – Edited by Marco Giugni,NA,https://doi.org/10.1111/j.1467-8543.2009.00777_4.x,0.11079636
bjir,2010,Industrial Relations in Africa – Edited by Geoffrey Wood and Chris Brewster,NA,https://doi.org/10.1111/j.1467-8543.2009.00777_10.x,0.110673696
bjir,2010,Community Unionism. A Comparative Analysis of Concepts and Contexts – Edited by Jo McBride and Ian Greenwood,NA,https://doi.org/10.1111/j.1467-8543.2009.00777_9.x,0.110643536
bjir,2010,"Employment Policy in the European Union — Origins, Themes and Prospects – Edited by Michael Gold",NA,https://doi.org/10.1111/j.1467-8543.2009.00777_7.x,0.110643536
bjir,2010,"Ethnicity and Gender at Work. Inequalities, Careers and Employment Relations – By Harriet Bradley and Geraldine Healy",NA,https://doi.org/10.1111/j.1467-8543.2009.00777_6.x,0.110643536
bjir,2010,"The Sage Handbook of Industrial Relations – Edited by Paul Blyton, Nicolas Bacon, Jack Fiorito and Edmund Heery",NA,https://doi.org/10.1111/j.1467-8543.2009.00777_1.x,0.110510945
bjir,2010,Why the Garden Club Couldn't Save Youngstown - The Transformation of the Rust Belt - By Sean Safford,NA,https://doi.org/10.1111/j.1467-8543.2009.00777_2.x,0.11022279
bjir,2010,"Global Unions, Global Business: Global Union Federations and International Business – By Richard Croucher and Elizabeth Cotton",NA,https://doi.org/10.1111/j.1467-8543.2009.00777_5.x,0.11022279
bjir,2012,"The Precariat: The New Dangerous Class, by GuyStanding. Bloomsbury Academic, London, 2011, 198 pp., ISBN: 9781849663519, £19.99, paperback.",NA,https://doi.org/10.1111/j.1467-8543.2012.00911.x,0.10913241
bjir,2012,"Casino Women: Courage in Unexpected Places, by SusanChandler and Jill B.Jones. Cornell University Press, Ithaca, NY, 2011, 240 pp., ISBN: 978 0 8014 5014 3, $29.00, hardback.",NA,https://doi.org/10.1111/j.1467-8543.2012.00911_6.x,0.10913241
bjir,2012,"Good Jobs America: Making Work Better for Everyone, by PaulOsterman and BethSchulman. Russell Sage Foundation, New York, 2011, 181 pp., ISBN: 978 0 87154 663 0, $24.95, paperback.",NA,https://doi.org/10.1111/j.1467-8543.2012.00911_5.x,0.10873778
bjir,2012,"Radical Left Parties in Europe, by LukeMarch. Routledge, Abingdon, 2011, 275 pp. ISBN: 978 0 415 42560 5, £75.00, hardback.",NA,https://doi.org/10.1111/j.1467-8543.2012.00911_8.x,0.10864514
bjir,2012,"Labor Rights and Multinational Production, by LaynaMosley. Cambridge University Press, Cambridge, 2011, 306 pp. ISBN: 978 0 521694414, £19.99, paperback; ISBN: 978 0 521872812, £55.00, hardback.",NA,https://doi.org/10.1111/j.1467-8543.2012.00911_4.x,0.10864514
bjir,2012,"NAFTA and the Politics of Labor Transnationalism, by TamaraKay. Cambridge University Press, Cambridge, 2011, 310 pp., ISBN: 978 0 521 132954, £19.99 (US$29.99), paperback; ISBN: 987 0 521 76287 8, £55.00 (US$90.00), hardback.",NA,https://doi.org/10.1111/j.1467-8543.2012.00911_3.x,0.10835597
bjir,2012,"Social Failures of EU Enlargement: A Case of Workers Voting with their Feet, by GuglielmoMeardi. Routledge, New York, 2012, 230 pp., ISBN: 978 0 415 80679 4, £80.00 ($125.00), hardback.",NA,https://doi.org/10.1111/j.1467-8543.2012.00911_7.x,0.10835597
bjir,2012,"Outcast Labour in Asia — Circulation and Informalization of the Workforce at the Bottom of the Economy, by JanBreman. Oxford University Press, India, 2010, 391 pp., ISBN: 978 019 806632 3, US$59.95, hardback.",NA,https://doi.org/10.1111/j.1467-8543.2012.00911_2.x,0.10823722
bjir,2011,"Workers and Intellectuals - NGOs, Trade Unions and the Indonesian Labour Movement - By Michele Ford",NA,https://doi.org/10.1111/j.1467-8543.2010.00842_2.x,0.1014128
bjir,2011,The Democratic Aspects of Trade Union Recognition - By Alan Bogg,NA,https://doi.org/10.1111/j.1467-8543.2010.00842_7.x,0.1014128
bjir,2011,"Gender and the Contours of Precarious Employment - Edited by Leah F. Vosko, Martha MacDonald and Iain Campbell",NA,https://doi.org/10.1111/j.1467-8543.2010.00842_6.x,0.10138887
bjir,2011,Smiling Down the Line: Info-Service Work in the Global Economy - By Bob Russell,NA,https://doi.org/10.1111/j.1467-8543.2010.00842_4.x,0.10108335
bjir,2011,Collective Bargaining in Brazil - A Study on Joint Regulation of the Employment Relationship in Manufacturing - By Carlos Henrique Horn,NA,https://doi.org/10.1111/j.1467-8543.2010.00842.x,0.10108335
bjir,2011,Blunting Neoliberalism - Tripartism and Economic Reforms in the Developing World - Edited by Lydia Fraile,NA,https://doi.org/10.1111/j.1467-8543.2010.00843_6.x,0.10108335
bjir,2011,Sustainable Prosperity in the New Economy? Business organization and high-tech employment in the United States - By William Lazonick,NA,https://doi.org/10.1111/j.1467-8543.2010.00843_2.x,0.10108335
bjir,2011,Workplace Flexibility - Realigning 20th Century Jobs for a 21st Century Workforce - Edited by Kathleen Christensen and Barbara Schneider,NA,https://doi.org/10.1111/j.1467-8543.2010.00843_3.x,0.10108335
bjir,2011,Hired Hands or Human Resources? - Case Studies of HRM Programs and Practices in Early American Industry - By Bruce E. Kaufman,NA,https://doi.org/10.1111/j.1467-8543.2010.00843_7.x,0.10108335
bjir,2011,The Next Available Operator - Edited by Mohan Thite and Bob Russell,NA,https://doi.org/10.1111/j.1467-8543.2010.00842_3.x,0.10047257
bjir,2012,Union Learning Representatives: Challenges and Opportunities – Edited by Alex Alexandrou,NA,https://doi.org/10.1111/j.1467-8543.2011.00879_8.x,0.09301363
bjir,2012,"Who Needs Migrant Workers? Labour Shortages, Immigration and Public Policy - Edited by Martin Ruhs and Bridget Anderson",NA,https://doi.org/10.1111/j.1467-8543.2011.00879_10.x,0.09301363
bjir,2012,"People at Work — Life, Power and Social Inclusion in the New Economy – Edited by Marjorie L. DeVault",NA,https://doi.org/10.1111/j.1467-8543.2011.00879_3.x,0.09259097
bjir,2012,The Challenge of Labour in China - Strikes and the Changing Labour Regime in Global Factories - By Chris King-Chi Chan,NA,https://doi.org/10.1111/j.1467-8543.2011.00879_7.x,0.09259097
bjir,2012,"Up in the Air - How Airlines Can Improve Performance by Engaging Their Employees - By Greg J. Bamber, Jody Hoffer Gittell, Thomas A. Kochan and Andrew von Nordenflycht",NA,https://doi.org/10.1111/j.1467-8543.2011.00879_5.x,0.088339
